KEY,FREQ,ADJUSTMENT,REF_AREA,COUNTERPART_AREA,REF_SECTOR,COUNTERPART_SECTOR,CONSOLIDATION,ACCOUNTING_ENTRY,STO,INSTR_ASSET,MATURITY,EXPENDITURE,UNIT_MEASURE,CURRENCY_DENOM,VALUATION,PRICES,TRANSFORMATION,CUST_BREAKDOWN,TIME_PERIOD,OBS_VALUE,OBS_STATUS,CONF_STATUS,PRE_BREAK_VALUE,COMMENT_OBS,EMBARGO_DATE,OBS_EDP_WBB,TIME_FORMAT,COLL_PERIOD,COMMENT_TS,COMPILING_ORG,CURRENCY,CUST_BREAKDOWN_LB,DATA_COMP,DECIMALS,DISS_ORG,GFS_ECOFUNC,GFS_TAXCAT,LAST_UPDATE,REF_PERIOD_DETAIL,REF_YEAR_PRICE,REPYEAREND,REPYEARSTART,TABLE_IDENTIFIER,TIME_PER_COLLECT,TITLE,TITLE_COMPL,UNIT_MULT,COMMENT_DSET
GFS.Q.N.I9.W0.S13.S1.C.D.D41._Z._Z._T.XDC._Z.S.V.N._T,Q,N,I9,W0,S13,S1,C,D,D41,_Z,_Z,_T,XDC,_Z,S,V,N,_T,2002-Q1,66515.85,A,F,,,,,P3M,,"Euro area 20 (fixed composition) as of 1 January 2023 - Interest - Debit (Uses) - counterpart area: World (all areas, including reference area, including IO), counterpart sector: Total economy - Consolidated, Current prices, Standard valuation based on SNA/ESA - Domestic currency (incl. conversion to current currency made using a fixed parity), Neither seasonally adjusted nor calendar adjusted data - ESA 2010",4D0,,,,0,,,,,,,,,,S,Government interest expenditure,,6,
GFS.Q.N.I9.W0.S13.S1.C.D.D41._Z._Z._T.XDC._Z.S.V.N._T,Q,N,I9,W0,S13,S1,C,D,D41,_Z,_Z,_T,XDC,_Z,S,V,N,_T,2002-Q2,66453.49,A,F,,,,,P3M,,"Euro area 20 (fixed composition) as of 1 January 2023 - Interest - Debit (Uses) - counterpart area: World (all areas, including reference area, including IO), counterpart sector: Total economy - Consolidated, Current prices, Standard valuation based on SNA/ESA - Domestic currency (incl. conversion to current currency made using a fixed parity), Neither seasonally adjusted nor calendar adjusted data - ESA 2010",4D0,,,,0,,,,,,,,,,S,Government interest expenditure,,6,
GFS.Q.N.I9.W0.S13.S1.C.D.D41._Z._Z._T.XDC._Z.S.V.N._T,Q,N,I9,W0,S13,S1,C,D,D41,_Z,_Z,_T,XDC,_Z,S,V,N,_T,2002-Q3,65289.49,A,F,,,,,P3M,,"Euro area 20 (fixed composition) as of 1 January 2023 - Interest - Debit (Uses) - counterpart area: World (all areas, including reference area, including IO), counterpart sector: Total economy - Consolidated, Current prices, Standard valuation based on SNA/ESA - Domestic currency (incl. conversion to current currency made using a fixed parity), Neither seasonally adjusted nor calendar adjusted data - ESA 2010",4D0,,,,0,,,,,,,,,,S,Government interest expenditure,,6,
GFS.Q.N.I9.W0.S13.S1.C.D.D41._Z._Z._T.XDC._Z.S.V.N._T,Q,N,I9,W0,S13,S1,C,D,D41,_Z,_Z,_T,XDC,_Z,S,V,N,_T,2002-Q4,66991.03,A,F,,,,,P3M,,"Euro area 20 (fixed composition) as of 1 January 2023 - Interest - Debit (Uses) - counterpart area: World (all areas, including reference area, including IO), counterpart sector: Total economy - Consolidated, Current prices, Standard valuation based on SNA/ESA - Domestic currency (incl. conversion to current currency made using a fixed parity), Neither seasonally adjusted nor calendar adjusted data - ESA 2010",4D0,,,,0,,,,,,,,,,S,Government interest expenditure,,6,
GFS.Q.N.I9.W0.S13.S1.C.D.D41._Z._Z._T.XDC._Z.S.V.N._T,Q,N,I9,W0,S13,S1,C,D,D41,_Z,_Z,_T,XDC,_Z,S,V,N,_T,2003-Q1,65407.8,A,F,,,,,P3M,,"Euro area 20 (fixed composition) as of 1 January 2023 - Interest - Debit (Uses) - counterpart area: World (all areas, including reference area, including IO), counterpart sector: Total economy - Consolidated, Current prices, Standard valuation based on SNA/ESA - Domestic currency (incl. conversion to current currency made using a fixed parity), Neither seasonally adjusted nor calendar adjusted data - ESA 2010",4D0,,,,0,,,,,,,,,,S,Government interest expenditure,,6,
GFS.Q.N.I9.W0.S13.S1.C.D.D41._Z._Z._T.XDC._Z.S.V.N._T,Q,N,I9,W0,S13,S1,C,D,D41,_Z,_Z,_T,XDC,_Z,S,V,N,_T,2003-Q2,64631.12,A,F,,,,,P3M,,"Euro area 20 (fixed composition) as of 1 January 2023 - Interest - Debit (Uses) - counterpart area: World (all areas, including reference area, including IO), counterpart sector: Total economy - Consolidated, Current prices, Standard valuation based on SNA/ESA - Domestic currency (incl. conversion to current currency made using a fixed parity), Neither seasonally adjusted nor calendar adjusted data - ESA 2010",4D0,,,,0,,,,,,,,,,S,Government interest expenditure,,6,
GFS.Q.N.I9.W0.S13.S1.C.D.D41._Z._Z._T.XDC._Z.S.V.N._T,Q,N,I9,W0,S13,S1,C,D,D41,_Z,_Z,_T,XDC,_Z,S,V,N,_T,2003-Q3,61477.02,A,F,,,,,P3M,,"Euro area 20 (fixed composition) as of 1 January 2023 - Interest - Debit (Uses) - counterpart area: World (all areas, including reference area, including IO), counterpart sector: Total economy - Consolidated, Current prices, Standard valuation based on SNA/ESA - Domestic currency (incl. conversion to current currency made using a fixed parity), Neither seasonally adjusted nor calendar adjusted data - ESA 2010",4D0,,,,0,,,,,,,,,,S,Government interest expenditure,,6,
GFS.Q.N.I9.W0.S13.S1.C.D.D41._Z._Z._T.XDC._Z.S.V.N._T,Q,N,I9,W0,S13,S1,C,D,D41,_Z,_Z,_T,XDC,_Z,S,V,N,_T,2003-Q4,63087.3,A,F,,,,,P3M,,"Euro area 20 (fixed composition) as of 1 January 2023 - Interest - Debit (Uses) - counterpart area: World (all areas, including reference area, including IO), counterpart sector: Total economy - Consolidated, Current prices, Standard valuation based on SNA/ESA - Domestic currency (incl. conversion to current currency made using a fixed parity), Neither seasonally adjusted nor calendar adjusted data - ESA 2010",4D0,,,,0,,,,,,,,,,S,Government interest expenditure,,6,
GFS.Q.N.I9.W0.S13.S1.C.D.D41._Z._Z._T.XDC._Z.S.V.N._T,Q,N,I9,W0,S13,S1,C,D,D41,_Z,_Z,_T,XDC,_Z,S,V,N,_T,2004-Q1,61892.11,A,F,,,,,P3M,,"Euro area 20 (fixed composition) as of 1 January 2023 - Interest - Debit (Uses) - counterpart area: World (all areas, including reference area, including IO), counterpart sector: Total economy - Consolidated, Current prices, Standard valuation based on SNA/ESA - Domestic currency (incl. conversion to current currency made using a fixed parity), Neither seasonally adjusted nor calendar adjusted data - ESA 2010",4D0,,,,0,,,,,,,,,,S,Government interest expenditure,,6,
GFS.Q.N.I9.W0.S13.S1.C.D.D41._Z._Z._T.XDC._Z.S.V.N._T,Q,N,I9,W0,S13,S1,C,D,D41,_Z,_Z,_T,XDC,_Z,S,V,N,_T,2004-Q2,65474.6,A,F,,,,,P3M,,"Euro area 20 (fixed composition) as of 1 January 2023 - Interest - Debit (Uses) - counterpart area: World (all areas, including reference area, including IO), counterpart sector: Total economy - Consolidated, Current prices, Standard valuation based on SNA/ESA - Domestic currency (incl. conversion to current currency made using a fixed parity), Neither seasonally adjusted nor calendar adjusted data - ESA 2010",4D0,,,,0,,,,,,,,,,S,Government interest expenditure,,6,
GFS.Q.N.I9.W0.S13.S1.C.D.D41._Z._Z._T.XDC._Z.S.V.N._T,Q,N,I9,W0,S13,S1,C,D,D41,_Z,_Z,_T,XDC,_Z,S,V,N,_T,2004-Q3,60545.23,A,F,,,,,P3M,,"Euro area 20 (fixed composition) as of 1 January 2023 - Interest - Debit (Uses) - counterpart area: World (all areas, including reference area, including IO), counterpart sector: Total economy - Consolidated, Current prices, Standard valuation based on SNA/ESA - Domestic currency (incl. conversion to current currency made using a fixed parity), Neither seasonally adjusted nor calendar adjusted data - ESA 2010",4D0,,,,0,,,,,,,,,,S,Government interest expenditure,,6,
GFS.Q.N.I9.W0.S13.S1.C.D.D41._Z._Z._T.XDC._Z.S.V.N._T,Q,N,I9,W0,S13,S1,C,D,D41,_Z,_Z,_T,XDC,_Z,S,V,N,_T,2004-Q4,62155.53,A,F,,,,,P3M,,"Euro area 20 (fixed composition) as of 1 January 2023 - Interest - Debit (Uses) - counterpart area: World (all areas, including reference area, including IO), counterpart sector: Total economy - Consolidated, Current prices, Standard valuation based on SNA/ESA - Domestic currency (incl. conversion to current currency made using a fixed parity), Neither seasonally adjusted nor calendar adjusted data - ESA 2010",4D0,,,,0,,,,,,,,,,S,Government interest expenditure,,6,
GFS.Q.N.I9.W0.S13.S1.C.D.D41._Z._Z._T.XDC._Z.S.V.N._T,Q,N,I9,W0,S13,S1,C,D,D41,_Z,_Z,_T,XDC,_Z,S,V,N,_T,2005-Q1,60906.78,A,F,,,,,P3M,,"Euro area 20 (fixed composition) as of 1 January 2023 - Interest - Debit (Uses) - counterpart area: World (all areas, including reference area, including IO), counterpart sector: Total economy - Consolidated, Current prices, Standard valuation based on SNA/ESA - Domestic currency (incl. conversion to current currency made using a fixed parity), Neither seasonally adjusted nor calendar adjusted data - ESA 2010",4D0,,,,0,,,,,,,,,,S,Government interest expenditure,,6,
GFS.Q.N.I9.W0.S13.S1.C.D.D41._Z._Z._T.XDC._Z.S.V.N._T,Q,N,I9,W0,S13,S1,C,D,D41,_Z,_Z,_T,XDC,_Z,S,V,N,_T,2005-Q2,66897.88,A,F,,,,,P3M,,"Euro area 20 (fixed composition) as of 1 January 2023 - Interest - Debit (Uses) - counterpart area: World (all areas, including reference area, including IO), counterpart sector: Total economy - Consolidated, Current prices, Standard valuation based on SNA/ESA - Domestic currency (incl. conversion to current currency made using a fixed parity), Neither seasonally adjusted nor calendar adjusted data - ESA 2010",4D0,,,,0,,,,,,,,,,S,Government interest expenditure,,6,
GFS.Q.N.I9.W0.S13.S1.C.D.D41._Z._Z._T.XDC._Z.S.V.N._T,Q,N,I9,W0,S13,S1,C,D,D41,_Z,_Z,_T,XDC,_Z,S,V,N,_T,2005-Q3,59526.03,A,F,,,,,P3M,,"Euro area 20 (fixed composition) as of 1 January 2023 - Interest - Debit (Uses) - counterpart area: World (all areas, including reference area, including IO), counterpart sector: Total economy - Consolidated, Current prices, Standard valuation based on SNA/ESA - Domestic currency (incl. conversion to current currency made using a fixed parity), Neither seasonally adjusted nor calendar adjusted data - ESA 2010",4D0,,,,0,,,,,,,,,,S,Government interest expenditure,,6,
GFS.Q.N.I9.W0.S13.S1.C.D.D41._Z._Z._T.XDC._Z.S.V.N._T,Q,N,I9,W0,S13,S1,C,D,D41,_Z,_Z,_T,XDC,_Z,S,V,N,_T,2005-Q4,62385.4,A,F,,,,,P3M,,"Euro area 20 (fixed composition) as of 1 January 2023 - Interest - Debit (Uses) - counterpart area: World (all areas, including reference area, including IO), counterpart sector: Total economy - Consolidated, Current prices, Standard valuation based on SNA/ESA - Domestic currency (incl. conversion to current currency made using a fixed parity), Neither seasonally adjusted nor calendar adjusted data - ESA 2010",4D0,,,,0,,,,,,,,,,S,Government interest expenditure,,6,
GFS.Q.N.I9.W0.S13.S1.C.D.D41._Z._Z._T.XDC._Z.S.V.N._T,Q,N,I9,W0,S13,S1,C,D,D41,_Z,_Z,_T,XDC,_Z,S,V,N,_T,2006-Q1,61079.77,A,F,,,,,P3M,,"Euro area 20 (fixed composition) as of 1 January 2023 - Interest - Debit (Uses) - counterpart area: World (all areas, including reference area, including IO), counterpart sector: Total economy - Consolidated, Current prices, Standard valuation based on SNA/ESA - Domestic currency (incl. conversion to current currency made using a fixed parity), Neither seasonally adjusted nor calendar adjusted data - ESA 2010",4D0,,,,0,,,,,,,,,,S,Government interest expenditure,,6,
GFS.Q.N.I9.W0.S13.S1.C.D.D41._Z._Z._T.XDC._Z.S.V.N._T,Q,N,I9,W0,S13,S1,C,D,D41,_Z,_Z,_T,XDC,_Z,S,V,N,_T,2006-Q2,67939.8,A,F,,,,,P3M,,"Euro area 20 (fixed composition) as of 1 January 2023 - Interest - Debit (Uses) - counterpart area: World (all areas, including reference area, including IO), counterpart sector: Total economy - Consolidated, Current prices, Standard valuation based on SNA/ESA - Domestic currency (incl. conversion to current currency made using a fixed parity), Neither seasonally adjusted nor calendar adjusted data - ESA 2010",4D0,,,,0,,,,,,,,,,S,Government interest expenditure,,6,
GFS.Q.N.I9.W0.S13.S1.C.D.D41._Z._Z._T.XDC._Z.S.V.N._T,Q,N,I9,W0,S13,S1,C,D,D41,_Z,_Z,_T,XDC,_Z,S,V,N,_T,2006-Q3,61535.51,A,F,,,,,P3M,,"Euro area 20 (fixed composition) as of 1 January 2023 - Interest - Debit (Uses) - counterpart area: World (all areas, including reference area, including IO), counterpart sector: Total economy - Consolidated, Current prices, Standard valuation based on SNA/ESA - Domestic currency (incl. conversion to current currency made using a fixed parity), Neither seasonally adjusted nor calendar adjusted data - ESA 2010",4D0,,,,0,,,,,,,,,,S,Government interest expenditure,,6,
GFS.Q.N.I9.W0.S13.S1.C.D.D41._Z._Z._T.XDC._Z.S.V.N._T,Q,N,I9,W0,S13,S1,C,D,D41,_Z,_Z,_T,XDC,_Z,S,V,N,_T,2006-Q4,63393.74,A,F,,,,,P3M,,"Euro area 20 (fixed composition) as of 1 January 2023 - Interest - Debit (Uses) - counterpart area: World (all areas, including reference area, including IO), counterpart sector: Total economy - Consolidated, Current prices, Standard valuation based on SNA/ESA - Domestic currency (incl. conversion to current currency made using a fixed parity), Neither seasonally adjusted nor calendar adjusted data - ESA 2010",4D0,,,,0,,,,,,,,,,S,Government interest expenditure,,6,
GFS.Q.N.I9.W0.S13.S1.C.D.D41._Z._Z._T.XDC._Z.S.V.N._T,Q,N,I9,W0,S13,S1,C,D,D41,_Z,_Z,_T,XDC,_Z,S,V,N,_T,2007-Q1,64156.24,A,F,,,,,P3M,,"Euro area 20 (fixed composition) as of 1 January 2023 - Interest - Debit (Uses) - counterpart area: World (all areas, including reference area, including IO), counterpart sector: Total economy - Consolidated, Current prices, Standard valuation based on SNA/ESA - Domestic currency (incl. conversion to current currency made using a fixed parity), Neither seasonally adjusted nor calendar adjusted data - ESA 2010",4D0,,,,0,,,,,,,,,,S,Government interest expenditure,,6,
GFS.Q.N.I9.W0.S13.S1.C.D.D41._Z._Z._T.XDC._Z.S.V.N._T,Q,N,I9,W0,S13,S1,C,D,D41,_Z,_Z,_T,XDC,_Z,S,V,N,_T,2007-Q2,73103.05,A,F,,,,,P3M,,"Euro area 20 (fixed composition) as of 1 January 2023 - Interest - Debit (Uses) - counterpart area: World (all areas, including reference area, including IO), counterpart sector: Total economy - Consolidated, Current prices, Standard valuation based on SNA/ESA - Domestic currency (incl. conversion to current currency made using a fixed parity), Neither seasonally adjusted nor calendar adjusted data - ESA 2010",4D0,,,,0,,,,,,,,,,S,Government interest expenditure,,6,
GFS.Q.N.I9.W0.S13.S1.C.D.D41._Z._Z._T.XDC._Z.S.V.N._T,Q,N,I9,W0,S13,S1,C,D,D41,_Z,_Z,_T,XDC,_Z,S,V,N,_T,2007-Q3,65430.57,A,F,,,,,P3M,,"Euro area 20 (fixed composition) as of 1 January 2023 - Interest - Debit (Uses) - counterpart area: World (all areas, including reference area, including IO), counterpart sector: Total economy - Consolidated, Current prices, Standard valuation based on SNA/ESA - Domestic currency (incl. conversion to current currency made using a fixed parity), Neither seasonally adjusted nor calendar adjusted data - ESA 2010",4D0,,,,0,,,,,,,,,,S,Government interest expenditure,,6,
GFS.Q.N.I9.W0.S13.S1.C.D.D41._Z._Z._T.XDC._Z.S.V.N._T,Q,N,I9,W0,S13,S1,C,D,D41,_Z,_Z,_T,XDC,_Z,S,V,N,_T,2007-Q4,69874.21,A,F,,,,,P3M,,"Euro area 20 (fixed composition) as of 1 January 2023 - Interest - Debit (Uses) - counterpart area: World (all areas, including reference area, including IO), counterpart sector: Total economy - Consolidated, Current prices, Standard valuation based on SNA/ESA - Domestic currency (incl. conversion to current currency made using a fixed parity), Neither seasonally adjusted nor calendar adjusted data - ESA 2010",4D0,,,,0,,,,,,,,,,S,Government interest expenditure,,6,
GFS.Q.N.I9.W0.S13.S1.C.D.D41._Z._Z._T.XDC._Z.S.V.N._T,Q,N,I9,W0,S13,S1,C,D,D41,_Z,_Z,_T,XDC,_Z,S,V,N,_T,2008-Q1,69459.99,A,F,,,,,P3M,,"Euro area 20 (fixed composition) as of 1 January 2023 - Interest - Debit (Uses) - counterpart area: World (all areas, including reference area, including IO), counterpart sector: Total economy - Consolidated, Current prices, Standard valuation based on SNA/ESA - Domestic currency (incl. conversion to current currency made using a fixed parity), Neither seasonally adjusted nor calendar adjusted data - ESA 2010",4D0,,,,0,,,,,,,,,,S,Government interest expenditure,,6,
GFS.Q.N.I9.W0.S13.S1.C.D.D41._Z._Z._T.XDC._Z.S.V.N._T,Q,N,I9,W0,S13,S1,C,D,D41,_Z,_Z,_T,XDC,_Z,S,V,N,_T,2008-Q2,77836.04,A,F,,,,,P3M,,"Euro area 20 (fixed composition) as of 1 January 2023 - Interest - Debit (Uses) - counterpart area: World (all areas, including reference area, including IO), counterpart sector: Total economy - Consolidated, Current prices, Standard valuation based on SNA/ESA - Domestic currency (incl. conversion to current currency made using a fixed parity), Neither seasonally adjusted nor calendar adjusted data - ESA 2010",4D0,,,,0,,,,,,,,,,S,Government interest expenditure,,6,
GFS.Q.N.I9.W0.S13.S1.C.D.D41._Z._Z._T.XDC._Z.S.V.N._T,Q,N,I9,W0,S13,S1,C,D,D41,_Z,_Z,_T,XDC,_Z,S,V,N,_T,2008-Q3,69481.93,A,F,,,,,P3M,,"Euro area 20 (fixed composition) as of 1 January 2023 - Interest - Debit (Uses) - counterpart area: World (all areas, including reference area, including IO), counterpart sector: Total economy - Consolidated, Current prices, Standard valuation based on SNA/ESA - Domestic currency (incl. conversion to current currency made using a fixed parity), Neither seasonally adjusted nor calendar adjusted data - ESA 2010",4D0,,,,0,,,,,,,,,,S,Government interest expenditure,,6,
GFS.Q.N.I9.W0.S13.S1.C.D.D41._Z._Z._T.XDC._Z.S.V.N._T,Q,N,I9,W0,S13,S1,C,D,D41,_Z,_Z,_T,XDC,_Z,S,V,N,_T,2008-Q4,70237.53,A,F,,,,,P3M,,"Euro area 20 (fixed composition) as of 1 January 2023 - Interest - Debit (Uses) - counterpart area: World (all areas, including reference area, including IO), counterpart sector: Total economy - Consolidated, Current prices, Standard valuation based on SNA/ESA - Domestic currency (incl. conversion to current currency made using a fixed parity), Neither seasonally adjusted nor calendar adjusted data - ESA 2010",4D0,,,,0,,,,,,,,,,S,Government interest expenditure,,6,
GFS.Q.N.I9.W0.S13.S1.C.D.D41._Z._Z._T.XDC._Z.S.V.N._T,Q,N,I9,W0,S13,S1,C,D,D41,_Z,_Z,_T,XDC,_Z,S,V,N,_T,2009-Q1,62471.15,B,F,,,,,P3M,,"Euro area 20 (fixed composition) as of 1 January 2023 - Interest - Debit (Uses) - counterpart area: World (all areas, including reference area, including IO), counterpart sector: Total economy - Consolidated, Current prices, Standard valuation based on SNA/ESA - Domestic currency (incl. conversion to current currency made using a fixed parity), Neither seasonally adjusted nor calendar adjusted data - ESA 2010",4D0,,,,0,,,,,,,,,,S,Government interest expenditure,,6,
GFS.Q.N.I9.W0.S13.S1.C.D.D41._Z._Z._T.XDC._Z.S.V.N._T,Q,N,I9,W0,S13,S1,C,D,D41,_Z,_Z,_T,XDC,_Z,S,V,N,_T,2009-Q2,69434.15,A,F,,,,,P3M,,"Euro area 20 (fixed composition) as of 1 January 2023 - Interest - Debit (Uses) - counterpart area: World (all areas, including reference area, including IO), counterpart sector: Total economy - Consolidated, Current prices, Standard valuation based on SNA/ESA - Domestic currency (incl. conversion to current currency made using a fixed parity), Neither seasonally adjusted nor calendar adjusted data - ESA 2010",4D0,,,,0,,,,,,,,,,S,Government interest expenditure,,6,
GFS.Q.N.I9.W0.S13.S1.C.D.D41._Z._Z._T.XDC._Z.S.V.N._T,Q,N,I9,W0,S13,S1,C,D,D41,_Z,_Z,_T,XDC,_Z,S,V,N,_T,2009-Q3,64622.5,A,F,,,,,P3M,,"Euro area 20 (fixed composition) as of 1 January 2023 - Interest - Debit (Uses) - counterpart area: World (all areas, including reference area, including IO), counterpart sector: Total economy - Consolidated, Current prices, Standard valuation based on SNA/ESA - Domestic currency (incl. conversion to current currency made using a fixed parity), Neither seasonally adjusted nor calendar adjusted data - ESA 2010",4D0,,,,0,,,,,,,,,,S,Government interest expenditure,,6,
GFS.Q.N.I9.W0.S13.S1.C.D.D41._Z._Z._T.XDC._Z.S.V.N._T,Q,N,I9,W0,S13,S1,C,D,D41,_Z,_Z,_T,XDC,_Z,S,V,N,_T,2009-Q4,68870.73,A,F,,,,,P3M,,"Euro area 20 (fixed composition) as of 1 January 2023 - Interest - Debit (Uses) - counterpart area: World (all areas, including reference area, including IO), counterpart sector: Total economy - Consolidated, Current prices, Standard valuation based on SNA/ESA - Domestic currency (incl. conversion to current currency made using a fixed parity), Neither seasonally adjusted nor calendar adjusted data - ESA 2010",4D0,,,,0,,,,,,,,,,S,Government interest expenditure,,6,
GFS.Q.N.I9.W0.S13.S1.C.D.D41._Z._Z._T.XDC._Z.S.V.N._T,Q,N,I9,W0,S13,S1,C,D,D41,_Z,_Z,_T,XDC,_Z,S,V,N,_T,2010-Q1,63184.4,A,F,,,,,P3M,,"Euro area 20 (fixed composition) as of 1 January 2023 - Interest - Debit (Uses) - counterpart area: World (all areas, including reference area, including IO), counterpart sector: Total economy - Consolidated, Current prices, Standard valuation based on SNA/ESA - Domestic currency (incl. conversion to current currency made using a fixed parity), Neither seasonally adjusted nor calendar adjusted data - ESA 2010",4D0,,,,0,,,,,,,,,,S,Government interest expenditure,,6,
GFS.Q.N.I9.W0.S13.S1.C.D.D41._Z._Z._T.XDC._Z.S.V.N._T,Q,N,I9,W0,S13,S1,C,D,D41,_Z,_Z,_T,XDC,_Z,S,V,N,_T,2010-Q2,70253.96,A,F,,,,,P3M,,"Euro area 20 (fixed composition) as of 1 January 2023 - Interest - Debit (Uses) - counterpart area: World (all areas, including reference area, including IO), counterpart sector: Total economy - Consolidated, Current prices, Standard valuation based on SNA/ESA - Domestic currency (incl. conversion to current currency made using a fixed parity), Neither seasonally adjusted nor calendar adjusted data - ESA 2010",4D0,,,,0,,,,,,,,,,S,Government interest expenditure,,6,
GFS.Q.N.I9.W0.S13.S1.C.D.D41._Z._Z._T.XDC._Z.S.V.N._T,Q,N,I9,W0,S13,S1,C,D,D41,_Z,_Z,_T,XDC,_Z,S,V,N,_T,2010-Q3,63896.87,A,F,,,,,P3M,,"Euro area 20 (fixed composition) as of 1 January 2023 - Interest - Debit (Uses) - counterpart area: World (all areas, including reference area, including IO), counterpart sector: Total economy - Consolidated, Current prices, Standard valuation based on SNA/ESA - Domestic currency (incl. conversion to current currency made using a fixed parity), Neither seasonally adjusted nor calendar adjusted data - ESA 2010",4D0,,,,0,,,,,,,,,,S,Government interest expenditure,,6,
GFS.Q.N.I9.W0.S13.S1.C.D.D41._Z._Z._T.XDC._Z.S.V.N._T,Q,N,I9,W0,S13,S1,C,D,D41,_Z,_Z,_T,XDC,_Z,S,V,N,_T,2010-Q4,71008.85,A,F,,,,,P3M,,"Euro area 20 (fixed composition) as of 1 January 2023 - Interest - Debit (Uses) - counterpart area: World (all areas, including reference area, including IO), counterpart sector: Total economy - Consolidated, Current prices, Standard valuation based on SNA/ESA - Domestic currency (incl. conversion to current currency made using a fixed parity), Neither seasonally adjusted nor calendar adjusted data - ESA 2010",4D0,,,,0,,,,,,,,,,S,Government interest expenditure,,6,
GFS.Q.N.I9.W0.S13.S1.C.D.D41._Z._Z._T.XDC._Z.S.V.N._T,Q,N,I9,W0,S13,S1,C,D,D41,_Z,_Z,_T,XDC,_Z,S,V,N,_T,2011-Q1,67701.6,A,F,,,,,P3M,,"Euro area 20 (fixed composition) as of 1 January 2023 - Interest - Debit (Uses) - counterpart area: World (all areas, including reference area, including IO), counterpart sector: Total economy - Consolidated, Current prices, Standard valuation based on SNA/ESA - Domestic currency (incl. conversion to current currency made using a fixed parity), Neither seasonally adjusted nor calendar adjusted data - ESA 2010",4D0,,,,0,,,,,,,,,,S,Government interest expenditure,,6,
GFS.Q.N.I9.W0.S13.S1.C.D.D41._Z._Z._T.XDC._Z.S.V.N._T,Q,N,I9,W0,S13,S1,C,D,D41,_Z,_Z,_T,XDC,_Z,S,V,N,_T,2011-Q2,78746.53,A,F,,,,,P3M,,"Euro area 20 (fixed composition) as of 1 January 2023 - Interest - Debit (Uses) - counterpart area: World (all areas, including reference area, including IO), counterpart sector: Total economy - Consolidated, Current prices, Standard valuation based on SNA/ESA - Domestic currency (incl. conversion to current currency made using a fixed parity), Neither seasonally adjusted nor calendar adjusted data - ESA 2010",4D0,,,,0,,,,,,,,,,S,Government interest expenditure,,6,
GFS.Q.N.I9.W0.S13.S1.C.D.D41._Z._Z._T.XDC._Z.S.V.N._T,Q,N,I9,W0,S13,S1,C,D,D41,_Z,_Z,_T,XDC,_Z,S,V,N,_T,2011-Q3,71255.4,A,F,,,,,P3M,,"Euro area 20 (fixed composition) as of 1 January 2023 - Interest - Debit (Uses) - counterpart area: World (all areas, including reference area, including IO), counterpart sector: Total economy - Consolidated, Current prices, Standard valuation based on SNA/ESA - Domestic currency (incl. conversion to current currency made using a fixed parity), Neither seasonally adjusted nor calendar adjusted data - ESA 2010",4D0,,,,0,,,,,,,,,,S,Government interest expenditure,,6,
GFS.Q.N.I9.W0.S13.S1.C.D.D41._Z._Z._T.XDC._Z.S.V.N._T,Q,N,I9,W0,S13,S1,C,D,D41,_Z,_Z,_T,XDC,_Z,S,V,N,_T,2011-Q4,80598.15,A,F,,,,,P3M,,"Euro area 20 (fixed composition) as of 1 January 2023 - Interest - Debit (Uses) - counterpart area: World (all areas, including reference area, including IO), counterpart sector: Total economy - Consolidated, Current prices, Standard valuation based on SNA/ESA - Domestic currency (incl. conversion to current currency made using a fixed parity), Neither seasonally adjusted nor calendar adjusted data - ESA 2010",4D0,,,,0,,,,,,,,,,S,Government interest expenditure,,6,
GFS.Q.N.I9.W0.S13.S1.C.D.D41._Z._Z._T.XDC._Z.S.V.N._T,Q,N,I9,W0,S13,S1,C,D,D41,_Z,_Z,_T,XDC,_Z,S,V,N,_T,2012-Q1,72576.93,A,F,,,,,P3M,,"Euro area 20 (fixed composition) as of 1 January 2023 - Interest - Debit (Uses) - counterpart area: World (all areas, including reference area, including IO), counterpart sector: Total economy - Consolidated, Current prices, Standard valuation based on SNA/ESA - Domestic currency (incl. conversion to current currency made using a fixed parity), Neither seasonally adjusted nor calendar adjusted data - ESA 2010",4D0,,,,0,,,,,,,,,,S,Government interest expenditure,,6,
GFS.Q.N.I9.W0.S13.S1.C.D.D41._Z._Z._T.XDC._Z.S.V.N._T,Q,N,I9,W0,S13,S1,C,D,D41,_Z,_Z,_T,XDC,_Z,S,V,N,_T,2012-Q2,80649.54,A,F,,,,,P3M,,"Euro area 20 (fixed composition) as of 1 January 2023 - Interest - Debit (Uses) - counterpart area: World (all areas, including reference area, including IO), counterpart sector: Total economy - Consolidated, Current prices, Standard valuation based on SNA/ESA - Domestic currency (incl. conversion to current currency made using a fixed parity), Neither seasonally adjusted nor calendar adjusted data - ESA 2010",4D0,,,,0,,,,,,,,,,S,Government interest expenditure,,6,
GFS.Q.N.I9.W0.S13.S1.C.D.D41._Z._Z._T.XDC._Z.S.V.N._T,Q,N,I9,W0,S13,S1,C,D,D41,_Z,_Z,_T,XDC,_Z,S,V,N,_T,2012-Q3,69981.63,A,F,,,,,P3M,,"Euro area 20 (fixed composition) as of 1 January 2023 - Interest - Debit (Uses) - counterpart area: World (all areas, including reference area, including IO), counterpart sector: Total economy - Consolidated, Current prices, Standard valuation based on SNA/ESA - Domestic currency (incl. conversion to current currency made using a fixed parity), Neither seasonally adjusted nor calendar adjusted data - ESA 2010",4D0,,,,0,,,,,,,,,,S,Government interest expenditure,,6,
GFS.Q.N.I9.W0.S13.S1.C.D.D41._Z._Z._T.XDC._Z.S.V.N._T,Q,N,I9,W0,S13,S1,C,D,D41,_Z,_Z,_T,XDC,_Z,S,V,N,_T,2012-Q4,79053.78,A,F,,,,,P3M,,"Euro area 20 (fixed composition) as of 1 January 2023 - Interest - Debit (Uses) - counterpart area: World (all areas, including reference area, including IO), counterpart sector: Total economy - Consolidated, Current prices, Standard valuation based on SNA/ESA - Domestic currency (incl. conversion to current currency made using a fixed parity), Neither seasonally adjusted nor calendar adjusted data - ESA 2010",4D0,,,,0,,,,,,,,,,S,Government interest expenditure,,6,
GFS.Q.N.I9.W0.S13.S1.C.D.D41._Z._Z._T.XDC._Z.S.V.N._T,Q,N,I9,W0,S13,S1,C,D,D41,_Z,_Z,_T,XDC,_Z,S,V,N,_T,2013-Q1,66260.56,A,F,,,,,P3M,,"Euro area 20 (fixed composition) as of 1 January 2023 - Interest - Debit (Uses) - counterpart area: World (all areas, including reference area, including IO), counterpart sector: Total economy - Consolidated, Current prices, Standard valuation based on SNA/ESA - Domestic currency (incl. conversion to current currency made using a fixed parity), Neither seasonally adjusted nor calendar adjusted data - ESA 2010",4D0,,,,0,,,,,,,,,,S,Government interest expenditure,,6,
GFS.Q.N.I9.W0.S13.S1.C.D.D41._Z._Z._T.XDC._Z.S.V.N._T,Q,N,I9,W0,S13,S1,C,D,D41,_Z,_Z,_T,XDC,_Z,S,V,N,_T,2013-Q2,75009.54,A,F,,,,,P3M,,"Euro area 20 (fixed composition) as of 1 January 2023 - Interest - Debit (Uses) - counterpart area: World (all areas, including reference area, including IO), counterpart sector: Total economy - Consolidated, Current prices, Standard valuation based on SNA/ESA - Domestic currency (incl. conversion to current currency made using a fixed parity), Neither seasonally adjusted nor calendar adjusted data - ESA 2010",4D0,,,,0,,,,,,,,,,S,Government interest expenditure,,6,
GFS.Q.N.I9.W0.S13.S1.C.D.D41._Z._Z._T.XDC._Z.S.V.N._T,Q,N,I9,W0,S13,S1,C,D,D41,_Z,_Z,_T,XDC,_Z,S,V,N,_T,2013-Q3,67588.47,A,F,,,,,P3M,,"Euro area 20 (fixed composition) as of 1 January 2023 - Interest - Debit (Uses) - counterpart area: World (all areas, including reference area, including IO), counterpart sector: Total economy - Consolidated, Current prices, Standard valuation based on SNA/ESA - Domestic currency (incl. conversion to current currency made using a fixed parity), Neither seasonally adjusted nor calendar adjusted data - ESA 2010",4D0,,,,0,,,,,,,,,,S,Government interest expenditure,,6,
GFS.Q.N.I9.W0.S13.S1.C.D.D41._Z._Z._T.XDC._Z.S.V.N._T,Q,N,I9,W0,S13,S1,C,D,D41,_Z,_Z,_T,XDC,_Z,S,V,N,_T,2013-Q4,71447.07,A,F,,,,,P3M,,"Euro area 20 (fixed composition) as of 1 January 2023 - Interest - Debit (Uses) - counterpart area: World (all areas, including reference area, including IO), counterpart sector: Total economy - Consolidated, Current prices, Standard valuation based on SNA/ESA - Domestic currency (incl. conversion to current currency made using a fixed parity), Neither seasonally adjusted nor calendar adjusted data - ESA 2010",4D0,,,,0,,,,,,,,,,S,Government interest expenditure,,6,
GFS.Q.N.I9.W0.S13.S1.C.D.D41._Z._Z._T.XDC._Z.S.V.N._T,Q,N,I9,W0,S13,S1,C,D,D41,_Z,_Z,_T,XDC,_Z,S,V,N,_T,2014-Q1,63686.1,A,F,,,,,P3M,,"Euro area 20 (fixed composition) as of 1 January 2023 - Interest - Debit (Uses) - counterpart area: World (all areas, including reference area, including IO), counterpart sector: Total economy - Consolidated, Current prices, Standard valuation based on SNA/ESA - Domestic currency (incl. conversion to current currency made using a fixed parity), Neither seasonally adjusted nor calendar adjusted data - ESA 2010",4D0,,,,0,,,,,,,,,,S,Government interest expenditure,,6,
GFS.Q.N.I9.W0.S13.S1.C.D.D41._Z._Z._T.XDC._Z.S.V.N._T,Q,N,I9,W0,S13,S1,C,D,D41,_Z,_Z,_T,XDC,_Z,S,V,N,_T,2014-Q2,72968.18,A,F,,,,,P3M,,"Euro area 20 (fixed composition) as of 1 January 2023 - Interest - Debit (Uses) - counterpart area: World (all areas, including reference area, including IO), counterpart sector: Total economy - Consolidated, Current prices, Standard valuation based on SNA/ESA - Domestic currency (incl. conversion to current currency made using a fixed parity), Neither seasonally adjusted nor calendar adjusted data - ESA 2010",4D0,,,,0,,,,,,,,,,S,Government interest expenditure,,6,
GFS.Q.N.I9.W0.S13.S1.C.D.D41._Z._Z._T.XDC._Z.S.V.N._T,Q,N,I9,W0,S13,S1,C,D,D41,_Z,_Z,_T,XDC,_Z,S,V,N,_T,2014-Q3,63339.27,A,F,,,,,P3M,,"Euro area 20 (fixed composition) as of 1 January 2023 - Interest - Debit (Uses) - counterpart area: World (all areas, including reference area, including IO), counterpart sector: Total economy - Consolidated, Current prices, Standard valuation based on SNA/ESA - Domestic currency (incl. conversion to current currency made using a fixed parity), Neither seasonally adjusted nor calendar adjusted data - ESA 2010",4D0,,,,0,,,,,,,,,,S,Government interest expenditure,,6,
GFS.Q.N.I9.W0.S13.S1.C.D.D41._Z._Z._T.XDC._Z.S.V.N._T,Q,N,I9,W0,S13,S1,C,D,D41,_Z,_Z,_T,XDC,_Z,S,V,N,_T,2014-Q4,69672.44,A,F,,,,,P3M,,"Euro area 20 (fixed composition) as of 1 January 2023 - Interest - Debit (Uses) - counterpart area: World (all areas, including reference area, including IO), counterpart sector: Total economy - Consolidated, Current prices, Standard valuation based on SNA/ESA - Domestic currency (incl. conversion to current currency made using a fixed parity), Neither seasonally adjusted nor calendar adjusted data - ESA 2010",4D0,,,,0,,,,,,,,,,S,Government interest expenditure,,6,
GFS.Q.N.I9.W0.S13.S1.C.D.D41._Z._Z._T.XDC._Z.S.V.N._T,Q,N,I9,W0,S13,S1,C,D,D41,_Z,_Z,_T,XDC,_Z,S,V,N,_T,2015-Q1,55820.49,A,F,,,,,P3M,,"Euro area 20 (fixed composition) as of 1 January 2023 - Interest - Debit (Uses) - counterpart area: World (all areas, including reference area, including IO), counterpart sector: Total economy - Consolidated, Current prices, Standard valuation based on SNA/ESA - Domestic currency (incl. conversion to current currency made using a fixed parity), Neither seasonally adjusted nor calendar adjusted data - ESA 2010",4D0,,,,0,,,,,,,,,,S,Government interest expenditure,,6,
GFS.Q.N.I9.W0.S13.S1.C.D.D41._Z._Z._T.XDC._Z.S.V.N._T,Q,N,I9,W0,S13,S1,C,D,D41,_Z,_Z,_T,XDC,_Z,S,V,N,_T,2015-Q2,70425.6,A,F,,,,,P3M,,"Euro area 20 (fixed composition) as of 1 January 2023 - Interest - Debit (Uses) - counterpart area: World (all areas, including reference area, including IO), counterpart sector: Total economy - Consolidated, Current prices, Standard valuation based on SNA/ESA - Domestic currency (incl. conversion to current currency made using a fixed parity), Neither seasonally adjusted nor calendar adjusted data - ESA 2010",4D0,,,,0,,,,,,,,,,S,Government interest expenditure,,6,
GFS.Q.N.I9.W0.S13.S1.C.D.D41._Z._Z._T.XDC._Z.S.V.N._T,Q,N,I9,W0,S13,S1,C,D,D41,_Z,_Z,_T,XDC,_Z,S,V,N,_T,2015-Q3,59364.72,A,F,,,,,P3M,,"Euro area 20 (fixed composition) as of 1 January 2023 - Interest - Debit (Uses) - counterpart area: World (all areas, including reference area, including IO), counterpart sector: Total economy - Consolidated, Current prices, Standard valuation based on SNA/ESA - Domestic currency (incl. conversion to current currency made using a fixed parity), Neither seasonally adjusted nor calendar adjusted data - ESA 2010",4D0,,,,0,,,,,,,,,,S,Government interest expenditure,,6,
GFS.Q.N.I9.W0.S13.S1.C.D.D41._Z._Z._T.XDC._Z.S.V.N._T,Q,N,I9,W0,S13,S1,C,D,D41,_Z,_Z,_T,XDC,_Z,S,V,N,_T,2015-Q4,63370.65,A,F,,,,,P3M,,"Euro area 20 (fixed composition) as of 1 January 2023 - Interest - Debit (Uses) - counterpart area: World (all areas, including reference area, including IO), counterpart sector: Total economy - Consolidated, Current prices, Standard valuation based on SNA/ESA - Domestic currency (incl. conversion to current currency made using a fixed parity), Neither seasonally adjusted nor calendar adjusted data - ESA 2010",4D0,,,,0,,,,,,,,,,S,Government interest expenditure,,6,
GFS.Q.N.I9.W0.S13.S1.C.D.D41._Z._Z._T.XDC._Z.S.V.N._T,Q,N,I9,W0,S13,S1,C,D,D41,_Z,_Z,_T,XDC,_Z,S,V,N,_T,2016-Q1,52822.08,A,F,,,,,P3M,,"Euro area 20 (fixed composition) as of 1 January 2023 - Interest - Debit (Uses) - counterpart area: World (all areas, including reference area, including IO), counterpart sector: Total economy - Consolidated, Current prices, Standard valuation based on SNA/ESA - Domestic currency (incl. conversion to current currency made using a fixed parity), Neither seasonally adjusted nor calendar adjusted data - ESA 2010",4D0,,,,0,,,,,,,,,,S,Government interest expenditure,,6,
GFS.Q.N.I9.W0.S13.S1.C.D.D41._Z._Z._T.XDC._Z.S.V.N._T,Q,N,I9,W0,S13,S1,C,D,D41,_Z,_Z,_T,XDC,_Z,S,V,N,_T,2016-Q2,64005.73,A,F,,,,,P3M,,"Euro area 20 (fixed composition) as of 1 January 2023 - Interest - Debit (Uses) - counterpart area: World (all areas, including reference area, including IO), counterpart sector: Total economy - Consolidated, Current prices, Standard valuation based on SNA/ESA - Domestic currency (incl. conversion to current currency made using a fixed parity), Neither seasonally adjusted nor calendar adjusted data - ESA 2010",4D0,,,,0,,,,,,,,,,S,Government interest expenditure,,6,
GFS.Q.N.I9.W0.S13.S1.C.D.D41._Z._Z._T.XDC._Z.S.V.N._T,Q,N,I9,W0,S13,S1,C,D,D41,_Z,_Z,_T,XDC,_Z,S,V,N,_T,2016-Q3,56695.71,A,F,,,,,P3M,,"Euro area 20 (fixed composition) as of 1 January 2023 - Interest - Debit (Uses) - counterpart area: World (all areas, including reference area, including IO), counterpart sector: Total economy - Consolidated, Current prices, Standard valuation based on SNA/ESA - Domestic currency (incl. conversion to current currency made using a fixed parity), Neither seasonally adjusted nor calendar adjusted data - ESA 2010",4D0,,,,0,,,,,,,,,,S,Government interest expenditure,,6,
GFS.Q.N.I9.W0.S13.S1.C.D.D41._Z._Z._T.XDC._Z.S.V.N._T,Q,N,I9,W0,S13,S1,C,D,D41,_Z,_Z,_T,XDC,_Z,S,V,N,_T,2016-Q4,60007.71,A,F,,,,,P3M,,"Euro area 20 (fixed composition) as of 1 January 2023 - Interest - Debit (Uses) - counterpart area: World (all areas, including reference area, including IO), counterpart sector: Total economy - Consolidated, Current prices, Standard valuation based on SNA/ESA - Domestic currency (incl. conversion to current currency made using a fixed parity), Neither seasonally adjusted nor calendar adjusted data - ESA 2010",4D0,,,,0,,,,,,,,,,S,Government interest expenditure,,6,
GFS.Q.N.I9.W0.S13.S1.C.D.D41._Z._Z._T.XDC._Z.S.V.N._T,Q,N,I9,W0,S13,S1,C,D,D41,_Z,_Z,_T,XDC,_Z,S,V,N,_T,2017-Q1,52707.85,A,F,,,,,P3M,,"Euro area 20 (fixed composition) as of 1 January 2023 - Interest - Debit (Uses) - counterpart area: World (all areas, including reference area, including IO), counterpart sector: Total economy - Consolidated, Current prices, Standard valuation based on SNA/ESA - Domestic currency (incl. conversion to current currency made using a fixed parity), Neither seasonally adjusted nor calendar adjusted data - ESA 2010",4D0,,,,0,,,,,,,,,,S,Government interest expenditure,,6,
GFS.Q.N.I9.W0.S13.S1.C.D.D41._Z._Z._T.XDC._Z.S.V.N._T,Q,N,I9,W0,S13,S1,C,D,D41,_Z,_Z,_T,XDC,_Z,S,V,N,_T,2017-Q2,61240.92,A,F,,,,,P3M,,"Euro area 20 (fixed composition) as of 1 January 2023 - Interest - Debit (Uses) - counterpart area: World (all areas, including reference area, including IO), counterpart sector: Total economy - Consolidated, Current prices, Standard valuation based on SNA/ESA - Domestic currency (incl. conversion to current currency made using a fixed parity), Neither seasonally adjusted nor calendar adjusted data - ESA 2010",4D0,,,,0,,,,,,,,,,S,Government interest expenditure,,6,
GFS.Q.N.I9.W0.S13.S1.C.D.D41._Z._Z._T.XDC._Z.S.V.N._T,Q,N,I9,W0,S13,S1,C,D,D41,_Z,_Z,_T,XDC,_Z,S,V,N,_T,2017-Q3,50691.43,A,F,,,,,P3M,,"Euro area 20 (fixed composition) as of 1 January 2023 - Interest - Debit (Uses) - counterpart area: World (all areas, including reference area, including IO), counterpart sector: Total economy - Consolidated, Current prices, Standard valuation based on SNA/ESA - Domestic currency (incl. conversion to current currency made using a fixed parity), Neither seasonally adjusted nor calendar adjusted data - ESA 2010",4D0,,,,0,,,,,,,,,,S,Government interest expenditure,,6,
GFS.Q.N.I9.W0.S13.S1.C.D.D41._Z._Z._T.XDC._Z.S.V.N._T,Q,N,I9,W0,S13,S1,C,D,D41,_Z,_Z,_T,XDC,_Z,S,V,N,_T,2017-Q4,57406.73,A,F,,,,,P3M,,"Euro area 20 (fixed composition) as of 1 January 2023 - Interest - Debit (Uses) - counterpart area: World (all areas, including reference area, including IO), counterpart sector: Total economy - Consolidated, Current prices, Standard valuation based on SNA/ESA - Domestic currency (incl. conversion to current currency made using a fixed parity), Neither seasonally adjusted nor calendar adjusted data - ESA 2010",4D0,,,,0,,,,,,,,,,S,Government interest expenditure,,6,
GFS.Q.N.I9.W0.S13.S1.C.D.D41._Z._Z._T.XDC._Z.S.V.N._T,Q,N,I9,W0,S13,S1,C,D,D41,_Z,_Z,_T,XDC,_Z,S,V,N,_T,2018-Q1,48736.85,A,F,,,,,P3M,,"Euro area 20 (fixed composition) as of 1 January 2023 - Interest - Debit (Uses) - counterpart area: World (all areas, including reference area, including IO), counterpart sector: Total economy - Consolidated, Current prices, Standard valuation based on SNA/ESA - Domestic currency (incl. conversion to current currency made using a fixed parity), Neither seasonally adjusted nor calendar adjusted data - ESA 2010",4D0,,,,0,,,,,,,,,,S,Government interest expenditure,,6,
GFS.Q.N.I9.W0.S13.S1.C.D.D41._Z._Z._T.XDC._Z.S.V.N._T,Q,N,I9,W0,S13,S1,C,D,D41,_Z,_Z,_T,XDC,_Z,S,V,N,_T,2018-Q2,58088.36,A,F,,,,,P3M,,"Euro area 20 (fixed composition) as of 1 January 2023 - Interest - Debit (Uses) - counterpart area: World (all areas, including reference area, including IO), counterpart sector: Total economy - Consolidated, Current prices, Standard valuation based on SNA/ESA - Domestic currency (incl. conversion to current currency made using a fixed parity), Neither seasonally adjusted nor calendar adjusted data - ESA 2010",4D0,,,,0,,,,,,,,,,S,Government interest expenditure,,6,
GFS.Q.N.I9.W0.S13.S1.C.D.D41._Z._Z._T.XDC._Z.S.V.N._T,Q,N,I9,W0,S13,S1,C,D,D41,_Z,_Z,_T,XDC,_Z,S,V,N,_T,2018-Q3,53128.27,A,F,,,,,P3M,,"Euro area 20 (fixed composition) as of 1 January 2023 - Interest - Debit (Uses) - counterpart area: World (all areas, including reference area, including IO), counterpart sector: Total economy - Consolidated, Current prices, Standard valuation based on SNA/ESA - Domestic currency (incl. conversion to current currency made using a fixed parity), Neither seasonally adjusted nor calendar adjusted data - ESA 2010",4D0,,,,0,,,,,,,,,,S,Government interest expenditure,,6,
GFS.Q.N.I9.W0.S13.S1.C.D.D41._Z._Z._T.XDC._Z.S.V.N._T,Q,N,I9,W0,S13,S1,C,D,D41,_Z,_Z,_T,XDC,_Z,S,V,N,_T,2018-Q4,56253.69,A,F,,,,,P3M,,"Euro area 20 (fixed composition) as of 1 January 2023 - Interest - Debit (Uses) - counterpart area: World (all areas, including reference area, including IO), counterpart sector: Total economy - Consolidated, Current prices, Standard valuation based on SNA/ESA - Domestic currency (incl. conversion to current currency made using a fixed parity), Neither seasonally adjusted nor calendar adjusted data - ESA 2010",4D0,,,,0,,,,,,,,,,S,Government interest expenditure,,6,
GFS.Q.N.I9.W0.S13.S1.C.D.D41._Z._Z._T.XDC._Z.S.V.N._T,Q,N,I9,W0,S13,S1,C,D,D41,_Z,_Z,_T,XDC,_Z,S,V,N,_T,2019-Q1,42066.75,P,F,,,,,P3M,,"Euro area 20 (fixed composition) as of 1 January 2023 - Interest - Debit (Uses) - counterpart area: World (all areas, including reference area, including IO), counterpart sector: Total economy - Consolidated, Current prices, Standard valuation based on SNA/ESA - Domestic currency (incl. conversion to current currency made using a fixed parity), Neither seasonally adjusted nor calendar adjusted data - ESA 2010",4D0,,,,0,,,,,,,,,,S,Government interest expenditure,,6,
GFS.Q.N.I9.W0.S13.S1.C.D.D41._Z._Z._T.XDC._Z.S.V.N._T,Q,N,I9,W0,S13,S1,C,D,D41,_Z,_Z,_T,XDC,_Z,S,V,N,_T,2019-Q2,58702.65,P,F,,,,,P3M,,"Euro area 20 (fixed composition) as of 1 January 2023 - Interest - Debit (Uses) - counterpart area: World (all areas, including reference area, including IO), counterpart sector: Total economy - Consolidated, Current prices, Standard valuation based on SNA/ESA - Domestic currency (incl. conversion to current currency made using a fixed parity), Neither seasonally adjusted nor calendar adjusted data - ESA 2010",4D0,,,,0,,,,,,,,,,S,Government interest expenditure,,6,
GFS.Q.N.I9.W0.S13.S1.C.D.D41._Z._Z._T.XDC._Z.S.V.N._T,Q,N,I9,W0,S13,S1,C,D,D41,_Z,_Z,_T,XDC,_Z,S,V,N,_T,2019-Q3,46998.59,P,F,,,,,P3M,,"Euro area 20 (fixed composition) as of 1 January 2023 - Interest - Debit (Uses) - counterpart area: World (all areas, including reference area, including IO), counterpart sector: Total economy - Consolidated, Current prices, Standard valuation based on SNA/ESA - Domestic currency (incl. conversion to current currency made using a fixed parity), Neither seasonally adjusted nor calendar adjusted data - ESA 2010",4D0,,,,0,,,,,,,,,,S,Government interest expenditure,,6,
GFS.Q.N.I9.W0.S13.S1.C.D.D41._Z._Z._T.XDC._Z.S.V.N._T,Q,N,I9,W0,S13,S1,C,D,D41,_Z,_Z,_T,XDC,_Z,S,V,N,_T,2019-Q4,50483.04,P,F,,,,,P3M,,"Euro area 20 (fixed composition) as of 1 January 2023 - Interest - Debit (Uses) - counterpart area: World (all areas, including reference area, including IO), counterpart sector: Total economy - Consolidated, Current prices, Standard valuation based on SNA/ESA - Domestic currency (incl. conversion to current currency made using a fixed parity), Neither seasonally adjusted nor calendar adjusted data - ESA 2010",4D0,,,,0,,,,,,,,,,S,Government interest expenditure,,6,
GFS.Q.N.I9.W0.S13.S1.C.D.D41._Z._Z._T.XDC._Z.S.V.N._T,Q,N,I9,W0,S13,S1,C,D,D41,_Z,_Z,_T,XDC,_Z,S,V,N,_T,2020-Q1,39733.44,P,F,,,,,P3M,,"Euro area 20 (fixed composition) as of 1 January 2023 - Interest - Debit (Uses) - counterpart area: World (all areas, including reference area, including IO), counterpart sector: Total economy - Consolidated, Current prices, Standard valuation based on SNA/ESA - Domestic currency (incl. conversion to current currency made using a fixed parity), Neither seasonally adjusted nor calendar adjusted data - ESA 2010",4D0,,,,0,,,,,,,,,,S,Government interest expenditure,,6,
GFS.Q.N.I9.W0.S13.S1.C.D.D41._Z._Z._T.XDC._Z.S.V.N._T,Q,N,I9,W0,S13,S1,C,D,D41,_Z,_Z,_T,XDC,_Z,S,V,N,_T,2020-Q2,48243.97,P,F,,,,,P3M,,"Euro area 20 (fixed composition) as of 1 January 2023 - Interest - Debit (Uses) - counterpart area: World (all areas, including reference area, including IO), counterpart sector: Total economy - Consolidated, Current prices, Standard valuation based on SNA/ESA - Domestic currency (incl. conversion to current currency made using a fixed parity), Neither seasonally adjusted nor calendar adjusted data - ESA 2010",4D0,,,,0,,,,,,,,,,S,Government interest expenditure,,6,
GFS.Q.N.I9.W0.S13.S1.C.D.D41._Z._Z._T.XDC._Z.S.V.N._T,Q,N,I9,W0,S13,S1,C,D,D41,_Z,_Z,_T,XDC,_Z,S,V,N,_T,2020-Q3,44010.53,P,F,,,,,P3M,,"Euro area 20 (fixed composition) as of 1 January 2023 - Interest - Debit (Uses) - counterpart area: World (all areas, including reference area, including IO), counterpart sector: Total economy - Consolidated, Current prices, Standard valuation based on SNA/ESA - Domestic currency (incl. conversion to current currency made using a fixed parity), Neither seasonally adjusted nor calendar adjusted data - ESA 2010",4D0,,,,0,,,,,,,,,,S,Government interest expenditure,,6,
GFS.Q.N.I9.W0.S13.S1.C.D.D41._Z._Z._T.XDC._Z.S.V.N._T,Q,N,I9,W0,S13,S1,C,D,D41,_Z,_Z,_T,XDC,_Z,S,V,N,_T,2020-Q4,42554.24,P,F,,,,,P3M,,"Euro area 20 (fixed composition) as of 1 January 2023 - Interest - Debit (Uses) - counterpart area: World (all areas, including reference area, including IO), counterpart sector: Total economy - Consolidated, Current prices, Standard valuation based on SNA/ESA - Domestic currency (incl. conversion to current currency made using a fixed parity), Neither seasonally adjusted nor calendar adjusted data - ESA 2010",4D0,,,,0,,,,,,,,,,S,Government interest expenditure,,6,
GFS.Q.N.I9.W0.S13.S1.C.D.D41._Z._Z._T.XDC._Z.S.V.N._T,Q,N,I9,W0,S13,S1,C,D,D41,_Z,_Z,_T,XDC,_Z,S,V,N,_T,2021-Q1,41125.68,P,F,,,,,P3M,,"Euro area 20 (fixed composition) as of 1 January 2023 - Interest - Debit (Uses) - counterpart area: World (all areas, including reference area, including IO), counterpart sector: Total economy - Consolidated, Current prices, Standard valuation based on SNA/ESA - Domestic currency (incl. conversion to current currency made using a fixed parity), Neither seasonally adjusted nor calendar adjusted data - ESA 2010",4D0,,,,0,,,,,,,,,,S,Government interest expenditure,,6,
GFS.Q.N.I9.W0.S13.S1.C.D.D41._Z._Z._T.XDC._Z.S.V.N._T,Q,N,I9,W0,S13,S1,C,D,D41,_Z,_Z,_T,XDC,_Z,S,V,N,_T,2021-Q2,49212.78,P,F,,,,,P3M,,"Euro area 20 (fixed composition) as of 1 January 2023 - Interest - Debit (Uses) - counterpart area: World (all areas, including reference area, including IO), counterpart sector: Total economy - Consolidated, Current prices, Standard valuation based on SNA/ESA - Domestic currency (incl. conversion to current currency made using a fixed parity), Neither seasonally adjusted nor calendar adjusted data - ESA 2010",4D0,,,,0,,,,,,,,,,S,Government interest expenditure,,6,
GFS.Q.N.I9.W0.S13.S1.C.D.D41._Z._Z._T.XDC._Z.S.V.N._T,Q,N,I9,W0,S13,S1,C,D,D41,_Z,_Z,_T,XDC,_Z,S,V,N,_T,2021-Q3,42503.05,P,F,,,,,P3M,,"Euro area 20 (fixed composition) as of 1 January 2023 - Interest - Debit (Uses) - counterpart area: World (all areas, including reference area, including IO), counterpart sector: Total economy - Consolidated, Current prices, Standard valuation based on SNA/ESA - Domestic currency (incl. conversion to current currency made using a fixed parity), Neither seasonally adjusted nor calendar adjusted data - ESA 2010",4D0,,,,0,,,,,,,,,,S,Government interest expenditure,,6,
GFS.Q.N.I9.W0.S13.S1.C.D.D41._Z._Z._T.XDC._Z.S.V.N._T,Q,N,I9,W0,S13,S1,C,D,D41,_Z,_Z,_T,XDC,_Z,S,V,N,_T,2021-Q4,48826.42,P,F,,,,,P3M,,"Euro area 20 (fixed composition) as of 1 January 2023 - Interest - Debit (Uses) - counterpart area: World (all areas, including reference area, including IO), counterpart sector: Total economy - Consolidated, Current prices, Standard valuation based on SNA/ESA - Domestic currency (incl. conversion to current currency made using a fixed parity), Neither seasonally adjusted nor calendar adjusted data - ESA 2010",4D0,,,,0,,,,,,,,,,S,Government interest expenditure,,6,
GFS.Q.N.I9.W0.S13.S1.C.D.D41._Z._Z._T.XDC._Z.S.V.N._T,Q,N,I9,W0,S13,S1,C,D,D41,_Z,_Z,_T,XDC,_Z,S,V,N,_T,2022-Q1,45276.29,P,F,,,,,P3M,,"Euro area 20 (fixed composition) as of 1 January 2023 - Interest - Debit (Uses) - counterpart area: World (all areas, including reference area, including IO), counterpart sector: Total economy - Consolidated, Current prices, Standard valuation based on SNA/ESA - Domestic currency (incl. conversion to current currency made using a fixed parity), Neither seasonally adjusted nor calendar adjusted data - ESA 2010",4D0,,,,0,,,,,,,,,,S,Government interest expenditure,,6,
GFS.Q.N.I9.W0.S13.S1.C.D.D41._Z._Z._T.XDC._Z.S.V.N._T,Q,N,I9,W0,S13,S1,C,D,D41,_Z,_Z,_T,XDC,_Z,S,V,N,_T,2022-Q2,63093.63,P,F,,,,,P3M,,"Euro area 20 (fixed composition) as of 1 January 2023 - Interest - Debit (Uses) - counterpart area: World (all areas, including reference area, including IO), counterpart sector: Total economy - Consolidated, Current prices, Standard valuation based on SNA/ESA - Domestic currency (incl. conversion to current currency made using a fixed parity), Neither seasonally adjusted nor calendar adjusted data - ESA 2010",4D0,,,,0,,,,,,,,,,S,Government interest expenditure,,6,
GFS.Q.N.I9.W0.S13.S1.C.D.D41._Z._Z._T.XDC._Z.S.V.N._T,Q,N,I9,W0,S13,S1,C,D,D41,_Z,_Z,_T,XDC,_Z,S,V,N,_T,2022-Q3,53273.33,P,F,,,,,P3M,,"Euro area 20 (fixed composition) as of 1 January 2023 - Interest - Debit (Uses) - counterpart area: World (all areas, including reference area, including IO), counterpart sector: Total economy - Consolidated, Current prices, Standard valuation based on SNA/ESA - Domestic currency (incl. conversion to current currency made using a fixed parity), Neither seasonally adjusted nor calendar adjusted data - ESA 2010",4D0,,,,0,,,,,,,,,,S,Government interest expenditure,,6,
GFS.Q.N.I9.W0.S13.S1.C.D.D41._Z._Z._T.XDC._Z.S.V.N._T,Q,N,I9,W0,S13,S1,C,D,D41,_Z,_Z,_T,XDC,_Z,S,V,N,_T,2022-Q4,67778.68,P,F,,,,,P3M,,"Euro area 20 (fixed composition) as of 1 January 2023 - Interest - Debit (Uses) - counterpart area: World (all areas, including reference area, including IO), counterpart sector: Total economy - Consolidated, Current prices, Standard valuation based on SNA/ESA - Domestic currency (incl. conversion to current currency made using a fixed parity), Neither seasonally adjusted nor calendar adjusted data - ESA 2010",4D0,,,,0,,,,,,,,,,S,Government interest expenditure,,6,
GFS.Q.N.I9.W0.S13.S1.C.D.D41._Z._Z._T.XDC._Z.S.V.N._T,Q,N,I9,W0,S13,S1,C,D,D41,_Z,_Z,_T,XDC,_Z,S,V,N,_T,2023-Q1,47909.48,P,F,,,,,P3M,,"Euro area 20 (fixed composition) as of 1 January 2023 - Interest - Debit (Uses) - counterpart area: World (all areas, including reference area, including IO), counterpart sector: Total economy - Consolidated, Current prices, Standard valuation based on SNA/ESA - Domestic currency (incl. conversion to current currency made using a fixed parity), Neither seasonally adjusted nor calendar adjusted data - ESA 2010",4D0,,,,0,,,,,,,,,,S,Government interest expenditure,,6,
GFS.Q.N.I9.W0.S13.S1.C.D.D41._Z._Z._T.XDC._Z.S.V.N._T,Q,N,I9,W0,S13,S1,C,D,D41,_Z,_Z,_T,XDC,_Z,S,V,N,_T,2023-Q2,72311.98,P,F,,,,,P3M,,"Euro area 20 (fixed composition) as of 1 January 2023 - Interest - Debit (Uses) - counterpart area: World (all areas, including reference area, including IO), counterpart sector: Total economy - Consolidated, Current prices, Standard valuation based on SNA/ESA - Domestic currency (incl. conversion to current currency made using a fixed parity), Neither seasonally adjusted nor calendar adjusted data - ESA 2010",4D0,,,,0,,,,,,,,,,S,Government interest expenditure,,6,
GFS.Q.N.I9.W0.S13.S1.C.D.D41._Z._Z._T.XDC._Z.S.V.N._T,Q,N,I9,W0,S13,S1,C,D,D41,_Z,_Z,_T,XDC,_Z,S,V,N,_T,2023-Q3,62129.7,P,F,,,,,P3M,,"Euro area 20 (fixed composition) as of 1 January 2023 - Interest - Debit (Uses) - counterpart area: World (all areas, including reference area, including IO), counterpart sector: Total economy - Consolidated, Current prices, Standard valuation based on SNA/ESA - Domestic currency (incl. conversion to current currency made using a fixed parity), Neither seasonally adjusted nor calendar adjusted data - ESA 2010",4D0,,,,0,,,,,,,,,,S,Government interest expenditure,,6,
GFS.Q.N.I9.W0.S13.S1.C.D.D41._Z._Z._T.XDC._Z.S.V.N._T,Q,N,I9,W0,S13,S1,C,D,D41,_Z,_Z,_T,XDC,_Z,S,V,N,_T,2023-Q4,70741.27,P,F,,,,,P3M,,"Euro area 20 (fixed composition) as of 1 January 2023 - Interest - Debit (Uses) - counterpart area: World (all areas, including reference area, including IO), counterpart sector: Total economy - Consolidated, Current prices, Standard valuation based on SNA/ESA - Domestic currency (incl. conversion to current currency made using a fixed parity), Neither seasonally adjusted nor calendar adjusted data - ESA 2010",4D0,,,,0,,,,,,,,,,S,Government interest expenditure,,6,
GFS.Q.N.I9.W0.S13.S1.C.D.D41._Z._Z._T.XDC._Z.S.V.N._T,Q,N,I9,W0,S13,S1,C,D,D41,_Z,_Z,_T,XDC,_Z,S,V,N,_T,2024-Q1,60561.35,P,F,,,,,P3M,,"Euro area 20 (fixed composition) as of 1 January 2023 - Interest - Debit (Uses) - counterpart area: World (all areas, including reference area, including IO), counterpart sector: Total economy - Consolidated, Current prices, Standard valuation based on SNA/ESA - Domestic currency (incl. conversion to current currency made using a fixed parity), Neither seasonally adjusted nor calendar adjusted data - ESA 2010",4D0,,,,0,,,,,,,,,,S,Government interest expenditure,,6,
GFS.Q.N.I9.W0.S13.S1.C.D.D41._Z._Z._T.XDC._Z.S.V.N._T,Q,N,I9,W0,S13,S1,C,D,D41,_Z,_Z,_T,XDC,_Z,S,V,N,_T,2024-Q2,80623.32,P,F,,,,,P3M,,"Euro area 20 (fixed composition) as of 1 January 2023 - Interest - Debit (Uses) - counterpart area: World (all areas, including reference area, including IO), counterpart sector: Total economy - Consolidated, Current prices, Standard valuation based on SNA/ESA - Domestic currency (incl. conversion to current currency made using a fixed parity), Neither seasonally adjusted nor calendar adjusted data - ESA 2010",4D0,,,,0,,,,,,,,,,S,Government interest expenditure,,6,
GFS.Q.N.I9.W0.S13.S1.C.D.D41._Z._Z._T.XDC._Z.S.V.N._T,Q,N,I9,W0,S13,S1,C,D,D41,_Z,_Z,_T,XDC,_Z,S,V,N,_T,2024-Q3,73045.75,P,F,,,,,P3M,,"Euro area 20 (fixed composition) as of 1 January 2023 - Interest - Debit (Uses) - counterpart area: World (all areas, including reference area, including IO), counterpart sector: Total economy - Consolidated, Current prices, Standard valuation based on SNA/ESA - Domestic currency (incl. conversion to current currency made using a fixed parity), Neither seasonally adjusted nor calendar adjusted data - ESA 2010",4D0,,,,0,,,,,,,,,,S,Government interest expenditure,,6,
GFS.Q.N.I9.W0.S13.S1.C.D.D41._Z._Z._T.XDC._Z.S.V.N._T,Q,N,I9,W0,S13,S1,C,D,D41,_Z,_Z,_T,XDC,_Z,S,V,N,_T,2024-Q4,72847.82,P,F,,,,,P3M,,"Euro area 20 (fixed composition) as of 1 January 2023 - Interest - Debit (Uses) - counterpart area: World (all areas, including reference area, including IO), counterpart sector: Total economy - Consolidated, Current prices, Standard valuation based on SNA/ESA - Domestic currency (incl. conversion to current currency made using a fixed parity), Neither seasonally adjusted nor calendar adjusted data - ESA 2010",4D0,,,,0,,,,,,,,,,S,Government interest expenditure,,6,
GFS.Q.N.I9.W0.S13.S1.C.D.D41._Z._Z._T.XDC._Z.S.V.N._T,Q,N,I9,W0,S13,S1,C,D,D41,_Z,_Z,_T,XDC,_Z,S,V,N,_T,2025-Q1,67948.17,P,F,,,,,P3M,,"Euro area 20 (fixed composition) as of 1 January 2023 - Interest - Debit (Uses) - counterpart area: World (all areas, including reference area, including IO), counterpart sector: Total economy - Consolidated, Current prices, Standard valuation based on SNA/ESA - Domestic currency (incl. conversion to current currency made using a fixed parity), Neither seasonally adjusted nor calendar adjusted data - ESA 2010",4D0,,,,0,,,,,,,,,,S,Government interest expenditure,,6,
GFS.Q.N.I9.W0.S13.S1.C.D.D41._Z._Z._T.XDC._Z.S.V.N._T,Q,N,I9,W0,S13,S1,C,D,D41,_Z,_Z,_T,XDC,_Z,S,V,N,_T,2025-Q2,82323.31,P,F,,,,,P3M,,"Euro area 20 (fixed composition) as of 1 January 2023 - Interest - Debit (Uses) - counterpart area: World (all areas, including reference area, including IO), counterpart sector: Total economy - Consolidated, Current prices, Standard valuation based on SNA/ESA - Domestic currency (incl. conversion to current currency made using a fixed parity), Neither seasonally adjusted nor calendar adjusted data - ESA 2010",4D0,,,,0,,,,,,,,,,S,Government interest expenditure,,6,
GFS.Q.N.I9.W0.S13.S1.C.D.D41._Z._Z._T.XDC._Z.S.V.N._T,Q,N,I9,W0,S13,S1,C,D,D41,_Z,_Z,_T,XDC,_Z,S,V,N,_T,2025-Q3,74866.91,P,F,,,,,P3M,,"Euro area 20 (fixed composition) as of 1 January 2023 - Interest - Debit (Uses) - counterpart area: World (all areas, including reference area, including IO), counterpart sector: Total economy - Consolidated, Current prices, Standard valuation based on SNA/ESA - Domestic currency (incl. conversion to current currency made using a fixed parity), Neither seasonally adjusted nor calendar adjusted data - ESA 2010",4D0,,,,0,,,,,,,,,,S,Government interest expenditure,,6,
GFS.Q.N.I9.W0.S13.S1.C.D.D41._Z._Z._T.XDC._Z.S.V.N._T,Q,N,I9,W0,S13,S1,C,D,D41,_Z,_Z,_T,XDC,_Z,S,V,N,_T,2025-Q4,76441.17,P,F,,,,,P3M,,"Euro area 20 (fixed composition) as of 1 January 2023 - Interest - Debit (Uses) - counterpart area: World (all areas, including reference area, including IO), counterpart sector: Total economy - Consolidated, Current prices, Standard valuation based on SNA/ESA - Domestic currency (incl. conversion to current currency made using a fixed parity), Neither seasonally adjusted nor calendar adjusted data - ESA 2010",4D0,,,,0,,,,,,,,,,S,Government interest expenditure,,6,
GFS.Q.N.I9.W0.S13.S1.C.D.D41._Z._Z._T.XDC._Z.S.V.N._T,Q,N,I9,W0,S13,S1,C,D,D41,_Z,_Z,_T,XDC,_Z,S,V,N,_T,2026-Q1,69493.96,P,F,,,,,P3M,,"Euro area 20 (fixed composition) as of 1 January 2023 - Interest - Debit (Uses) - counterpart area: World (all areas, including reference area, including IO), counterpart sector: Total economy - Consolidated, Current prices, Standard valuation based on SNA/ESA - Domestic currency (incl. conversion to current currency made using a fixed parity), Neither seasonally adjusted nor calendar adjusted data - ESA 2010",4D0,,,,0,,,,,,,,,,S,Government interest expenditure,,6,
