KEY,FREQ,ADJUSTMENT,REF_AREA,COUNTERPART_AREA,REF_SECTOR,COUNTERPART_SECTOR,ACCOUNTING_ENTRY,STO,INSTR_ASSET,ACTIVITY,EXPENDITURE,UNIT_MEASURE,PRICES,TRANSFORMATION,TIME_PERIOD,OBS_VALUE,OBS_STATUS,CONF_STATUS,PRE_BREAK_VALUE,COMMENT_OBS,EMBARGO_DATE,TIME_FORMAT,COMMENT_TS,COMPILING_ORG,CURRENCY,DATA_COMP,DECIMALS,DISS_ORG,LAST_UPDATE,REF_PERIOD_DETAIL,REF_YEAR_PRICE,REPYEAREND,REPYEARSTART,TABLE_IDENTIFIER,TIME_PER_COLLECT,TITLE,TITLE_COMPL,UNIT_MULT,COMMENT_DSET
MNA.Q.Y.FR.W2.S1.S1.B.B1GQ._Z._Z._Z.EUR.V.N,Q,Y,FR,W2,S1,S1,B,B1GQ,_Z,_Z,_Z,EUR,V,N,1971-Q1,38754.200574145,A,F,,,,P3M,"Gross domestic product at market prices - France - Domestic (home or reference area), Total economy, Euro, Current prices, Non transformed data, Calendar and seasonally adjusted data",4D0,,,2,,,C,,,,,S,"Gross domestic product at market prices, nominal",,6,
MNA.Q.Y.FR.W2.S1.S1.B.B1GQ._Z._Z._Z.EUR.V.N,Q,Y,FR,W2,S1,S1,B,B1GQ,_Z,_Z,_Z,EUR,V,N,1971-Q2,39330.734392067,A,F,,,,P3M,"Gross domestic product at market prices - France - Domestic (home or reference area), Total economy, Euro, Current prices, Non transformed data, Calendar and seasonally adjusted data",4D0,,,2,,,C,,,,,S,"Gross domestic product at market prices, nominal",,6,
MNA.Q.Y.FR.W2.S1.S1.B.B1GQ._Z._Z._Z.EUR.V.N,Q,Y,FR,W2,S1,S1,B,B1GQ,_Z,_Z,_Z,EUR,V,N,1971-Q3,40012.124728516,A,F,,,,P3M,"Gross domestic product at market prices - France - Domestic (home or reference area), Total economy, Euro, Current prices, Non transformed data, Calendar and seasonally adjusted data",4D0,,,2,,,C,,,,,S,"Gross domestic product at market prices, nominal",,6,
MNA.Q.Y.FR.W2.S1.S1.B.B1GQ._Z._Z._Z.EUR.V.N,Q,Y,FR,W2,S1,S1,B,B1GQ,_Z,_Z,_Z,EUR,V,N,1971-Q4,39969.852531199,A,F,,,,P3M,"Gross domestic product at market prices - France - Domestic (home or reference area), Total economy, Euro, Current prices, Non transformed data, Calendar and seasonally adjusted data",4D0,,,2,,,C,,,,,S,"Gross domestic product at market prices, nominal",,6,
MNA.Q.Y.FR.W2.S1.S1.B.B1GQ._Z._Z._Z.EUR.V.N,Q,Y,FR,W2,S1,S1,B,B1GQ,_Z,_Z,_Z,EUR,V,N,1972-Q1,42491.947098494,A,F,,,,P3M,"Gross domestic product at market prices - France - Domestic (home or reference area), Total economy, Euro, Current prices, Non transformed data, Calendar and seasonally adjusted data",4D0,,,2,,,C,,,,,S,"Gross domestic product at market prices, nominal",,6,
MNA.Q.Y.FR.W2.S1.S1.B.B1GQ._Z._Z._Z.EUR.V.N,Q,Y,FR,W2,S1,S1,B,B1GQ,_Z,_Z,_Z,EUR,V,N,1972-Q2,43918.857362907,A,F,,,,P3M,"Gross domestic product at market prices - France - Domestic (home or reference area), Total economy, Euro, Current prices, Non transformed data, Calendar and seasonally adjusted data",4D0,,,2,,,C,,,,,S,"Gross domestic product at market prices, nominal",,6,
MNA.Q.Y.FR.W2.S1.S1.B.B1GQ._Z._Z._Z.EUR.V.N,Q,Y,FR,W2,S1,S1,B,B1GQ,_Z,_Z,_Z,EUR,V,N,1972-Q3,46128.54837959,A,F,,,,P3M,"Gross domestic product at market prices - France - Domestic (home or reference area), Total economy, Euro, Current prices, Non transformed data, Calendar and seasonally adjusted data",4D0,,,2,,,C,,,,,S,"Gross domestic product at market prices, nominal",,6,
MNA.Q.Y.FR.W2.S1.S1.B.B1GQ._Z._Z._Z.EUR.V.N,Q,Y,FR,W2,S1,S1,B,B1GQ,_Z,_Z,_Z,EUR,V,N,1972-Q4,47432.657823702,A,F,,,,P3M,"Gross domestic product at market prices - France - Domestic (home or reference area), Total economy, Euro, Current prices, Non transformed data, Calendar and seasonally adjusted data",4D0,,,2,,,C,,,,,S,"Gross domestic product at market prices, nominal",,6,
MNA.Q.Y.FR.W2.S1.S1.B.B1GQ._Z._Z._Z.EUR.V.N,Q,Y,FR,W2,S1,S1,B,B1GQ,_Z,_Z,_Z,EUR,V,N,1973-Q1,49656.86580436,A,F,,,,P3M,"Gross domestic product at market prices - France - Domestic (home or reference area), Total economy, Euro, Current prices, Non transformed data, Calendar and seasonally adjusted data",4D0,,,2,,,C,,,,,S,"Gross domestic product at market prices, nominal",,6,
MNA.Q.Y.FR.W2.S1.S1.B.B1GQ._Z._Z._Z.EUR.V.N,Q,Y,FR,W2,S1,S1,B,B1GQ,_Z,_Z,_Z,EUR,V,N,1973-Q2,52451.906553,A,F,,,,P3M,"Gross domestic product at market prices - France - Domestic (home or reference area), Total economy, Euro, Current prices, Non transformed data, Calendar and seasonally adjusted data",4D0,,,2,,,C,,,,,S,"Gross domestic product at market prices, nominal",,6,
MNA.Q.Y.FR.W2.S1.S1.B.B1GQ._Z._Z._Z.EUR.V.N,Q,Y,FR,W2,S1,S1,B,B1GQ,_Z,_Z,_Z,EUR,V,N,1973-Q3,54338.90517447,A,F,,,,P3M,"Gross domestic product at market prices - France - Domestic (home or reference area), Total economy, Euro, Current prices, Non transformed data, Calendar and seasonally adjusted data",4D0,,,2,,,C,,,,,S,"Gross domestic product at market prices, nominal",,6,
MNA.Q.Y.FR.W2.S1.S1.B.B1GQ._Z._Z._Z.EUR.V.N,Q,Y,FR,W2,S1,S1,B,B1GQ,_Z,_Z,_Z,EUR,V,N,1973-Q4,56920.736594108,A,F,,,,P3M,"Gross domestic product at market prices - France - Domestic (home or reference area), Total economy, Euro, Current prices, Non transformed data, Calendar and seasonally adjusted data",4D0,,,2,,,C,,,,,S,"Gross domestic product at market prices, nominal",,6,
MNA.Q.Y.FR.W2.S1.S1.B.B1GQ._Z._Z._Z.EUR.V.N,Q,Y,FR,W2,S1,S1,B,B1GQ,_Z,_Z,_Z,EUR,V,N,1974-Q1,56465.375883023,A,F,,,,P3M,"Gross domestic product at market prices - France - Domestic (home or reference area), Total economy, Euro, Current prices, Non transformed data, Calendar and seasonally adjusted data",4D0,,,2,,,C,,,,,S,"Gross domestic product at market prices, nominal",,6,
MNA.Q.Y.FR.W2.S1.S1.B.B1GQ._Z._Z._Z.EUR.V.N,Q,Y,FR,W2,S1,S1,B,B1GQ,_Z,_Z,_Z,EUR,V,N,1974-Q2,56425.375870008,A,F,,,,P3M,"Gross domestic product at market prices - France - Domestic (home or reference area), Total economy, Euro, Current prices, Non transformed data, Calendar and seasonally adjusted data",4D0,,,2,,,C,,,,,S,"Gross domestic product at market prices, nominal",,6,
MNA.Q.Y.FR.W2.S1.S1.B.B1GQ._Z._Z._Z.EUR.V.N,Q,Y,FR,W2,S1,S1,B,B1GQ,_Z,_Z,_Z,EUR,V,N,1974-Q3,60855.058032214,A,F,,,,P3M,"Gross domestic product at market prices - France - Domestic (home or reference area), Total economy, Euro, Current prices, Non transformed data, Calendar and seasonally adjusted data",4D0,,,2,,,C,,,,,S,"Gross domestic product at market prices, nominal",,6,
MNA.Q.Y.FR.W2.S1.S1.B.B1GQ._Z._Z._Z.EUR.V.N,Q,Y,FR,W2,S1,S1,B,B1GQ,_Z,_Z,_Z,EUR,V,N,1974-Q4,63532.302777,A,F,,,,P3M,"Gross domestic product at market prices - France - Domestic (home or reference area), Total economy, Euro, Current prices, Non transformed data, Calendar and seasonally adjusted data",4D0,,,2,,,C,,,,,S,"Gross domestic product at market prices, nominal",,6,
MNA.Q.Y.FR.W2.S1.S1.B.B1GQ._Z._Z._Z.EUR.V.N,Q,Y,FR,W2,S1,S1,B,B1GQ,_Z,_Z,_Z,EUR,V,N,1975-Q1,66531.025843415,A,F,,,,P3M,"Gross domestic product at market prices - France - Domestic (home or reference area), Total economy, Euro, Current prices, Non transformed data, Calendar and seasonally adjusted data",4D0,,,2,,,C,,,,,S,"Gross domestic product at market prices, nominal",,6,
MNA.Q.Y.FR.W2.S1.S1.B.B1GQ._Z._Z._Z.EUR.V.N,Q,Y,FR,W2,S1,S1,B,B1GQ,_Z,_Z,_Z,EUR,V,N,1975-Q2,70991.088902648,A,F,,,,P3M,"Gross domestic product at market prices - France - Domestic (home or reference area), Total economy, Euro, Current prices, Non transformed data, Calendar and seasonally adjusted data",4D0,,,2,,,C,,,,,S,"Gross domestic product at market prices, nominal",,6,
MNA.Q.Y.FR.W2.S1.S1.B.B1GQ._Z._Z._Z.EUR.V.N,Q,Y,FR,W2,S1,S1,B,B1GQ,_Z,_Z,_Z,EUR,V,N,1975-Q3,73883.334828845,A,F,,,,P3M,"Gross domestic product at market prices - France - Domestic (home or reference area), Total economy, Euro, Current prices, Non transformed data, Calendar and seasonally adjusted data",4D0,,,2,,,C,,,,,S,"Gross domestic product at market prices, nominal",,6,
MNA.Q.Y.FR.W2.S1.S1.B.B1GQ._Z._Z._Z.EUR.V.N,Q,Y,FR,W2,S1,S1,B,B1GQ,_Z,_Z,_Z,EUR,V,N,1975-Q4,76987.469177007,A,F,,,,P3M,"Gross domestic product at market prices - France - Domestic (home or reference area), Total economy, Euro, Current prices, Non transformed data, Calendar and seasonally adjusted data",4D0,,,2,,,C,,,,,S,"Gross domestic product at market prices, nominal",,6,
MNA.Q.Y.FR.W2.S1.S1.B.B1GQ._Z._Z._Z.EUR.V.N,Q,Y,FR,W2,S1,S1,B,B1GQ,_Z,_Z,_Z,EUR,V,N,1976-Q1,79941.304125095,A,F,,,,P3M,"Gross domestic product at market prices - France - Domestic (home or reference area), Total economy, Euro, Current prices, Non transformed data, Calendar and seasonally adjusted data",4D0,,,2,,,C,,,,,S,"Gross domestic product at market prices, nominal",,6,
MNA.Q.Y.FR.W2.S1.S1.B.B1GQ._Z._Z._Z.EUR.V.N,Q,Y,FR,W2,S1,S1,B,B1GQ,_Z,_Z,_Z,EUR,V,N,1976-Q2,83652.567522759,A,F,,,,P3M,"Gross domestic product at market prices - France - Domestic (home or reference area), Total economy, Euro, Current prices, Non transformed data, Calendar and seasonally adjusted data",4D0,,,2,,,C,,,,,S,"Gross domestic product at market prices, nominal",,6,
MNA.Q.Y.FR.W2.S1.S1.B.B1GQ._Z._Z._Z.EUR.V.N,Q,Y,FR,W2,S1,S1,B,B1GQ,_Z,_Z,_Z,EUR,V,N,1976-Q3,83449.739088209,A,F,,,,P3M,"Gross domestic product at market prices - France - Domestic (home or reference area), Total economy, Euro, Current prices, Non transformed data, Calendar and seasonally adjusted data",4D0,,,2,,,C,,,,,S,"Gross domestic product at market prices, nominal",,6,
MNA.Q.Y.FR.W2.S1.S1.B.B1GQ._Z._Z._Z.EUR.V.N,Q,Y,FR,W2,S1,S1,B,B1GQ,_Z,_Z,_Z,EUR,V,N,1976-Q4,83829.10839953,A,F,,,,P3M,"Gross domestic product at market prices - France - Domestic (home or reference area), Total economy, Euro, Current prices, Non transformed data, Calendar and seasonally adjusted data",4D0,,,2,,,C,,,,,S,"Gross domestic product at market prices, nominal",,6,
MNA.Q.Y.FR.W2.S1.S1.B.B1GQ._Z._Z._Z.EUR.V.N,Q,Y,FR,W2,S1,S1,B,B1GQ,_Z,_Z,_Z,EUR,V,N,1977-Q1,85693.727643072,A,F,,,,P3M,"Gross domestic product at market prices - France - Domestic (home or reference area), Total economy, Euro, Current prices, Non transformed data, Calendar and seasonally adjusted data",4D0,,,2,,,C,,,,,S,"Gross domestic product at market prices, nominal",,6,
MNA.Q.Y.FR.W2.S1.S1.B.B1GQ._Z._Z._Z.EUR.V.N,Q,Y,FR,W2,S1,S1,B,B1GQ,_Z,_Z,_Z,EUR,V,N,1977-Q2,87983.40899384,A,F,,,,P3M,"Gross domestic product at market prices - France - Domestic (home or reference area), Total economy, Euro, Current prices, Non transformed data, Calendar and seasonally adjusted data",4D0,,,2,,,C,,,,,S,"Gross domestic product at market prices, nominal",,6,
MNA.Q.Y.FR.W2.S1.S1.B.B1GQ._Z._Z._Z.EUR.V.N,Q,Y,FR,W2,S1,S1,B,B1GQ,_Z,_Z,_Z,EUR,V,N,1977-Q3,90414.328107902,A,F,,,,P3M,"Gross domestic product at market prices - France - Domestic (home or reference area), Total economy, Euro, Current prices, Non transformed data, Calendar and seasonally adjusted data",4D0,,,2,,,C,,,,,S,"Gross domestic product at market prices, nominal",,6,
MNA.Q.Y.FR.W2.S1.S1.B.B1GQ._Z._Z._Z.EUR.V.N,Q,Y,FR,W2,S1,S1,B,B1GQ,_Z,_Z,_Z,EUR,V,N,1977-Q4,91429.422433437,A,F,,,,P3M,"Gross domestic product at market prices - France - Domestic (home or reference area), Total economy, Euro, Current prices, Non transformed data, Calendar and seasonally adjusted data",4D0,,,2,,,C,,,,,S,"Gross domestic product at market prices, nominal",,6,
MNA.Q.Y.FR.W2.S1.S1.B.B1GQ._Z._Z._Z.EUR.V.N,Q,Y,FR,W2,S1,S1,B,B1GQ,_Z,_Z,_Z,EUR,V,N,1978-Q1,90754.615459512,A,F,,,,P3M,"Gross domestic product at market prices - France - Domestic (home or reference area), Total economy, Euro, Current prices, Non transformed data, Calendar and seasonally adjusted data",4D0,,,2,,,C,,,,,S,"Gross domestic product at market prices, nominal",,6,
MNA.Q.Y.FR.W2.S1.S1.B.B1GQ._Z._Z._Z.EUR.V.N,Q,Y,FR,W2,S1,S1,B,B1GQ,_Z,_Z,_Z,EUR,V,N,1978-Q2,97783.596945724,A,F,,,,P3M,"Gross domestic product at market prices - France - Domestic (home or reference area), Total economy, Euro, Current prices, Non transformed data, Calendar and seasonally adjusted data",4D0,,,2,,,C,,,,,S,"Gross domestic product at market prices, nominal",,6,
MNA.Q.Y.FR.W2.S1.S1.B.B1GQ._Z._Z._Z.EUR.V.N,Q,Y,FR,W2,S1,S1,B,B1GQ,_Z,_Z,_Z,EUR,V,N,1978-Q3,102789.94631522,A,F,,,,P3M,"Gross domestic product at market prices - France - Domestic (home or reference area), Total economy, Euro, Current prices, Non transformed data, Calendar and seasonally adjusted data",4D0,,,2,,,C,,,,,S,"Gross domestic product at market prices, nominal",,6,
MNA.Q.Y.FR.W2.S1.S1.B.B1GQ._Z._Z._Z.EUR.V.N,Q,Y,FR,W2,S1,S1,B,B1GQ,_Z,_Z,_Z,EUR,V,N,1978-Q4,103452.89851403,A,F,,,,P3M,"Gross domestic product at market prices - France - Domestic (home or reference area), Total economy, Euro, Current prices, Non transformed data, Calendar and seasonally adjusted data",4D0,,,2,,,C,,,,,S,"Gross domestic product at market prices, nominal",,6,
MNA.Q.Y.FR.W2.S1.S1.B.B1GQ._Z._Z._Z.EUR.V.N,Q,Y,FR,W2,S1,S1,B,B1GQ,_Z,_Z,_Z,EUR,V,N,1979-Q1,106867.8992069,A,F,,,,P3M,"Gross domestic product at market prices - France - Domestic (home or reference area), Total economy, Euro, Current prices, Non transformed data, Calendar and seasonally adjusted data",4D0,,,2,,,C,,,,,S,"Gross domestic product at market prices, nominal",,6,
MNA.Q.Y.FR.W2.S1.S1.B.B1GQ._Z._Z._Z.EUR.V.N,Q,Y,FR,W2,S1,S1,B,B1GQ,_Z,_Z,_Z,EUR,V,N,1979-Q2,108770.71693027,A,F,,,,P3M,"Gross domestic product at market prices - France - Domestic (home or reference area), Total economy, Euro, Current prices, Non transformed data, Calendar and seasonally adjusted data",4D0,,,2,,,C,,,,,S,"Gross domestic product at market prices, nominal",,6,
MNA.Q.Y.FR.W2.S1.S1.B.B1GQ._Z._Z._Z.EUR.V.N,Q,Y,FR,W2,S1,S1,B,B1GQ,_Z,_Z,_Z,EUR,V,N,1979-Q3,111724.02025746,A,F,,,,P3M,"Gross domestic product at market prices - France - Domestic (home or reference area), Total economy, Euro, Current prices, Non transformed data, Calendar and seasonally adjusted data",4D0,,,2,,,C,,,,,S,"Gross domestic product at market prices, nominal",,6,
MNA.Q.Y.FR.W2.S1.S1.B.B1GQ._Z._Z._Z.EUR.V.N,Q,Y,FR,W2,S1,S1,B,B1GQ,_Z,_Z,_Z,EUR,V,N,1979-Q4,116504.11638824,A,F,,,,P3M,"Gross domestic product at market prices - France - Domestic (home or reference area), Total economy, Euro, Current prices, Non transformed data, Calendar and seasonally adjusted data",4D0,,,2,,,C,,,,,S,"Gross domestic product at market prices, nominal",,6,
MNA.Q.Y.FR.W2.S1.S1.B.B1GQ._Z._Z._Z.EUR.V.N,Q,Y,FR,W2,S1,S1,B,B1GQ,_Z,_Z,_Z,EUR,V,N,1980-Q1,120824.176697116,A,F,,,,P3M,"Gross domestic product at market prices - France - Domestic (home or reference area), Total economy, Euro, Current prices, Non transformed data, Calendar and seasonally adjusted data",4D0,,,2,,,C,,,,,S,"Gross domestic product at market prices, nominal",,6,
MNA.Q.Y.FR.W2.S1.S1.B.B1GQ._Z._Z._Z.EUR.V.N,Q,Y,FR,W2,S1,S1,B,B1GQ,_Z,_Z,_Z,EUR,V,N,1980-Q2,123753.239027706,A,F,,,,P3M,"Gross domestic product at market prices - France - Domestic (home or reference area), Total economy, Euro, Current prices, Non transformed data, Calendar and seasonally adjusted data",4D0,,,2,,,C,,,,,S,"Gross domestic product at market prices, nominal",,6,
MNA.Q.Y.FR.W2.S1.S1.B.B1GQ._Z._Z._Z.EUR.V.N,Q,Y,FR,W2,S1,S1,B,B1GQ,_Z,_Z,_Z,EUR,V,N,1980-Q3,127031.439301102,A,F,,,,P3M,"Gross domestic product at market prices - France - Domestic (home or reference area), Total economy, Euro, Current prices, Non transformed data, Calendar and seasonally adjusted data",4D0,,,2,,,C,,,,,S,"Gross domestic product at market prices, nominal",,6,
MNA.Q.Y.FR.W2.S1.S1.B.B1GQ._Z._Z._Z.EUR.V.N,Q,Y,FR,W2,S1,S1,B,B1GQ,_Z,_Z,_Z,EUR,V,N,1980-Q4,128332.876687939,A,F,,,,P3M,"Gross domestic product at market prices - France - Domestic (home or reference area), Total economy, Euro, Current prices, Non transformed data, Calendar and seasonally adjusted data",4D0,,,2,,,C,,,,,S,"Gross domestic product at market prices, nominal",,6,
MNA.Q.Y.FR.W2.S1.S1.B.B1GQ._Z._Z._Z.EUR.V.N,Q,Y,FR,W2,S1,S1,B,B1GQ,_Z,_Z,_Z,EUR,V,N,1981-Q1,130906.573862149,A,F,,,,P3M,"Gross domestic product at market prices - France - Domestic (home or reference area), Total economy, Euro, Current prices, Non transformed data, Calendar and seasonally adjusted data",4D0,,,2,,,C,,,,,S,"Gross domestic product at market prices, nominal",,6,
MNA.Q.Y.FR.W2.S1.S1.B.B1GQ._Z._Z._Z.EUR.V.N,Q,Y,FR,W2,S1,S1,B,B1GQ,_Z,_Z,_Z,EUR,V,N,1981-Q2,134161.778016508,A,F,,,,P3M,"Gross domestic product at market prices - France - Domestic (home or reference area), Total economy, Euro, Current prices, Non transformed data, Calendar and seasonally adjusted data",4D0,,,2,,,C,,,,,S,"Gross domestic product at market prices, nominal",,6,
MNA.Q.Y.FR.W2.S1.S1.B.B1GQ._Z._Z._Z.EUR.V.N,Q,Y,FR,W2,S1,S1,B,B1GQ,_Z,_Z,_Z,EUR,V,N,1981-Q3,140261.054484397,A,F,,,,P3M,"Gross domestic product at market prices - France - Domestic (home or reference area), Total economy, Euro, Current prices, Non transformed data, Calendar and seasonally adjusted data",4D0,,,2,,,C,,,,,S,"Gross domestic product at market prices, nominal",,6,
MNA.Q.Y.FR.W2.S1.S1.B.B1GQ._Z._Z._Z.EUR.V.N,Q,Y,FR,W2,S1,S1,B,B1GQ,_Z,_Z,_Z,EUR,V,N,1981-Q4,142505.954506394,A,F,,,,P3M,"Gross domestic product at market prices - France - Domestic (home or reference area), Total economy, Euro, Current prices, Non transformed data, Calendar and seasonally adjusted data",4D0,,,2,,,C,,,,,S,"Gross domestic product at market prices, nominal",,6,
MNA.Q.Y.FR.W2.S1.S1.B.B1GQ._Z._Z._Z.EUR.V.N,Q,Y,FR,W2,S1,S1,B,B1GQ,_Z,_Z,_Z,EUR,V,N,1982-Q1,146828.563372413,A,F,,,,P3M,"Gross domestic product at market prices - France - Domestic (home or reference area), Total economy, Euro, Current prices, Non transformed data, Calendar and seasonally adjusted data",4D0,,,2,,,C,,,,,S,"Gross domestic product at market prices, nominal",,6,
MNA.Q.Y.FR.W2.S1.S1.B.B1GQ._Z._Z._Z.EUR.V.N,Q,Y,FR,W2,S1,S1,B,B1GQ,_Z,_Z,_Z,EUR,V,N,1982-Q2,149801.832411314,A,F,,,,P3M,"Gross domestic product at market prices - France - Domestic (home or reference area), Total economy, Euro, Current prices, Non transformed data, Calendar and seasonally adjusted data",4D0,,,2,,,C,,,,,S,"Gross domestic product at market prices, nominal",,6,
MNA.Q.Y.FR.W2.S1.S1.B.B1GQ._Z._Z._Z.EUR.V.N,Q,Y,FR,W2,S1,S1,B,B1GQ,_Z,_Z,_Z,EUR,V,N,1982-Q3,145555.155270553,A,F,,,,P3M,"Gross domestic product at market prices - France - Domestic (home or reference area), Total economy, Euro, Current prices, Non transformed data, Calendar and seasonally adjusted data",4D0,,,2,,,C,,,,,S,"Gross domestic product at market prices, nominal",,6,
MNA.Q.Y.FR.W2.S1.S1.B.B1GQ._Z._Z._Z.EUR.V.N,Q,Y,FR,W2,S1,S1,B,B1GQ,_Z,_Z,_Z,EUR,V,N,1982-Q4,148746.668761145,A,F,,,,P3M,"Gross domestic product at market prices - France - Domestic (home or reference area), Total economy, Euro, Current prices, Non transformed data, Calendar and seasonally adjusted data",4D0,,,2,,,C,,,,,S,"Gross domestic product at market prices, nominal",,6,
MNA.Q.Y.FR.W2.S1.S1.B.B1GQ._Z._Z._Z.EUR.V.N,Q,Y,FR,W2,S1,S1,B,B1GQ,_Z,_Z,_Z,EUR,V,N,1983-Q1,155010.878664921,A,F,,,,P3M,"Gross domestic product at market prices - France - Domestic (home or reference area), Total economy, Euro, Current prices, Non transformed data, Calendar and seasonally adjusted data",4D0,,,2,,,C,,,,,S,"Gross domestic product at market prices, nominal",,6,
MNA.Q.Y.FR.W2.S1.S1.B.B1GQ._Z._Z._Z.EUR.V.N,Q,Y,FR,W2,S1,S1,B,B1GQ,_Z,_Z,_Z,EUR,V,N,1983-Q2,152735.608784669,A,F,,,,P3M,"Gross domestic product at market prices - France - Domestic (home or reference area), Total economy, Euro, Current prices, Non transformed data, Calendar and seasonally adjusted data",4D0,,,2,,,C,,,,,S,"Gross domestic product at market prices, nominal",,6,
MNA.Q.Y.FR.W2.S1.S1.B.B1GQ._Z._Z._Z.EUR.V.N,Q,Y,FR,W2,S1,S1,B,B1GQ,_Z,_Z,_Z,EUR,V,N,1983-Q3,156075.069894268,A,F,,,,P3M,"Gross domestic product at market prices - France - Domestic (home or reference area), Total economy, Euro, Current prices, Non transformed data, Calendar and seasonally adjusted data",4D0,,,2,,,C,,,,,S,"Gross domestic product at market prices, nominal",,6,
MNA.Q.Y.FR.W2.S1.S1.B.B1GQ._Z._Z._Z.EUR.V.N,Q,Y,FR,W2,S1,S1,B,B1GQ,_Z,_Z,_Z,EUR,V,N,1983-Q4,158714.616572188,A,F,,,,P3M,"Gross domestic product at market prices - France - Domestic (home or reference area), Total economy, Euro, Current prices, Non transformed data, Calendar and seasonally adjusted data",4D0,,,2,,,C,,,,,S,"Gross domestic product at market prices, nominal",,6,
MNA.Q.Y.FR.W2.S1.S1.B.B1GQ._Z._Z._Z.EUR.V.N,Q,Y,FR,W2,S1,S1,B,B1GQ,_Z,_Z,_Z,EUR,V,N,1984-Q1,162161.689187987,A,F,,,,P3M,"Gross domestic product at market prices - France - Domestic (home or reference area), Total economy, Euro, Current prices, Non transformed data, Calendar and seasonally adjusted data",4D0,,,2,,,C,,,,,S,"Gross domestic product at market prices, nominal",,6,
MNA.Q.Y.FR.W2.S1.S1.B.B1GQ._Z._Z._Z.EUR.V.N,Q,Y,FR,W2,S1,S1,B,B1GQ,_Z,_Z,_Z,EUR,V,N,1984-Q2,165663.755057585,A,F,,,,P3M,"Gross domestic product at market prices - France - Domestic (home or reference area), Total economy, Euro, Current prices, Non transformed data, Calendar and seasonally adjusted data",4D0,,,2,,,C,,,,,S,"Gross domestic product at market prices, nominal",,6,
MNA.Q.Y.FR.W2.S1.S1.B.B1GQ._Z._Z._Z.EUR.V.N,Q,Y,FR,W2,S1,S1,B,B1GQ,_Z,_Z,_Z,EUR,V,N,1984-Q3,168872.989048718,A,F,,,,P3M,"Gross domestic product at market prices - France - Domestic (home or reference area), Total economy, Euro, Current prices, Non transformed data, Calendar and seasonally adjusted data",4D0,,,2,,,C,,,,,S,"Gross domestic product at market prices, nominal",,6,
MNA.Q.Y.FR.W2.S1.S1.B.B1GQ._Z._Z._Z.EUR.V.N,Q,Y,FR,W2,S1,S1,B,B1GQ,_Z,_Z,_Z,EUR,V,N,1984-Q4,171084.54426642,A,F,,,,P3M,"Gross domestic product at market prices - France - Domestic (home or reference area), Total economy, Euro, Current prices, Non transformed data, Calendar and seasonally adjusted data",4D0,,,2,,,C,,,,,S,"Gross domestic product at market prices, nominal",,6,
MNA.Q.Y.FR.W2.S1.S1.B.B1GQ._Z._Z._Z.EUR.V.N,Q,Y,FR,W2,S1,S1,B,B1GQ,_Z,_Z,_Z,EUR,V,N,1985-Q1,175279.26008786,A,F,,,,P3M,"Gross domestic product at market prices - France - Domestic (home or reference area), Total economy, Euro, Current prices, Non transformed data, Calendar and seasonally adjusted data",4D0,,,2,,,C,,,,,S,"Gross domestic product at market prices, nominal",,6,
MNA.Q.Y.FR.W2.S1.S1.B.B1GQ._Z._Z._Z.EUR.V.N,Q,Y,FR,W2,S1,S1,B,B1GQ,_Z,_Z,_Z,EUR,V,N,1985-Q2,178607.77820095,A,F,,,,P3M,"Gross domestic product at market prices - France - Domestic (home or reference area), Total economy, Euro, Current prices, Non transformed data, Calendar and seasonally adjusted data",4D0,,,2,,,C,,,,,S,"Gross domestic product at market prices, nominal",,6,
MNA.Q.Y.FR.W2.S1.S1.B.B1GQ._Z._Z._Z.EUR.V.N,Q,Y,FR,W2,S1,S1,B,B1GQ,_Z,_Z,_Z,EUR,V,N,1985-Q3,182329.984632609,A,F,,,,P3M,"Gross domestic product at market prices - France - Domestic (home or reference area), Total economy, Euro, Current prices, Non transformed data, Calendar and seasonally adjusted data",4D0,,,2,,,C,,,,,S,"Gross domestic product at market prices, nominal",,6,
MNA.Q.Y.FR.W2.S1.S1.B.B1GQ._Z._Z._Z.EUR.V.N,Q,Y,FR,W2,S1,S1,B,B1GQ,_Z,_Z,_Z,EUR,V,N,1985-Q4,187962.260741399,A,F,,,,P3M,"Gross domestic product at market prices - France - Domestic (home or reference area), Total economy, Euro, Current prices, Non transformed data, Calendar and seasonally adjusted data",4D0,,,2,,,C,,,,,S,"Gross domestic product at market prices, nominal",,6,
MNA.Q.Y.FR.W2.S1.S1.B.B1GQ._Z._Z._Z.EUR.V.N,Q,Y,FR,W2,S1,S1,B,B1GQ,_Z,_Z,_Z,EUR,V,N,1986-Q1,193870.523857079,A,F,,,,P3M,"Gross domestic product at market prices - France - Domestic (home or reference area), Total economy, Euro, Current prices, Non transformed data, Calendar and seasonally adjusted data",4D0,,,2,,,C,,,,,S,"Gross domestic product at market prices, nominal",,6,
MNA.Q.Y.FR.W2.S1.S1.B.B1GQ._Z._Z._Z.EUR.V.N,Q,Y,FR,W2,S1,S1,B,B1GQ,_Z,_Z,_Z,EUR,V,N,1986-Q2,192171.810004385,A,F,,,,P3M,"Gross domestic product at market prices - France - Domestic (home or reference area), Total economy, Euro, Current prices, Non transformed data, Calendar and seasonally adjusted data",4D0,,,2,,,C,,,,,S,"Gross domestic product at market prices, nominal",,6,
MNA.Q.Y.FR.W2.S1.S1.B.B1GQ._Z._Z._Z.EUR.V.N,Q,Y,FR,W2,S1,S1,B,B1GQ,_Z,_Z,_Z,EUR,V,N,1986-Q3,195162.448989419,A,F,,,,P3M,"Gross domestic product at market prices - France - Domestic (home or reference area), Total economy, Euro, Current prices, Non transformed data, Calendar and seasonally adjusted data",4D0,,,2,,,C,,,,,S,"Gross domestic product at market prices, nominal",,6,
MNA.Q.Y.FR.W2.S1.S1.B.B1GQ._Z._Z._Z.EUR.V.N,Q,Y,FR,W2,S1,S1,B,B1GQ,_Z,_Z,_Z,EUR,V,N,1986-Q4,198335.406408836,A,F,,,,P3M,"Gross domestic product at market prices - France - Domestic (home or reference area), Total economy, Euro, Current prices, Non transformed data, Calendar and seasonally adjusted data",4D0,,,2,,,C,,,,,S,"Gross domestic product at market prices, nominal",,6,
MNA.Q.Y.FR.W2.S1.S1.B.B1GQ._Z._Z._Z.EUR.V.N,Q,Y,FR,W2,S1,S1,B,B1GQ,_Z,_Z,_Z,EUR,V,N,1987-Q1,196915.17620245,A,F,,,,P3M,"Gross domestic product at market prices - France - Domestic (home or reference area), Total economy, Euro, Current prices, Non transformed data, Calendar and seasonally adjusted data",4D0,,,2,,,C,,,,,S,"Gross domestic product at market prices, nominal",,6,
MNA.Q.Y.FR.W2.S1.S1.B.B1GQ._Z._Z._Z.EUR.V.N,Q,Y,FR,W2,S1,S1,B,B1GQ,_Z,_Z,_Z,EUR,V,N,1987-Q2,199331.261232152,A,F,,,,P3M,"Gross domestic product at market prices - France - Domestic (home or reference area), Total economy, Euro, Current prices, Non transformed data, Calendar and seasonally adjusted data",4D0,,,2,,,C,,,,,S,"Gross domestic product at market prices, nominal",,6,
MNA.Q.Y.FR.W2.S1.S1.B.B1GQ._Z._Z._Z.EUR.V.N,Q,Y,FR,W2,S1,S1,B,B1GQ,_Z,_Z,_Z,EUR,V,N,1987-Q3,202576.973473687,A,F,,,,P3M,"Gross domestic product at market prices - France - Domestic (home or reference area), Total economy, Euro, Current prices, Non transformed data, Calendar and seasonally adjusted data",4D0,,,2,,,C,,,,,S,"Gross domestic product at market prices, nominal",,6,
MNA.Q.Y.FR.W2.S1.S1.B.B1GQ._Z._Z._Z.EUR.V.N,Q,Y,FR,W2,S1,S1,B,B1GQ,_Z,_Z,_Z,EUR,V,N,1987-Q4,204994.679611066,A,F,,,,P3M,"Gross domestic product at market prices - France - Domestic (home or reference area), Total economy, Euro, Current prices, Non transformed data, Calendar and seasonally adjusted data",4D0,,,2,,,C,,,,,S,"Gross domestic product at market prices, nominal",,6,
MNA.Q.Y.FR.W2.S1.S1.B.B1GQ._Z._Z._Z.EUR.V.N,Q,Y,FR,W2,S1,S1,B,B1GQ,_Z,_Z,_Z,EUR,V,N,1988-Q1,208908.617456437,A,F,,,,P3M,"Gross domestic product at market prices - France - Domestic (home or reference area), Total economy, Euro, Current prices, Non transformed data, Calendar and seasonally adjusted data",4D0,,,2,,,C,,,,,S,"Gross domestic product at market prices, nominal",,6,
MNA.Q.Y.FR.W2.S1.S1.B.B1GQ._Z._Z._Z.EUR.V.N,Q,Y,FR,W2,S1,S1,B,B1GQ,_Z,_Z,_Z,EUR,V,N,1988-Q2,211112.220242371,A,F,,,,P3M,"Gross domestic product at market prices - France - Domestic (home or reference area), Total economy, Euro, Current prices, Non transformed data, Calendar and seasonally adjusted data",4D0,,,2,,,C,,,,,S,"Gross domestic product at market prices, nominal",,6,
MNA.Q.Y.FR.W2.S1.S1.B.B1GQ._Z._Z._Z.EUR.V.N,Q,Y,FR,W2,S1,S1,B,B1GQ,_Z,_Z,_Z,EUR,V,N,1988-Q3,216075.425475211,A,F,,,,P3M,"Gross domestic product at market prices - France - Domestic (home or reference area), Total economy, Euro, Current prices, Non transformed data, Calendar and seasonally adjusted data",4D0,,,2,,,C,,,,,S,"Gross domestic product at market prices, nominal",,6,
MNA.Q.Y.FR.W2.S1.S1.B.B1GQ._Z._Z._Z.EUR.V.N,Q,Y,FR,W2,S1,S1,B,B1GQ,_Z,_Z,_Z,EUR,V,N,1988-Q4,218802.362487087,A,F,,,,P3M,"Gross domestic product at market prices - France - Domestic (home or reference area), Total economy, Euro, Current prices, Non transformed data, Calendar and seasonally adjusted data",4D0,,,2,,,C,,,,,S,"Gross domestic product at market prices, nominal",,6,
MNA.Q.Y.FR.W2.S1.S1.B.B1GQ._Z._Z._Z.EUR.V.N,Q,Y,FR,W2,S1,S1,B,B1GQ,_Z,_Z,_Z,EUR,V,N,1989-Q1,223312.691867152,A,F,,,,P3M,"Gross domestic product at market prices - France - Domestic (home or reference area), Total economy, Euro, Current prices, Non transformed data, Calendar and seasonally adjusted data",4D0,,,2,,,C,,,,,S,"Gross domestic product at market prices, nominal",,6,
MNA.Q.Y.FR.W2.S1.S1.B.B1GQ._Z._Z._Z.EUR.V.N,Q,Y,FR,W2,S1,S1,B,B1GQ,_Z,_Z,_Z,EUR,V,N,1989-Q2,228189.530847999,A,F,,,,P3M,"Gross domestic product at market prices - France - Domestic (home or reference area), Total economy, Euro, Current prices, Non transformed data, Calendar and seasonally adjusted data",4D0,,,2,,,C,,,,,S,"Gross domestic product at market prices, nominal",,6,
MNA.Q.Y.FR.W2.S1.S1.B.B1GQ._Z._Z._Z.EUR.V.N,Q,Y,FR,W2,S1,S1,B,B1GQ,_Z,_Z,_Z,EUR,V,N,1989-Q3,233110.237413309,A,F,,,,P3M,"Gross domestic product at market prices - France - Domestic (home or reference area), Total economy, Euro, Current prices, Non transformed data, Calendar and seasonally adjusted data",4D0,,,2,,,C,,,,,S,"Gross domestic product at market prices, nominal",,6,
MNA.Q.Y.FR.W2.S1.S1.B.B1GQ._Z._Z._Z.EUR.V.N,Q,Y,FR,W2,S1,S1,B,B1GQ,_Z,_Z,_Z,EUR,V,N,1989-Q4,239737.461273239,A,F,,,,P3M,"Gross domestic product at market prices - France - Domestic (home or reference area), Total economy, Euro, Current prices, Non transformed data, Calendar and seasonally adjusted data",4D0,,,2,,,C,,,,,S,"Gross domestic product at market prices, nominal",,6,
MNA.Q.Y.FR.W2.S1.S1.B.B1GQ._Z._Z._Z.EUR.V.N,Q,Y,FR,W2,S1,S1,B,B1GQ,_Z,_Z,_Z,EUR,V,N,1990-Q1,244119.399847418,A,F,,,,P3M,"Gross domestic product at market prices - France - Domestic (home or reference area), Total economy, Euro, Current prices, Non transformed data, Calendar and seasonally adjusted data",4D0,,,2,,,C,,,,,S,"Gross domestic product at market prices, nominal",,6,
MNA.Q.Y.FR.W2.S1.S1.B.B1GQ._Z._Z._Z.EUR.V.N,Q,Y,FR,W2,S1,S1,B,B1GQ,_Z,_Z,_Z,EUR,V,N,1990-Q2,247958.659230095,A,F,,,,P3M,"Gross domestic product at market prices - France - Domestic (home or reference area), Total economy, Euro, Current prices, Non transformed data, Calendar and seasonally adjusted data",4D0,,,2,,,C,,,,,S,"Gross domestic product at market prices, nominal",,6,
MNA.Q.Y.FR.W2.S1.S1.B.B1GQ._Z._Z._Z.EUR.V.N,Q,Y,FR,W2,S1,S1,B,B1GQ,_Z,_Z,_Z,EUR,V,N,1990-Q3,248393.80211733,A,F,,,,P3M,"Gross domestic product at market prices - France - Domestic (home or reference area), Total economy, Euro, Current prices, Non transformed data, Calendar and seasonally adjusted data",4D0,,,2,,,C,,,,,S,"Gross domestic product at market prices, nominal",,6,
MNA.Q.Y.FR.W2.S1.S1.B.B1GQ._Z._Z._Z.EUR.V.N,Q,Y,FR,W2,S1,S1,B,B1GQ,_Z,_Z,_Z,EUR,V,N,1990-Q4,250496.181783363,A,F,,,,P3M,"Gross domestic product at market prices - France - Domestic (home or reference area), Total economy, Euro, Current prices, Non transformed data, Calendar and seasonally adjusted data",4D0,,,2,,,C,,,,,S,"Gross domestic product at market prices, nominal",,6,
MNA.Q.Y.FR.W2.S1.S1.B.B1GQ._Z._Z._Z.EUR.V.N,Q,Y,FR,W2,S1,S1,B,B1GQ,_Z,_Z,_Z,EUR,V,N,1991-Q1,250398.376256295,A,F,,,,P3M,"Gross domestic product at market prices - France - Domestic (home or reference area), Total economy, Euro, Current prices, Non transformed data, Calendar and seasonally adjusted data",4D0,,,2,,,C,,,,,S,"Gross domestic product at market prices, nominal",,6,
MNA.Q.Y.FR.W2.S1.S1.B.B1GQ._Z._Z._Z.EUR.V.N,Q,Y,FR,W2,S1,S1,B,B1GQ,_Z,_Z,_Z,EUR,V,N,1991-Q2,253862.29738895,A,F,,,,P3M,"Gross domestic product at market prices - France - Domestic (home or reference area), Total economy, Euro, Current prices, Non transformed data, Calendar and seasonally adjusted data",4D0,,,2,,,C,,,,,S,"Gross domestic product at market prices, nominal",,6,
MNA.Q.Y.FR.W2.S1.S1.B.B1GQ._Z._Z._Z.EUR.V.N,Q,Y,FR,W2,S1,S1,B,B1GQ,_Z,_Z,_Z,EUR,V,N,1991-Q3,256294.968511168,A,F,,,,P3M,"Gross domestic product at market prices - France - Domestic (home or reference area), Total economy, Euro, Current prices, Non transformed data, Calendar and seasonally adjusted data",4D0,,,2,,,C,,,,,S,"Gross domestic product at market prices, nominal",,6,
MNA.Q.Y.FR.W2.S1.S1.B.B1GQ._Z._Z._Z.EUR.V.N,Q,Y,FR,W2,S1,S1,B,B1GQ,_Z,_Z,_Z,EUR,V,N,1991-Q4,258925.078249562,A,F,,,,P3M,"Gross domestic product at market prices - France - Domestic (home or reference area), Total economy, Euro, Current prices, Non transformed data, Calendar and seasonally adjusted data",4D0,,,2,,,C,,,,,S,"Gross domestic product at market prices, nominal",,6,
MNA.Q.Y.FR.W2.S1.S1.B.B1GQ._Z._Z._Z.EUR.V.N,Q,Y,FR,W2,S1,S1,B,B1GQ,_Z,_Z,_Z,EUR,V,N,1992-Q1,263655.368013256,A,F,,,,P3M,"Gross domestic product at market prices - France - Domestic (home or reference area), Total economy, Euro, Current prices, Non transformed data, Calendar and seasonally adjusted data",4D0,,,2,,,C,,,,,S,"Gross domestic product at market prices, nominal",,6,
MNA.Q.Y.FR.W2.S1.S1.B.B1GQ._Z._Z._Z.EUR.V.N,Q,Y,FR,W2,S1,S1,B,B1GQ,_Z,_Z,_Z,EUR,V,N,1992-Q2,265602.307056155,A,F,,,,P3M,"Gross domestic product at market prices - France - Domestic (home or reference area), Total economy, Euro, Current prices, Non transformed data, Calendar and seasonally adjusted data",4D0,,,2,,,C,,,,,S,"Gross domestic product at market prices, nominal",,6,
MNA.Q.Y.FR.W2.S1.S1.B.B1GQ._Z._Z._Z.EUR.V.N,Q,Y,FR,W2,S1,S1,B,B1GQ,_Z,_Z,_Z,EUR,V,N,1992-Q3,268104.532276852,A,F,,,,P3M,"Gross domestic product at market prices - France - Domestic (home or reference area), Total economy, Euro, Current prices, Non transformed data, Calendar and seasonally adjusted data",4D0,,,2,,,C,,,,,S,"Gross domestic product at market prices, nominal",,6,
MNA.Q.Y.FR.W2.S1.S1.B.B1GQ._Z._Z._Z.EUR.V.N,Q,Y,FR,W2,S1,S1,B,B1GQ,_Z,_Z,_Z,EUR,V,N,1992-Q4,276761.384412247,A,F,,,,P3M,"Gross domestic product at market prices - France - Domestic (home or reference area), Total economy, Euro, Current prices, Non transformed data, Calendar and seasonally adjusted data",4D0,,,2,,,C,,,,,S,"Gross domestic product at market prices, nominal",,6,
MNA.Q.Y.FR.W2.S1.S1.B.B1GQ._Z._Z._Z.EUR.V.N,Q,Y,FR,W2,S1,S1,B,B1GQ,_Z,_Z,_Z,EUR,V,N,1993-Q1,280552.393233513,A,F,,,,P3M,"Gross domestic product at market prices - France - Domestic (home or reference area), Total economy, Euro, Current prices, Non transformed data, Calendar and seasonally adjusted data",4D0,,,2,,,C,,,,,S,"Gross domestic product at market prices, nominal",,6,
MNA.Q.Y.FR.W2.S1.S1.B.B1GQ._Z._Z._Z.EUR.V.N,Q,Y,FR,W2,S1,S1,B,B1GQ,_Z,_Z,_Z,EUR,V,N,1993-Q2,281800.490184266,A,F,,,,P3M,"Gross domestic product at market prices - France - Domestic (home or reference area), Total economy, Euro, Current prices, Non transformed data, Calendar and seasonally adjusted data",4D0,,,2,,,C,,,,,S,"Gross domestic product at market prices, nominal",,6,
MNA.Q.Y.FR.W2.S1.S1.B.B1GQ._Z._Z._Z.EUR.V.N,Q,Y,FR,W2,S1,S1,B,B1GQ,_Z,_Z,_Z,EUR,V,N,1993-Q3,278259.030191112,A,F,,,,P3M,"Gross domestic product at market prices - France - Domestic (home or reference area), Total economy, Euro, Current prices, Non transformed data, Calendar and seasonally adjusted data",4D0,,,2,,,C,,,,,S,"Gross domestic product at market prices, nominal",,6,
MNA.Q.Y.FR.W2.S1.S1.B.B1GQ._Z._Z._Z.EUR.V.N,Q,Y,FR,W2,S1,S1,B,B1GQ,_Z,_Z,_Z,EUR,V,N,1993-Q4,281219.557118438,A,F,,,,P3M,"Gross domestic product at market prices - France - Domestic (home or reference area), Total economy, Euro, Current prices, Non transformed data, Calendar and seasonally adjusted data",4D0,,,2,,,C,,,,,S,"Gross domestic product at market prices, nominal",,6,
MNA.Q.Y.FR.W2.S1.S1.B.B1GQ._Z._Z._Z.EUR.V.N,Q,Y,FR,W2,S1,S1,B,B1GQ,_Z,_Z,_Z,EUR,V,N,1994-Q1,286274.529319233,A,F,,,,P3M,"Gross domestic product at market prices - France - Domestic (home or reference area), Total economy, Euro, Current prices, Non transformed data, Calendar and seasonally adjusted data",4D0,,,2,,,C,,,,,S,"Gross domestic product at market prices, nominal",,6,
MNA.Q.Y.FR.W2.S1.S1.B.B1GQ._Z._Z._Z.EUR.V.N,Q,Y,FR,W2,S1,S1,B,B1GQ,_Z,_Z,_Z,EUR,V,N,1994-Q2,289474.159662656,A,F,,,,P3M,"Gross domestic product at market prices - France - Domestic (home or reference area), Total economy, Euro, Current prices, Non transformed data, Calendar and seasonally adjusted data",4D0,,,2,,,C,,,,,S,"Gross domestic product at market prices, nominal",,6,
MNA.Q.Y.FR.W2.S1.S1.B.B1GQ._Z._Z._Z.EUR.V.N,Q,Y,FR,W2,S1,S1,B,B1GQ,_Z,_Z,_Z,EUR,V,N,1994-Q3,294558.54820509,A,F,,,,P3M,"Gross domestic product at market prices - France - Domestic (home or reference area), Total economy, Euro, Current prices, Non transformed data, Calendar and seasonally adjusted data",4D0,,,2,,,C,,,,,S,"Gross domestic product at market prices, nominal",,6,
MNA.Q.Y.FR.W2.S1.S1.B.B1GQ._Z._Z._Z.EUR.V.N,Q,Y,FR,W2,S1,S1,B,B1GQ,_Z,_Z,_Z,EUR,V,N,1994-Q4,297857.847003843,A,F,,,,P3M,"Gross domestic product at market prices - France - Domestic (home or reference area), Total economy, Euro, Current prices, Non transformed data, Calendar and seasonally adjusted data",4D0,,,2,,,C,,,,,S,"Gross domestic product at market prices, nominal",,6,
MNA.Q.Y.FR.W2.S1.S1.B.B1GQ._Z._Z._Z.EUR.V.N,Q,Y,FR,W2,S1,S1,B,B1GQ,_Z,_Z,_Z,EUR,V,N,1995-Q1,299931.266385888,A,F,,,,P3M,"Gross domestic product at market prices - France - Domestic (home or reference area), Total economy, Euro, Current prices, Non transformed data, Calendar and seasonally adjusted data",4D0,,,2,,,C,,,,,S,"Gross domestic product at market prices, nominal",,6,
MNA.Q.Y.FR.W2.S1.S1.B.B1GQ._Z._Z._Z.EUR.V.N,Q,Y,FR,W2,S1,S1,B,B1GQ,_Z,_Z,_Z,EUR,V,N,1995-Q2,303971.181017141,A,F,,,,P3M,"Gross domestic product at market prices - France - Domestic (home or reference area), Total economy, Euro, Current prices, Non transformed data, Calendar and seasonally adjusted data",4D0,,,2,,,C,,,,,S,"Gross domestic product at market prices, nominal",,6,
MNA.Q.Y.FR.W2.S1.S1.B.B1GQ._Z._Z._Z.EUR.V.N,Q,Y,FR,W2,S1,S1,B,B1GQ,_Z,_Z,_Z,EUR,V,N,1995-Q3,308032.869262786,A,F,,,,P3M,"Gross domestic product at market prices - France - Domestic (home or reference area), Total economy, Euro, Current prices, Non transformed data, Calendar and seasonally adjusted data",4D0,,,2,,,C,,,,,S,"Gross domestic product at market prices, nominal",,6,
MNA.Q.Y.FR.W2.S1.S1.B.B1GQ._Z._Z._Z.EUR.V.N,Q,Y,FR,W2,S1,S1,B,B1GQ,_Z,_Z,_Z,EUR,V,N,1995-Q4,309448.405991964,A,F,,,,P3M,"Gross domestic product at market prices - France - Domestic (home or reference area), Total economy, Euro, Current prices, Non transformed data, Calendar and seasonally adjusted data",4D0,,,2,,,C,,,,,S,"Gross domestic product at market prices, nominal",,6,
MNA.Q.Y.FR.W2.S1.S1.B.B1GQ._Z._Z._Z.EUR.V.N,Q,Y,FR,W2,S1,S1,B,B1GQ,_Z,_Z,_Z,EUR,V,N,1996-Q1,313541.246146464,A,F,,,,P3M,"Gross domestic product at market prices - France - Domestic (home or reference area), Total economy, Euro, Current prices, Non transformed data, Calendar and seasonally adjusted data",4D0,,,2,,,C,,,,,S,"Gross domestic product at market prices, nominal",,6,
MNA.Q.Y.FR.W2.S1.S1.B.B1GQ._Z._Z._Z.EUR.V.N,Q,Y,FR,W2,S1,S1,B,B1GQ,_Z,_Z,_Z,EUR,V,N,1996-Q2,315382.376664763,A,F,,,,P3M,"Gross domestic product at market prices - France - Domestic (home or reference area), Total economy, Euro, Current prices, Non transformed data, Calendar and seasonally adjusted data",4D0,,,2,,,C,,,,,S,"Gross domestic product at market prices, nominal",,6,
MNA.Q.Y.FR.W2.S1.S1.B.B1GQ._Z._Z._Z.EUR.V.N,Q,Y,FR,W2,S1,S1,B,B1GQ,_Z,_Z,_Z,EUR,V,N,1996-Q3,315852.064255844,A,F,,,,P3M,"Gross domestic product at market prices - France - Domestic (home or reference area), Total economy, Euro, Current prices, Non transformed data, Calendar and seasonally adjusted data",4D0,,,2,,,C,,,,,S,"Gross domestic product at market prices, nominal",,6,
MNA.Q.Y.FR.W2.S1.S1.B.B1GQ._Z._Z._Z.EUR.V.N,Q,Y,FR,W2,S1,S1,B,B1GQ,_Z,_Z,_Z,EUR,V,N,1996-Q4,315508.704637396,A,F,,,,P3M,"Gross domestic product at market prices - France - Domestic (home or reference area), Total economy, Euro, Current prices, Non transformed data, Calendar and seasonally adjusted data",4D0,,,2,,,C,,,,,S,"Gross domestic product at market prices, nominal",,6,
MNA.Q.Y.FR.W2.S1.S1.B.B1GQ._Z._Z._Z.EUR.V.N,Q,Y,FR,W2,S1,S1,B,B1GQ,_Z,_Z,_Z,EUR,V,N,1997-Q1,315078.111059291,A,F,,,,P3M,"Gross domestic product at market prices - France - Domestic (home or reference area), Total economy, Euro, Current prices, Non transformed data, Calendar and seasonally adjusted data",4D0,,,2,,,C,,,,,S,"Gross domestic product at market prices, nominal",,6,
MNA.Q.Y.FR.W2.S1.S1.B.B1GQ._Z._Z._Z.EUR.V.N,Q,Y,FR,W2,S1,S1,B,B1GQ,_Z,_Z,_Z,EUR,V,N,1997-Q2,318271.271180947,A,F,,,,P3M,"Gross domestic product at market prices - France - Domestic (home or reference area), Total economy, Euro, Current prices, Non transformed data, Calendar and seasonally adjusted data",4D0,,,2,,,C,,,,,S,"Gross domestic product at market prices, nominal",,6,
MNA.Q.Y.FR.W2.S1.S1.B.B1GQ._Z._Z._Z.EUR.V.N,Q,Y,FR,W2,S1,S1,B,B1GQ,_Z,_Z,_Z,EUR,V,N,1997-Q3,320082.020504732,A,F,,,,P3M,"Gross domestic product at market prices - France - Domestic (home or reference area), Total economy, Euro, Current prices, Non transformed data, Calendar and seasonally adjusted data",4D0,,,2,,,C,,,,,S,"Gross domestic product at market prices, nominal",,6,
MNA.Q.Y.FR.W2.S1.S1.B.B1GQ._Z._Z._Z.EUR.V.N,Q,Y,FR,W2,S1,S1,B,B1GQ,_Z,_Z,_Z,EUR,V,N,1997-Q4,326414.753072779,A,F,,,,P3M,"Gross domestic product at market prices - France - Domestic (home or reference area), Total economy, Euro, Current prices, Non transformed data, Calendar and seasonally adjusted data",4D0,,,2,,,C,,,,,S,"Gross domestic product at market prices, nominal",,6,
MNA.Q.Y.FR.W2.S1.S1.B.B1GQ._Z._Z._Z.EUR.V.N,Q,Y,FR,W2,S1,S1,B,B1GQ,_Z,_Z,_Z,EUR,V,N,1998-Q1,329720.247284344,A,F,,,,P3M,"Gross domestic product at market prices - France - Domestic (home or reference area), Total economy, Euro, Current prices, Non transformed data, Calendar and seasonally adjusted data",4D0,,,2,,,C,,,,,S,"Gross domestic product at market prices, nominal",,6,
MNA.Q.Y.FR.W2.S1.S1.B.B1GQ._Z._Z._Z.EUR.V.N,Q,Y,FR,W2,S1,S1,B,B1GQ,_Z,_Z,_Z,EUR,V,N,1998-Q2,333089.829588679,A,F,,,,P3M,"Gross domestic product at market prices - France - Domestic (home or reference area), Total economy, Euro, Current prices, Non transformed data, Calendar and seasonally adjusted data",4D0,,,2,,,C,,,,,S,"Gross domestic product at market prices, nominal",,6,
MNA.Q.Y.FR.W2.S1.S1.B.B1GQ._Z._Z._Z.EUR.V.N,Q,Y,FR,W2,S1,S1,B,B1GQ,_Z,_Z,_Z,EUR,V,N,1998-Q3,335556.386023405,A,F,,,,P3M,"Gross domestic product at market prices - France - Domestic (home or reference area), Total economy, Euro, Current prices, Non transformed data, Calendar and seasonally adjusted data",4D0,,,2,,,C,,,,,S,"Gross domestic product at market prices, nominal",,6,
MNA.Q.Y.FR.W2.S1.S1.B.B1GQ._Z._Z._Z.EUR.V.N,Q,Y,FR,W2,S1,S1,B,B1GQ,_Z,_Z,_Z,EUR,V,N,1998-Q4,339998.77259431,A,F,,,,P3M,"Gross domestic product at market prices - France - Domestic (home or reference area), Total economy, Euro, Current prices, Non transformed data, Calendar and seasonally adjusted data",4D0,,,2,,,C,,,,,S,"Gross domestic product at market prices, nominal",,6,
MNA.Q.Y.FR.W2.S1.S1.B.B1GQ._Z._Z._Z.EUR.V.N,Q,Y,FR,W2,S1,S1,B,B1GQ,_Z,_Z,_Z,EUR,V,N,1999-Q1,342826.4,A,F,,,,P3M,"Gross domestic product at market prices - France - Domestic (home or reference area), Total economy, Euro, Current prices, Non transformed data, Calendar and seasonally adjusted data",4D0,,,2,,,C,,,,,S,"Gross domestic product at market prices, nominal",,6,
MNA.Q.Y.FR.W2.S1.S1.B.B1GQ._Z._Z._Z.EUR.V.N,Q,Y,FR,W2,S1,S1,B,B1GQ,_Z,_Z,_Z,EUR,V,N,1999-Q2,345436.3,A,F,,,,P3M,"Gross domestic product at market prices - France - Domestic (home or reference area), Total economy, Euro, Current prices, Non transformed data, Calendar and seasonally adjusted data",4D0,,,2,,,C,,,,,S,"Gross domestic product at market prices, nominal",,6,
MNA.Q.Y.FR.W2.S1.S1.B.B1GQ._Z._Z._Z.EUR.V.N,Q,Y,FR,W2,S1,S1,B,B1GQ,_Z,_Z,_Z,EUR,V,N,1999-Q3,350361.2,A,F,,,,P3M,"Gross domestic product at market prices - France - Domestic (home or reference area), Total economy, Euro, Current prices, Non transformed data, Calendar and seasonally adjusted data",4D0,,,2,,,C,,,,,S,"Gross domestic product at market prices, nominal",,6,
MNA.Q.Y.FR.W2.S1.S1.B.B1GQ._Z._Z._Z.EUR.V.N,Q,Y,FR,W2,S1,S1,B,B1GQ,_Z,_Z,_Z,EUR,V,N,1999-Q4,355431,A,F,,,,P3M,"Gross domestic product at market prices - France - Domestic (home or reference area), Total economy, Euro, Current prices, Non transformed data, Calendar and seasonally adjusted data",4D0,,,2,,,C,,,,,S,"Gross domestic product at market prices, nominal",,6,
MNA.Q.Y.FR.W2.S1.S1.B.B1GQ._Z._Z._Z.EUR.V.N,Q,Y,FR,W2,S1,S1,B,B1GQ,_Z,_Z,_Z,EUR,V,N,2000-Q1,361561,A,F,,,,P3M,"Gross domestic product at market prices - France - Domestic (home or reference area), Total economy, Euro, Current prices, Non transformed data, Calendar and seasonally adjusted data",4D0,,,2,,,C,,,,,S,"Gross domestic product at market prices, nominal",,6,
MNA.Q.Y.FR.W2.S1.S1.B.B1GQ._Z._Z._Z.EUR.V.N,Q,Y,FR,W2,S1,S1,B,B1GQ,_Z,_Z,_Z,EUR,V,N,2000-Q2,366484.3,A,F,,,,P3M,"Gross domestic product at market prices - France - Domestic (home or reference area), Total economy, Euro, Current prices, Non transformed data, Calendar and seasonally adjusted data",4D0,,,2,,,C,,,,,S,"Gross domestic product at market prices, nominal",,6,
MNA.Q.Y.FR.W2.S1.S1.B.B1GQ._Z._Z._Z.EUR.V.N,Q,Y,FR,W2,S1,S1,B,B1GQ,_Z,_Z,_Z,EUR,V,N,2000-Q3,371657,A,F,,,,P3M,"Gross domestic product at market prices - France - Domestic (home or reference area), Total economy, Euro, Current prices, Non transformed data, Calendar and seasonally adjusted data",4D0,,,2,,,C,,,,,S,"Gross domestic product at market prices, nominal",,6,
MNA.Q.Y.FR.W2.S1.S1.B.B1GQ._Z._Z._Z.EUR.V.N,Q,Y,FR,W2,S1,S1,B,B1GQ,_Z,_Z,_Z,EUR,V,N,2000-Q4,375796.7,A,F,,,,P3M,"Gross domestic product at market prices - France - Domestic (home or reference area), Total economy, Euro, Current prices, Non transformed data, Calendar and seasonally adjusted data",4D0,,,2,,,C,,,,,S,"Gross domestic product at market prices, nominal",,6,
MNA.Q.Y.FR.W2.S1.S1.B.B1GQ._Z._Z._Z.EUR.V.N,Q,Y,FR,W2,S1,S1,B,B1GQ,_Z,_Z,_Z,EUR,V,N,2001-Q1,379048.3,A,F,,,,P3M,"Gross domestic product at market prices - France - Domestic (home or reference area), Total economy, Euro, Current prices, Non transformed data, Calendar and seasonally adjusted data",4D0,,,2,,,C,,,,,S,"Gross domestic product at market prices, nominal",,6,
MNA.Q.Y.FR.W2.S1.S1.B.B1GQ._Z._Z._Z.EUR.V.N,Q,Y,FR,W2,S1,S1,B,B1GQ,_Z,_Z,_Z,EUR,V,N,2001-Q2,381391.1,A,F,,,,P3M,"Gross domestic product at market prices - France - Domestic (home or reference area), Total economy, Euro, Current prices, Non transformed data, Calendar and seasonally adjusted data",4D0,,,2,,,C,,,,,S,"Gross domestic product at market prices, nominal",,6,
MNA.Q.Y.FR.W2.S1.S1.B.B1GQ._Z._Z._Z.EUR.V.N,Q,Y,FR,W2,S1,S1,B,B1GQ,_Z,_Z,_Z,EUR,V,N,2001-Q3,385041.9,A,F,,,,P3M,"Gross domestic product at market prices - France - Domestic (home or reference area), Total economy, Euro, Current prices, Non transformed data, Calendar and seasonally adjusted data",4D0,,,2,,,C,,,,,S,"Gross domestic product at market prices, nominal",,6,
MNA.Q.Y.FR.W2.S1.S1.B.B1GQ._Z._Z._Z.EUR.V.N,Q,Y,FR,W2,S1,S1,B,B1GQ,_Z,_Z,_Z,EUR,V,N,2001-Q4,385760.1,A,F,,,,P3M,"Gross domestic product at market prices - France - Domestic (home or reference area), Total economy, Euro, Current prices, Non transformed data, Calendar and seasonally adjusted data",4D0,,,2,,,C,,,,,S,"Gross domestic product at market prices, nominal",,6,
MNA.Q.Y.FR.W2.S1.S1.B.B1GQ._Z._Z._Z.EUR.V.N,Q,Y,FR,W2,S1,S1,B,B1GQ,_Z,_Z,_Z,EUR,V,N,2002-Q1,390222.2,A,F,,,,P3M,"Gross domestic product at market prices - France - Domestic (home or reference area), Total economy, Euro, Current prices, Non transformed data, Calendar and seasonally adjusted data",4D0,,,2,,,C,,,,,S,"Gross domestic product at market prices, nominal",,6,
MNA.Q.Y.FR.W2.S1.S1.B.B1GQ._Z._Z._Z.EUR.V.N,Q,Y,FR,W2,S1,S1,B,B1GQ,_Z,_Z,_Z,EUR,V,N,2002-Q2,393509.3,A,F,,,,P3M,"Gross domestic product at market prices - France - Domestic (home or reference area), Total economy, Euro, Current prices, Non transformed data, Calendar and seasonally adjusted data",4D0,,,2,,,C,,,,,S,"Gross domestic product at market prices, nominal",,6,
MNA.Q.Y.FR.W2.S1.S1.B.B1GQ._Z._Z._Z.EUR.V.N,Q,Y,FR,W2,S1,S1,B,B1GQ,_Z,_Z,_Z,EUR,V,N,2002-Q3,397273.6,A,F,,,,P3M,"Gross domestic product at market prices - France - Domestic (home or reference area), Total economy, Euro, Current prices, Non transformed data, Calendar and seasonally adjusted data",4D0,,,2,,,C,,,,,S,"Gross domestic product at market prices, nominal",,6,
MNA.Q.Y.FR.W2.S1.S1.B.B1GQ._Z._Z._Z.EUR.V.N,Q,Y,FR,W2,S1,S1,B,B1GQ,_Z,_Z,_Z,EUR,V,N,2002-Q4,399452.4,A,F,,,,P3M,"Gross domestic product at market prices - France - Domestic (home or reference area), Total economy, Euro, Current prices, Non transformed data, Calendar and seasonally adjusted data",4D0,,,2,,,C,,,,,S,"Gross domestic product at market prices, nominal",,6,
MNA.Q.Y.FR.W2.S1.S1.B.B1GQ._Z._Z._Z.EUR.V.N,Q,Y,FR,W2,S1,S1,B,B1GQ,_Z,_Z,_Z,EUR,V,N,2003-Q1,401812.6,A,F,,,,P3M,"Gross domestic product at market prices - France - Domestic (home or reference area), Total economy, Euro, Current prices, Non transformed data, Calendar and seasonally adjusted data",4D0,,,2,,,C,,,,,S,"Gross domestic product at market prices, nominal",,6,
MNA.Q.Y.FR.W2.S1.S1.B.B1GQ._Z._Z._Z.EUR.V.N,Q,Y,FR,W2,S1,S1,B,B1GQ,_Z,_Z,_Z,EUR,V,N,2003-Q2,402227.3,A,F,,,,P3M,"Gross domestic product at market prices - France - Domestic (home or reference area), Total economy, Euro, Current prices, Non transformed data, Calendar and seasonally adjusted data",4D0,,,2,,,C,,,,,S,"Gross domestic product at market prices, nominal",,6,
MNA.Q.Y.FR.W2.S1.S1.B.B1GQ._Z._Z._Z.EUR.V.N,Q,Y,FR,W2,S1,S1,B,B1GQ,_Z,_Z,_Z,EUR,V,N,2003-Q3,408986.9,A,F,,,,P3M,"Gross domestic product at market prices - France - Domestic (home or reference area), Total economy, Euro, Current prices, Non transformed data, Calendar and seasonally adjusted data",4D0,,,2,,,C,,,,,S,"Gross domestic product at market prices, nominal",,6,
MNA.Q.Y.FR.W2.S1.S1.B.B1GQ._Z._Z._Z.EUR.V.N,Q,Y,FR,W2,S1,S1,B,B1GQ,_Z,_Z,_Z,EUR,V,N,2003-Q4,411774.3,A,F,,,,P3M,"Gross domestic product at market prices - France - Domestic (home or reference area), Total economy, Euro, Current prices, Non transformed data, Calendar and seasonally adjusted data",4D0,,,2,,,C,,,,,S,"Gross domestic product at market prices, nominal",,6,
MNA.Q.Y.FR.W2.S1.S1.B.B1GQ._Z._Z._Z.EUR.V.N,Q,Y,FR,W2,S1,S1,B,B1GQ,_Z,_Z,_Z,EUR,V,N,2004-Q1,418067.6,A,F,,,,P3M,"Gross domestic product at market prices - France - Domestic (home or reference area), Total economy, Euro, Current prices, Non transformed data, Calendar and seasonally adjusted data",4D0,,,2,,,C,,,,,S,"Gross domestic product at market prices, nominal",,6,
MNA.Q.Y.FR.W2.S1.S1.B.B1GQ._Z._Z._Z.EUR.V.N,Q,Y,FR,W2,S1,S1,B,B1GQ,_Z,_Z,_Z,EUR,V,N,2004-Q2,420780.5,A,F,,,,P3M,"Gross domestic product at market prices - France - Domestic (home or reference area), Total economy, Euro, Current prices, Non transformed data, Calendar and seasonally adjusted data",4D0,,,2,,,C,,,,,S,"Gross domestic product at market prices, nominal",,6,
MNA.Q.Y.FR.W2.S1.S1.B.B1GQ._Z._Z._Z.EUR.V.N,Q,Y,FR,W2,S1,S1,B,B1GQ,_Z,_Z,_Z,EUR,V,N,2004-Q3,424036.5,A,F,,,,P3M,"Gross domestic product at market prices - France - Domestic (home or reference area), Total economy, Euro, Current prices, Non transformed data, Calendar and seasonally adjusted data",4D0,,,2,,,C,,,,,S,"Gross domestic product at market prices, nominal",,6,
MNA.Q.Y.FR.W2.S1.S1.B.B1GQ._Z._Z._Z.EUR.V.N,Q,Y,FR,W2,S1,S1,B,B1GQ,_Z,_Z,_Z,EUR,V,N,2004-Q4,429992.9,A,F,,,,P3M,"Gross domestic product at market prices - France - Domestic (home or reference area), Total economy, Euro, Current prices, Non transformed data, Calendar and seasonally adjusted data",4D0,,,2,,,C,,,,,S,"Gross domestic product at market prices, nominal",,6,
MNA.Q.Y.FR.W2.S1.S1.B.B1GQ._Z._Z._Z.EUR.V.N,Q,Y,FR,W2,S1,S1,B,B1GQ,_Z,_Z,_Z,EUR,V,N,2005-Q1,433477,A,F,,,,P3M,"Gross domestic product at market prices - France - Domestic (home or reference area), Total economy, Euro, Current prices, Non transformed data, Calendar and seasonally adjusted data",4D0,,,2,,,C,,,,,S,"Gross domestic product at market prices, nominal",,6,
MNA.Q.Y.FR.W2.S1.S1.B.B1GQ._Z._Z._Z.EUR.V.N,Q,Y,FR,W2,S1,S1,B,B1GQ,_Z,_Z,_Z,EUR,V,N,2005-Q2,437097.7,A,F,,,,P3M,"Gross domestic product at market prices - France - Domestic (home or reference area), Total economy, Euro, Current prices, Non transformed data, Calendar and seasonally adjusted data",4D0,,,2,,,C,,,,,S,"Gross domestic product at market prices, nominal",,6,
MNA.Q.Y.FR.W2.S1.S1.B.B1GQ._Z._Z._Z.EUR.V.N,Q,Y,FR,W2,S1,S1,B,B1GQ,_Z,_Z,_Z,EUR,V,N,2005-Q3,442649.8,A,F,,,,P3M,"Gross domestic product at market prices - France - Domestic (home or reference area), Total economy, Euro, Current prices, Non transformed data, Calendar and seasonally adjusted data",4D0,,,2,,,C,,,,,S,"Gross domestic product at market prices, nominal",,6,
MNA.Q.Y.FR.W2.S1.S1.B.B1GQ._Z._Z._Z.EUR.V.N,Q,Y,FR,W2,S1,S1,B,B1GQ,_Z,_Z,_Z,EUR,V,N,2005-Q4,447298.7,A,F,,,,P3M,"Gross domestic product at market prices - France - Domestic (home or reference area), Total economy, Euro, Current prices, Non transformed data, Calendar and seasonally adjusted data",4D0,,,2,,,C,,,,,S,"Gross domestic product at market prices, nominal",,6,
MNA.Q.Y.FR.W2.S1.S1.B.B1GQ._Z._Z._Z.EUR.V.N,Q,Y,FR,W2,S1,S1,B,B1GQ,_Z,_Z,_Z,EUR,V,N,2006-Q1,452766.2,A,F,,,,P3M,"Gross domestic product at market prices - France - Domestic (home or reference area), Total economy, Euro, Current prices, Non transformed data, Calendar and seasonally adjusted data",4D0,,,2,,,C,,,,,S,"Gross domestic product at market prices, nominal",,6,
MNA.Q.Y.FR.W2.S1.S1.B.B1GQ._Z._Z._Z.EUR.V.N,Q,Y,FR,W2,S1,S1,B,B1GQ,_Z,_Z,_Z,EUR,V,N,2006-Q2,460430.3,A,F,,,,P3M,"Gross domestic product at market prices - France - Domestic (home or reference area), Total economy, Euro, Current prices, Non transformed data, Calendar and seasonally adjusted data",4D0,,,2,,,C,,,,,S,"Gross domestic product at market prices, nominal",,6,
MNA.Q.Y.FR.W2.S1.S1.B.B1GQ._Z._Z._Z.EUR.V.N,Q,Y,FR,W2,S1,S1,B,B1GQ,_Z,_Z,_Z,EUR,V,N,2006-Q3,464821.2,A,F,,,,P3M,"Gross domestic product at market prices - France - Domestic (home or reference area), Total economy, Euro, Current prices, Non transformed data, Calendar and seasonally adjusted data",4D0,,,2,,,C,,,,,S,"Gross domestic product at market prices, nominal",,6,
MNA.Q.Y.FR.W2.S1.S1.B.B1GQ._Z._Z._Z.EUR.V.N,Q,Y,FR,W2,S1,S1,B,B1GQ,_Z,_Z,_Z,EUR,V,N,2006-Q4,470234.6,A,F,,,,P3M,"Gross domestic product at market prices - France - Domestic (home or reference area), Total economy, Euro, Current prices, Non transformed data, Calendar and seasonally adjusted data",4D0,,,2,,,C,,,,,S,"Gross domestic product at market prices, nominal",,6,
MNA.Q.Y.FR.W2.S1.S1.B.B1GQ._Z._Z._Z.EUR.V.N,Q,Y,FR,W2,S1,S1,B,B1GQ,_Z,_Z,_Z,EUR,V,N,2007-Q1,477308,A,F,,,,P3M,"Gross domestic product at market prices - France - Domestic (home or reference area), Total economy, Euro, Current prices, Non transformed data, Calendar and seasonally adjusted data",4D0,,,2,,,C,,,,,S,"Gross domestic product at market prices, nominal",,6,
MNA.Q.Y.FR.W2.S1.S1.B.B1GQ._Z._Z._Z.EUR.V.N,Q,Y,FR,W2,S1,S1,B,B1GQ,_Z,_Z,_Z,EUR,V,N,2007-Q2,482903.5,A,F,,,,P3M,"Gross domestic product at market prices - France - Domestic (home or reference area), Total economy, Euro, Current prices, Non transformed data, Calendar and seasonally adjusted data",4D0,,,2,,,C,,,,,S,"Gross domestic product at market prices, nominal",,6,
MNA.Q.Y.FR.W2.S1.S1.B.B1GQ._Z._Z._Z.EUR.V.N,Q,Y,FR,W2,S1,S1,B,B1GQ,_Z,_Z,_Z,EUR,V,N,2007-Q3,487475.9,A,F,,,,P3M,"Gross domestic product at market prices - France - Domestic (home or reference area), Total economy, Euro, Current prices, Non transformed data, Calendar and seasonally adjusted data",4D0,,,2,,,C,,,,,S,"Gross domestic product at market prices, nominal",,6,
MNA.Q.Y.FR.W2.S1.S1.B.B1GQ._Z._Z._Z.EUR.V.N,Q,Y,FR,W2,S1,S1,B,B1GQ,_Z,_Z,_Z,EUR,V,N,2007-Q4,491560.1,A,F,,,,P3M,"Gross domestic product at market prices - France - Domestic (home or reference area), Total economy, Euro, Current prices, Non transformed data, Calendar and seasonally adjusted data",4D0,,,2,,,C,,,,,S,"Gross domestic product at market prices, nominal",,6,
MNA.Q.Y.FR.W2.S1.S1.B.B1GQ._Z._Z._Z.EUR.V.N,Q,Y,FR,W2,S1,S1,B,B1GQ,_Z,_Z,_Z,EUR,V,N,2008-Q1,499328.4,A,F,,,,P3M,"Gross domestic product at market prices - France - Domestic (home or reference area), Total economy, Euro, Current prices, Non transformed data, Calendar and seasonally adjusted data",4D0,,,2,,,C,,,,,S,"Gross domestic product at market prices, nominal",,6,
MNA.Q.Y.FR.W2.S1.S1.B.B1GQ._Z._Z._Z.EUR.V.N,Q,Y,FR,W2,S1,S1,B,B1GQ,_Z,_Z,_Z,EUR,V,N,2008-Q2,499156.2,A,F,,,,P3M,"Gross domestic product at market prices - France - Domestic (home or reference area), Total economy, Euro, Current prices, Non transformed data, Calendar and seasonally adjusted data",4D0,,,2,,,C,,,,,S,"Gross domestic product at market prices, nominal",,6,
MNA.Q.Y.FR.W2.S1.S1.B.B1GQ._Z._Z._Z.EUR.V.N,Q,Y,FR,W2,S1,S1,B,B1GQ,_Z,_Z,_Z,EUR,V,N,2008-Q3,498272.6,A,F,,,,P3M,"Gross domestic product at market prices - France - Domestic (home or reference area), Total economy, Euro, Current prices, Non transformed data, Calendar and seasonally adjusted data",4D0,,,2,,,C,,,,,S,"Gross domestic product at market prices, nominal",,6,
MNA.Q.Y.FR.W2.S1.S1.B.B1GQ._Z._Z._Z.EUR.V.N,Q,Y,FR,W2,S1,S1,B,B1GQ,_Z,_Z,_Z,EUR,V,N,2008-Q4,492255.3,A,F,,,,P3M,"Gross domestic product at market prices - France - Domestic (home or reference area), Total economy, Euro, Current prices, Non transformed data, Calendar and seasonally adjusted data",4D0,,,2,,,C,,,,,S,"Gross domestic product at market prices, nominal",,6,
MNA.Q.Y.FR.W2.S1.S1.B.B1GQ._Z._Z._Z.EUR.V.N,Q,Y,FR,W2,S1,S1,B,B1GQ,_Z,_Z,_Z,EUR,V,N,2009-Q1,481620.7,A,F,,,,P3M,"Gross domestic product at market prices - France - Domestic (home or reference area), Total economy, Euro, Current prices, Non transformed data, Calendar and seasonally adjusted data",4D0,,,2,,,C,,,,,S,"Gross domestic product at market prices, nominal",,6,
MNA.Q.Y.FR.W2.S1.S1.B.B1GQ._Z._Z._Z.EUR.V.N,Q,Y,FR,W2,S1,S1,B,B1GQ,_Z,_Z,_Z,EUR,V,N,2009-Q2,482655.6,A,F,,,,P3M,"Gross domestic product at market prices - France - Domestic (home or reference area), Total economy, Euro, Current prices, Non transformed data, Calendar and seasonally adjusted data",4D0,,,2,,,C,,,,,S,"Gross domestic product at market prices, nominal",,6,
MNA.Q.Y.FR.W2.S1.S1.B.B1GQ._Z._Z._Z.EUR.V.N,Q,Y,FR,W2,S1,S1,B,B1GQ,_Z,_Z,_Z,EUR,V,N,2009-Q3,483646.7,A,F,,,,P3M,"Gross domestic product at market prices - France - Domestic (home or reference area), Total economy, Euro, Current prices, Non transformed data, Calendar and seasonally adjusted data",4D0,,,2,,,C,,,,,S,"Gross domestic product at market prices, nominal",,6,
MNA.Q.Y.FR.W2.S1.S1.B.B1GQ._Z._Z._Z.EUR.V.N,Q,Y,FR,W2,S1,S1,B,B1GQ,_Z,_Z,_Z,EUR,V,N,2009-Q4,489063.2,A,F,,,,P3M,"Gross domestic product at market prices - France - Domestic (home or reference area), Total economy, Euro, Current prices, Non transformed data, Calendar and seasonally adjusted data",4D0,,,2,,,C,,,,,S,"Gross domestic product at market prices, nominal",,6,
MNA.Q.Y.FR.W2.S1.S1.B.B1GQ._Z._Z._Z.EUR.V.N,Q,Y,FR,W2,S1,S1,B,B1GQ,_Z,_Z,_Z,EUR,V,N,2010-Q1,492412.2,A,F,,,,P3M,"Gross domestic product at market prices - France - Domestic (home or reference area), Total economy, Euro, Current prices, Non transformed data, Calendar and seasonally adjusted data",4D0,,,2,,,C,,,,,S,"Gross domestic product at market prices, nominal",,6,
MNA.Q.Y.FR.W2.S1.S1.B.B1GQ._Z._Z._Z.EUR.V.N,Q,Y,FR,W2,S1,S1,B,B1GQ,_Z,_Z,_Z,EUR,V,N,2010-Q2,497138.5,A,F,,,,P3M,"Gross domestic product at market prices - France - Domestic (home or reference area), Total economy, Euro, Current prices, Non transformed data, Calendar and seasonally adjusted data",4D0,,,2,,,C,,,,,S,"Gross domestic product at market prices, nominal",,6,
MNA.Q.Y.FR.W2.S1.S1.B.B1GQ._Z._Z._Z.EUR.V.N,Q,Y,FR,W2,S1,S1,B,B1GQ,_Z,_Z,_Z,EUR,V,N,2010-Q3,501597.4,A,F,,,,P3M,"Gross domestic product at market prices - France - Domestic (home or reference area), Total economy, Euro, Current prices, Non transformed data, Calendar and seasonally adjusted data",4D0,,,2,,,C,,,,,S,"Gross domestic product at market prices, nominal",,6,
MNA.Q.Y.FR.W2.S1.S1.B.B1GQ._Z._Z._Z.EUR.V.N,Q,Y,FR,W2,S1,S1,B,B1GQ,_Z,_Z,_Z,EUR,V,N,2010-Q4,502844.5,A,F,,,,P3M,"Gross domestic product at market prices - France - Domestic (home or reference area), Total economy, Euro, Current prices, Non transformed data, Calendar and seasonally adjusted data",4D0,,,2,,,C,,,,,S,"Gross domestic product at market prices, nominal",,6,
MNA.Q.Y.FR.W2.S1.S1.B.B1GQ._Z._Z._Z.EUR.V.N,Q,Y,FR,W2,S1,S1,B,B1GQ,_Z,_Z,_Z,EUR,V,N,2011-Q1,512766.5,A,F,,,,P3M,"Gross domestic product at market prices - France - Domestic (home or reference area), Total economy, Euro, Current prices, Non transformed data, Calendar and seasonally adjusted data",4D0,,,2,,,C,,,,,S,"Gross domestic product at market prices, nominal",,6,
MNA.Q.Y.FR.W2.S1.S1.B.B1GQ._Z._Z._Z.EUR.V.N,Q,Y,FR,W2,S1,S1,B,B1GQ,_Z,_Z,_Z,EUR,V,N,2011-Q2,513572.8,A,F,,,,P3M,"Gross domestic product at market prices - France - Domestic (home or reference area), Total economy, Euro, Current prices, Non transformed data, Calendar and seasonally adjusted data",4D0,,,2,,,C,,,,,S,"Gross domestic product at market prices, nominal",,6,
MNA.Q.Y.FR.W2.S1.S1.B.B1GQ._Z._Z._Z.EUR.V.N,Q,Y,FR,W2,S1,S1,B,B1GQ,_Z,_Z,_Z,EUR,V,N,2011-Q3,515310.3,A,F,,,,P3M,"Gross domestic product at market prices - France - Domestic (home or reference area), Total economy, Euro, Current prices, Non transformed data, Calendar and seasonally adjusted data",4D0,,,2,,,C,,,,,S,"Gross domestic product at market prices, nominal",,6,
MNA.Q.Y.FR.W2.S1.S1.B.B1GQ._Z._Z._Z.EUR.V.N,Q,Y,FR,W2,S1,S1,B,B1GQ,_Z,_Z,_Z,EUR,V,N,2011-Q4,519330.4,A,F,,,,P3M,"Gross domestic product at market prices - France - Domestic (home or reference area), Total economy, Euro, Current prices, Non transformed data, Calendar and seasonally adjusted data",4D0,,,2,,,C,,,,,S,"Gross domestic product at market prices, nominal",,6,
MNA.Q.Y.FR.W2.S1.S1.B.B1GQ._Z._Z._Z.EUR.V.N,Q,Y,FR,W2,S1,S1,B,B1GQ,_Z,_Z,_Z,EUR,V,N,2012-Q1,520323.6,A,F,,,,P3M,"Gross domestic product at market prices - France - Domestic (home or reference area), Total economy, Euro, Current prices, Non transformed data, Calendar and seasonally adjusted data",4D0,,,2,,,C,,,,,S,"Gross domestic product at market prices, nominal",,6,
MNA.Q.Y.FR.W2.S1.S1.B.B1GQ._Z._Z._Z.EUR.V.N,Q,Y,FR,W2,S1,S1,B,B1GQ,_Z,_Z,_Z,EUR,V,N,2012-Q2,520335.3,A,F,,,,P3M,"Gross domestic product at market prices - France - Domestic (home or reference area), Total economy, Euro, Current prices, Non transformed data, Calendar and seasonally adjusted data",4D0,,,2,,,C,,,,,S,"Gross domestic product at market prices, nominal",,6,
MNA.Q.Y.FR.W2.S1.S1.B.B1GQ._Z._Z._Z.EUR.V.N,Q,Y,FR,W2,S1,S1,B,B1GQ,_Z,_Z,_Z,EUR,V,N,2012-Q3,524034.4,A,F,,,,P3M,"Gross domestic product at market prices - France - Domestic (home or reference area), Total economy, Euro, Current prices, Non transformed data, Calendar and seasonally adjusted data",4D0,,,2,,,C,,,,,S,"Gross domestic product at market prices, nominal",,6,
MNA.Q.Y.FR.W2.S1.S1.B.B1GQ._Z._Z._Z.EUR.V.N,Q,Y,FR,W2,S1,S1,B,B1GQ,_Z,_Z,_Z,EUR,V,N,2012-Q4,523263,A,F,,,,P3M,"Gross domestic product at market prices - France - Domestic (home or reference area), Total economy, Euro, Current prices, Non transformed data, Calendar and seasonally adjusted data",4D0,,,2,,,C,,,,,S,"Gross domestic product at market prices, nominal",,6,
MNA.Q.Y.FR.W2.S1.S1.B.B1GQ._Z._Z._Z.EUR.V.N,Q,Y,FR,W2,S1,S1,B,B1GQ,_Z,_Z,_Z,EUR,V,N,2013-Q1,526745.3,A,F,,,,P3M,"Gross domestic product at market prices - France - Domestic (home or reference area), Total economy, Euro, Current prices, Non transformed data, Calendar and seasonally adjusted data",4D0,,,2,,,C,,,,,S,"Gross domestic product at market prices, nominal",,6,
MNA.Q.Y.FR.W2.S1.S1.B.B1GQ._Z._Z._Z.EUR.V.N,Q,Y,FR,W2,S1,S1,B,B1GQ,_Z,_Z,_Z,EUR,V,N,2013-Q2,532618.7,A,F,,,,P3M,"Gross domestic product at market prices - France - Domestic (home or reference area), Total economy, Euro, Current prices, Non transformed data, Calendar and seasonally adjusted data",4D0,,,2,,,C,,,,,S,"Gross domestic product at market prices, nominal",,6,
MNA.Q.Y.FR.W2.S1.S1.B.B1GQ._Z._Z._Z.EUR.V.N,Q,Y,FR,W2,S1,S1,B,B1GQ,_Z,_Z,_Z,EUR,V,N,2013-Q3,530869.9,A,F,,,,P3M,"Gross domestic product at market prices - France - Domestic (home or reference area), Total economy, Euro, Current prices, Non transformed data, Calendar and seasonally adjusted data",4D0,,,2,,,C,,,,,S,"Gross domestic product at market prices, nominal",,6,
MNA.Q.Y.FR.W2.S1.S1.B.B1GQ._Z._Z._Z.EUR.V.N,Q,Y,FR,W2,S1,S1,B,B1GQ,_Z,_Z,_Z,EUR,V,N,2013-Q4,532922.3,A,F,,,,P3M,"Gross domestic product at market prices - France - Domestic (home or reference area), Total economy, Euro, Current prices, Non transformed data, Calendar and seasonally adjusted data",4D0,,,2,,,C,,,,,S,"Gross domestic product at market prices, nominal",,6,
MNA.Q.Y.FR.W2.S1.S1.B.B1GQ._Z._Z._Z.EUR.V.N,Q,Y,FR,W2,S1,S1,B,B1GQ,_Z,_Z,_Z,EUR,V,N,2014-Q1,535056.4,A,F,,,,P3M,"Gross domestic product at market prices - France - Domestic (home or reference area), Total economy, Euro, Current prices, Non transformed data, Calendar and seasonally adjusted data",4D0,,,2,,,C,,,,,S,"Gross domestic product at market prices, nominal",,6,
MNA.Q.Y.FR.W2.S1.S1.B.B1GQ._Z._Z._Z.EUR.V.N,Q,Y,FR,W2,S1,S1,B,B1GQ,_Z,_Z,_Z,EUR,V,N,2014-Q2,537380.3,A,F,,,,P3M,"Gross domestic product at market prices - France - Domestic (home or reference area), Total economy, Euro, Current prices, Non transformed data, Calendar and seasonally adjusted data",4D0,,,2,,,C,,,,,S,"Gross domestic product at market prices, nominal",,6,
MNA.Q.Y.FR.W2.S1.S1.B.B1GQ._Z._Z._Z.EUR.V.N,Q,Y,FR,W2,S1,S1,B,B1GQ,_Z,_Z,_Z,EUR,V,N,2014-Q3,541958.9,A,F,,,,P3M,"Gross domestic product at market prices - France - Domestic (home or reference area), Total economy, Euro, Current prices, Non transformed data, Calendar and seasonally adjusted data",4D0,,,2,,,C,,,,,S,"Gross domestic product at market prices, nominal",,6,
MNA.Q.Y.FR.W2.S1.S1.B.B1GQ._Z._Z._Z.EUR.V.N,Q,Y,FR,W2,S1,S1,B,B1GQ,_Z,_Z,_Z,EUR,V,N,2014-Q4,542106.6,A,F,,,,P3M,"Gross domestic product at market prices - France - Domestic (home or reference area), Total economy, Euro, Current prices, Non transformed data, Calendar and seasonally adjusted data",4D0,,,2,,,C,,,,,S,"Gross domestic product at market prices, nominal",,6,
MNA.Q.Y.FR.W2.S1.S1.B.B1GQ._Z._Z._Z.EUR.V.N,Q,Y,FR,W2,S1,S1,B,B1GQ,_Z,_Z,_Z,EUR,V,N,2015-Q1,546486.9,A,F,,,,P3M,"Gross domestic product at market prices - France - Domestic (home or reference area), Total economy, Euro, Current prices, Non transformed data, Calendar and seasonally adjusted data",4D0,,,2,,,C,,,,,S,"Gross domestic product at market prices, nominal",,6,
MNA.Q.Y.FR.W2.S1.S1.B.B1GQ._Z._Z._Z.EUR.V.N,Q,Y,FR,W2,S1,S1,B,B1GQ,_Z,_Z,_Z,EUR,V,N,2015-Q2,548389.9,A,F,,,,P3M,"Gross domestic product at market prices - France - Domestic (home or reference area), Total economy, Euro, Current prices, Non transformed data, Calendar and seasonally adjusted data",4D0,,,2,,,C,,,,,S,"Gross domestic product at market prices, nominal",,6,
MNA.Q.Y.FR.W2.S1.S1.B.B1GQ._Z._Z._Z.EUR.V.N,Q,Y,FR,W2,S1,S1,B,B1GQ,_Z,_Z,_Z,EUR,V,N,2015-Q3,552793.8,A,F,,,,P3M,"Gross domestic product at market prices - France - Domestic (home or reference area), Total economy, Euro, Current prices, Non transformed data, Calendar and seasonally adjusted data",4D0,,,2,,,C,,,,,S,"Gross domestic product at market prices, nominal",,6,
MNA.Q.Y.FR.W2.S1.S1.B.B1GQ._Z._Z._Z.EUR.V.N,Q,Y,FR,W2,S1,S1,B,B1GQ,_Z,_Z,_Z,EUR,V,N,2015-Q4,555117.2,A,F,,,,P3M,"Gross domestic product at market prices - France - Domestic (home or reference area), Total economy, Euro, Current prices, Non transformed data, Calendar and seasonally adjusted data",4D0,,,2,,,C,,,,,S,"Gross domestic product at market prices, nominal",,6,
MNA.Q.Y.FR.W2.S1.S1.B.B1GQ._Z._Z._Z.EUR.V.N,Q,Y,FR,W2,S1,S1,B,B1GQ,_Z,_Z,_Z,EUR,V,N,2016-Q1,557538.5,A,F,,,,P3M,"Gross domestic product at market prices - France - Domestic (home or reference area), Total economy, Euro, Current prices, Non transformed data, Calendar and seasonally adjusted data",4D0,,,2,,,C,,,,,S,"Gross domestic product at market prices, nominal",,6,
MNA.Q.Y.FR.W2.S1.S1.B.B1GQ._Z._Z._Z.EUR.V.N,Q,Y,FR,W2,S1,S1,B,B1GQ,_Z,_Z,_Z,EUR,V,N,2016-Q2,555053.6,A,F,,,,P3M,"Gross domestic product at market prices - France - Domestic (home or reference area), Total economy, Euro, Current prices, Non transformed data, Calendar and seasonally adjusted data",4D0,,,2,,,C,,,,,S,"Gross domestic product at market prices, nominal",,6,
MNA.Q.Y.FR.W2.S1.S1.B.B1GQ._Z._Z._Z.EUR.V.N,Q,Y,FR,W2,S1,S1,B,B1GQ,_Z,_Z,_Z,EUR,V,N,2016-Q3,557293.7,A,F,,,,P3M,"Gross domestic product at market prices - France - Domestic (home or reference area), Total economy, Euro, Current prices, Non transformed data, Calendar and seasonally adjusted data",4D0,,,2,,,C,,,,,S,"Gross domestic product at market prices, nominal",,6,
MNA.Q.Y.FR.W2.S1.S1.B.B1GQ._Z._Z._Z.EUR.V.N,Q,Y,FR,W2,S1,S1,B,B1GQ,_Z,_Z,_Z,EUR,V,N,2016-Q4,560734,A,F,,,,P3M,"Gross domestic product at market prices - France - Domestic (home or reference area), Total economy, Euro, Current prices, Non transformed data, Calendar and seasonally adjusted data",4D0,,,2,,,C,,,,,S,"Gross domestic product at market prices, nominal",,6,
MNA.Q.Y.FR.W2.S1.S1.B.B1GQ._Z._Z._Z.EUR.V.N,Q,Y,FR,W2,S1,S1,B,B1GQ,_Z,_Z,_Z,EUR,V,N,2017-Q1,566022.9,A,F,,,,P3M,"Gross domestic product at market prices - France - Domestic (home or reference area), Total economy, Euro, Current prices, Non transformed data, Calendar and seasonally adjusted data",4D0,,,2,,,C,,,,,S,"Gross domestic product at market prices, nominal",,6,
MNA.Q.Y.FR.W2.S1.S1.B.B1GQ._Z._Z._Z.EUR.V.N,Q,Y,FR,W2,S1,S1,B,B1GQ,_Z,_Z,_Z,EUR,V,N,2017-Q2,571804.2,A,F,,,,P3M,"Gross domestic product at market prices - France - Domestic (home or reference area), Total economy, Euro, Current prices, Non transformed data, Calendar and seasonally adjusted data",4D0,,,2,,,C,,,,,S,"Gross domestic product at market prices, nominal",,6,
MNA.Q.Y.FR.W2.S1.S1.B.B1GQ._Z._Z._Z.EUR.V.N,Q,Y,FR,W2,S1,S1,B,B1GQ,_Z,_Z,_Z,EUR,V,N,2017-Q3,575917.2,A,F,,,,P3M,"Gross domestic product at market prices - France - Domestic (home or reference area), Total economy, Euro, Current prices, Non transformed data, Calendar and seasonally adjusted data",4D0,,,2,,,C,,,,,S,"Gross domestic product at market prices, nominal",,6,
MNA.Q.Y.FR.W2.S1.S1.B.B1GQ._Z._Z._Z.EUR.V.N,Q,Y,FR,W2,S1,S1,B,B1GQ,_Z,_Z,_Z,EUR,V,N,2017-Q4,580740.4,A,F,,,,P3M,"Gross domestic product at market prices - France - Domestic (home or reference area), Total economy, Euro, Current prices, Non transformed data, Calendar and seasonally adjusted data",4D0,,,2,,,C,,,,,S,"Gross domestic product at market prices, nominal",,6,
MNA.Q.Y.FR.W2.S1.S1.B.B1GQ._Z._Z._Z.EUR.V.N,Q,Y,FR,W2,S1,S1,B,B1GQ,_Z,_Z,_Z,EUR,V,N,2018-Q1,582796.8,A,F,,,,P3M,"Gross domestic product at market prices - France - Domestic (home or reference area), Total economy, Euro, Current prices, Non transformed data, Calendar and seasonally adjusted data",4D0,,,2,,,C,,,,,S,"Gross domestic product at market prices, nominal",,6,
MNA.Q.Y.FR.W2.S1.S1.B.B1GQ._Z._Z._Z.EUR.V.N,Q,Y,FR,W2,S1,S1,B,B1GQ,_Z,_Z,_Z,EUR,V,N,2018-Q2,585164.2,A,F,,,,P3M,"Gross domestic product at market prices - France - Domestic (home or reference area), Total economy, Euro, Current prices, Non transformed data, Calendar and seasonally adjusted data",4D0,,,2,,,C,,,,,S,"Gross domestic product at market prices, nominal",,6,
MNA.Q.Y.FR.W2.S1.S1.B.B1GQ._Z._Z._Z.EUR.V.N,Q,Y,FR,W2,S1,S1,B,B1GQ,_Z,_Z,_Z,EUR,V,N,2018-Q3,591517.4,A,F,,,,P3M,"Gross domestic product at market prices - France - Domestic (home or reference area), Total economy, Euro, Current prices, Non transformed data, Calendar and seasonally adjusted data",4D0,,,2,,,C,,,,,S,"Gross domestic product at market prices, nominal",,6,
MNA.Q.Y.FR.W2.S1.S1.B.B1GQ._Z._Z._Z.EUR.V.N,Q,Y,FR,W2,S1,S1,B,B1GQ,_Z,_Z,_Z,EUR,V,N,2018-Q4,597348.7,A,F,,,,P3M,"Gross domestic product at market prices - France - Domestic (home or reference area), Total economy, Euro, Current prices, Non transformed data, Calendar and seasonally adjusted data",4D0,,,2,,,C,,,,,S,"Gross domestic product at market prices, nominal",,6,
MNA.Q.Y.FR.W2.S1.S1.B.B1GQ._Z._Z._Z.EUR.V.N,Q,Y,FR,W2,S1,S1,B,B1GQ,_Z,_Z,_Z,EUR,V,N,2019-Q1,604513.8,A,F,,,,P3M,"Gross domestic product at market prices - France - Domestic (home or reference area), Total economy, Euro, Current prices, Non transformed data, Calendar and seasonally adjusted data",4D0,,,2,,,C,,,,,S,"Gross domestic product at market prices, nominal",,6,
MNA.Q.Y.FR.W2.S1.S1.B.B1GQ._Z._Z._Z.EUR.V.N,Q,Y,FR,W2,S1,S1,B,B1GQ,_Z,_Z,_Z,EUR,V,N,2019-Q2,609211.8,A,F,,,,P3M,"Gross domestic product at market prices - France - Domestic (home or reference area), Total economy, Euro, Current prices, Non transformed data, Calendar and seasonally adjusted data",4D0,,,2,,,C,,,,,S,"Gross domestic product at market prices, nominal",,6,
MNA.Q.Y.FR.W2.S1.S1.B.B1GQ._Z._Z._Z.EUR.V.N,Q,Y,FR,W2,S1,S1,B,B1GQ,_Z,_Z,_Z,EUR,V,N,2019-Q3,611583.5,A,F,,,,P3M,"Gross domestic product at market prices - France - Domestic (home or reference area), Total economy, Euro, Current prices, Non transformed data, Calendar and seasonally adjusted data",4D0,,,2,,,C,,,,,S,"Gross domestic product at market prices, nominal",,6,
MNA.Q.Y.FR.W2.S1.S1.B.B1GQ._Z._Z._Z.EUR.V.N,Q,Y,FR,W2,S1,S1,B,B1GQ,_Z,_Z,_Z,EUR,V,N,2019-Q4,610167.9,A,F,,,,P3M,"Gross domestic product at market prices - France - Domestic (home or reference area), Total economy, Euro, Current prices, Non transformed data, Calendar and seasonally adjusted data",4D0,,,2,,,C,,,,,S,"Gross domestic product at market prices, nominal",,6,
MNA.Q.Y.FR.W2.S1.S1.B.B1GQ._Z._Z._Z.EUR.V.N,Q,Y,FR,W2,S1,S1,B,B1GQ,_Z,_Z,_Z,EUR,V,N,2020-Q1,588125.6,A,F,,,,P3M,"Gross domestic product at market prices - France - Domestic (home or reference area), Total economy, Euro, Current prices, Non transformed data, Calendar and seasonally adjusted data",4D0,,,2,,,C,,,,,S,"Gross domestic product at market prices, nominal",,6,
MNA.Q.Y.FR.W2.S1.S1.B.B1GQ._Z._Z._Z.EUR.V.N,Q,Y,FR,W2,S1,S1,B,B1GQ,_Z,_Z,_Z,EUR,V,N,2020-Q2,532525.5,A,F,,,,P3M,"Gross domestic product at market prices - France - Domestic (home or reference area), Total economy, Euro, Current prices, Non transformed data, Calendar and seasonally adjusted data",4D0,,,2,,,C,,,,,S,"Gross domestic product at market prices, nominal",,6,
MNA.Q.Y.FR.W2.S1.S1.B.B1GQ._Z._Z._Z.EUR.V.N,Q,Y,FR,W2,S1,S1,B,B1GQ,_Z,_Z,_Z,EUR,V,N,2020-Q3,595825.4,A,F,,,,P3M,"Gross domestic product at market prices - France - Domestic (home or reference area), Total economy, Euro, Current prices, Non transformed data, Calendar and seasonally adjusted data",4D0,,,2,,,C,,,,,S,"Gross domestic product at market prices, nominal",,6,
MNA.Q.Y.FR.W2.S1.S1.B.B1GQ._Z._Z._Z.EUR.V.N,Q,Y,FR,W2,S1,S1,B,B1GQ,_Z,_Z,_Z,EUR,V,N,2020-Q4,600823.3,A,F,,,,P3M,"Gross domestic product at market prices - France - Domestic (home or reference area), Total economy, Euro, Current prices, Non transformed data, Calendar and seasonally adjusted data",4D0,,,2,,,C,,,,,S,"Gross domestic product at market prices, nominal",,6,
MNA.Q.Y.FR.W2.S1.S1.B.B1GQ._Z._Z._Z.EUR.V.N,Q,Y,FR,W2,S1,S1,B,B1GQ,_Z,_Z,_Z,EUR,V,N,2021-Q1,606681.7,A,F,,,,P3M,"Gross domestic product at market prices - France - Domestic (home or reference area), Total economy, Euro, Current prices, Non transformed data, Calendar and seasonally adjusted data",4D0,,,2,,,C,,,,,S,"Gross domestic product at market prices, nominal",,6,
MNA.Q.Y.FR.W2.S1.S1.B.B1GQ._Z._Z._Z.EUR.V.N,Q,Y,FR,W2,S1,S1,B,B1GQ,_Z,_Z,_Z,EUR,V,N,2021-Q2,617792.2,A,F,,,,P3M,"Gross domestic product at market prices - France - Domestic (home or reference area), Total economy, Euro, Current prices, Non transformed data, Calendar and seasonally adjusted data",4D0,,,2,,,C,,,,,S,"Gross domestic product at market prices, nominal",,6,
MNA.Q.Y.FR.W2.S1.S1.B.B1GQ._Z._Z._Z.EUR.V.N,Q,Y,FR,W2,S1,S1,B,B1GQ,_Z,_Z,_Z,EUR,V,N,2021-Q3,637343.6,A,F,,,,P3M,"Gross domestic product at market prices - France - Domestic (home or reference area), Total economy, Euro, Current prices, Non transformed data, Calendar and seasonally adjusted data",4D0,,,2,,,C,,,,,S,"Gross domestic product at market prices, nominal",,6,
MNA.Q.Y.FR.W2.S1.S1.B.B1GQ._Z._Z._Z.EUR.V.N,Q,Y,FR,W2,S1,S1,B,B1GQ,_Z,_Z,_Z,EUR,V,N,2021-Q4,642912.4,A,F,,,,P3M,"Gross domestic product at market prices - France - Domestic (home or reference area), Total economy, Euro, Current prices, Non transformed data, Calendar and seasonally adjusted data",4D0,,,2,,,C,,,,,S,"Gross domestic product at market prices, nominal",,6,
MNA.Q.Y.FR.W2.S1.S1.B.B1GQ._Z._Z._Z.EUR.V.N,Q,Y,FR,W2,S1,S1,B,B1GQ,_Z,_Z,_Z,EUR,V,N,2022-Q1,649102.6,A,F,,,,P3M,"Gross domestic product at market prices - France - Domestic (home or reference area), Total economy, Euro, Current prices, Non transformed data, Calendar and seasonally adjusted data",4D0,,,2,,,C,,,,,S,"Gross domestic product at market prices, nominal",,6,
MNA.Q.Y.FR.W2.S1.S1.B.B1GQ._Z._Z._Z.EUR.V.N,Q,Y,FR,W2,S1,S1,B,B1GQ,_Z,_Z,_Z,EUR,V,N,2022-Q2,655824.3,A,F,,,,P3M,"Gross domestic product at market prices - France - Domestic (home or reference area), Total economy, Euro, Current prices, Non transformed data, Calendar and seasonally adjusted data",4D0,,,2,,,C,,,,,S,"Gross domestic product at market prices, nominal",,6,
MNA.Q.Y.FR.W2.S1.S1.B.B1GQ._Z._Z._Z.EUR.V.N,Q,Y,FR,W2,S1,S1,B,B1GQ,_Z,_Z,_Z,EUR,V,N,2022-Q3,667944.1,A,F,,,,P3M,"Gross domestic product at market prices - France - Domestic (home or reference area), Total economy, Euro, Current prices, Non transformed data, Calendar and seasonally adjusted data",4D0,,,2,,,C,,,,,S,"Gross domestic product at market prices, nominal",,6,
MNA.Q.Y.FR.W2.S1.S1.B.B1GQ._Z._Z._Z.EUR.V.N,Q,Y,FR,W2,S1,S1,B,B1GQ,_Z,_Z,_Z,EUR,V,N,2022-Q4,679687.1,A,F,,,,P3M,"Gross domestic product at market prices - France - Domestic (home or reference area), Total economy, Euro, Current prices, Non transformed data, Calendar and seasonally adjusted data",4D0,,,2,,,C,,,,,S,"Gross domestic product at market prices, nominal",,6,
MNA.Q.Y.FR.W2.S1.S1.B.B1GQ._Z._Z._Z.EUR.V.N,Q,Y,FR,W2,S1,S1,B,B1GQ,_Z,_Z,_Z,EUR,V,N,2023-Q1,691510.5,A,F,,,,P3M,"Gross domestic product at market prices - France - Domestic (home or reference area), Total economy, Euro, Current prices, Non transformed data, Calendar and seasonally adjusted data",4D0,,,2,,,C,,,,,S,"Gross domestic product at market prices, nominal",,6,
MNA.Q.Y.FR.W2.S1.S1.B.B1GQ._Z._Z._Z.EUR.V.N,Q,Y,FR,W2,S1,S1,B,B1GQ,_Z,_Z,_Z,EUR,V,N,2023-Q2,708058.4,A,F,,,,P3M,"Gross domestic product at market prices - France - Domestic (home or reference area), Total economy, Euro, Current prices, Non transformed data, Calendar and seasonally adjusted data",4D0,,,2,,,C,,,,,S,"Gross domestic product at market prices, nominal",,6,
MNA.Q.Y.FR.W2.S1.S1.B.B1GQ._Z._Z._Z.EUR.V.N,Q,Y,FR,W2,S1,S1,B,B1GQ,_Z,_Z,_Z,EUR,V,N,2023-Q3,714001.8,A,F,,,,P3M,"Gross domestic product at market prices - France - Domestic (home or reference area), Total economy, Euro, Current prices, Non transformed data, Calendar and seasonally adjusted data",4D0,,,2,,,C,,,,,S,"Gross domestic product at market prices, nominal",,6,
MNA.Q.Y.FR.W2.S1.S1.B.B1GQ._Z._Z._Z.EUR.V.N,Q,Y,FR,W2,S1,S1,B,B1GQ,_Z,_Z,_Z,EUR,V,N,2023-Q4,724100.8,A,F,,,,P3M,"Gross domestic product at market prices - France - Domestic (home or reference area), Total economy, Euro, Current prices, Non transformed data, Calendar and seasonally adjusted data",4D0,,,2,,,C,,,,,S,"Gross domestic product at market prices, nominal",,6,
MNA.Q.Y.FR.W2.S1.S1.B.B1GQ._Z._Z._Z.EUR.V.N,Q,Y,FR,W2,S1,S1,B,B1GQ,_Z,_Z,_Z,EUR,V,N,2024-Q1,728633.6,A,F,,,,P3M,"Gross domestic product at market prices - France - Domestic (home or reference area), Total economy, Euro, Current prices, Non transformed data, Calendar and seasonally adjusted data",4D0,,,2,,,C,,,,,S,"Gross domestic product at market prices, nominal",,6,
MNA.Q.Y.FR.W2.S1.S1.B.B1GQ._Z._Z._Z.EUR.V.N,Q,Y,FR,W2,S1,S1,B,B1GQ,_Z,_Z,_Z,EUR,V,N,2024-Q2,729518.1,A,F,,,,P3M,"Gross domestic product at market prices - France - Domestic (home or reference area), Total economy, Euro, Current prices, Non transformed data, Calendar and seasonally adjusted data",4D0,,,2,,,C,,,,,S,"Gross domestic product at market prices, nominal",,6,
MNA.Q.Y.FR.W2.S1.S1.B.B1GQ._Z._Z._Z.EUR.V.N,Q,Y,FR,W2,S1,S1,B,B1GQ,_Z,_Z,_Z,EUR,V,N,2024-Q3,739286.7,A,F,,,,P3M,"Gross domestic product at market prices - France - Domestic (home or reference area), Total economy, Euro, Current prices, Non transformed data, Calendar and seasonally adjusted data",4D0,,,2,,,C,,,,,S,"Gross domestic product at market prices, nominal",,6,
MNA.Q.Y.FR.W2.S1.S1.B.B1GQ._Z._Z._Z.EUR.V.N,Q,Y,FR,W2,S1,S1,B,B1GQ,_Z,_Z,_Z,EUR,V,N,2024-Q4,739374,A,F,,,,P3M,"Gross domestic product at market prices - France - Domestic (home or reference area), Total economy, Euro, Current prices, Non transformed data, Calendar and seasonally adjusted data",4D0,,,2,,,C,,,,,S,"Gross domestic product at market prices, nominal",,6,
MNA.Q.Y.FR.W2.S1.S1.B.B1GQ._Z._Z._Z.EUR.V.N,Q,Y,FR,W2,S1,S1,B,B1GQ,_Z,_Z,_Z,EUR,V,N,2025-Q1,743571.4,A,F,,,,P3M,"Gross domestic product at market prices - France - Domestic (home or reference area), Total economy, Euro, Current prices, Non transformed data, Calendar and seasonally adjusted data",4D0,,,2,,,C,,,,,S,"Gross domestic product at market prices, nominal",,6,
MNA.Q.Y.FR.W2.S1.S1.B.B1GQ._Z._Z._Z.EUR.V.N,Q,Y,FR,W2,S1,S1,B,B1GQ,_Z,_Z,_Z,EUR,V,N,2025-Q2,745275.1,A,F,,,,P3M,"Gross domestic product at market prices - France - Domestic (home or reference area), Total economy, Euro, Current prices, Non transformed data, Calendar and seasonally adjusted data",4D0,,,2,,,C,,,,,S,"Gross domestic product at market prices, nominal",,6,
MNA.Q.Y.FR.W2.S1.S1.B.B1GQ._Z._Z._Z.EUR.V.N,Q,Y,FR,W2,S1,S1,B,B1GQ,_Z,_Z,_Z,EUR,V,N,2025-Q3,750640,A,F,,,,P3M,"Gross domestic product at market prices - France - Domestic (home or reference area), Total economy, Euro, Current prices, Non transformed data, Calendar and seasonally adjusted data",4D0,,,2,,,C,,,,,S,"Gross domestic product at market prices, nominal",,6,
MNA.Q.Y.FR.W2.S1.S1.B.B1GQ._Z._Z._Z.EUR.V.N,Q,Y,FR,W2,S1,S1,B,B1GQ,_Z,_Z,_Z,EUR,V,N,2025-Q4,755702.6,A,F,,,,P3M,"Gross domestic product at market prices - France - Domestic (home or reference area), Total economy, Euro, Current prices, Non transformed data, Calendar and seasonally adjusted data",4D0,,,2,,,C,,,,,S,"Gross domestic product at market prices, nominal",,6,
MNA.Q.Y.FR.W2.S1.S1.B.B1GQ._Z._Z._Z.EUR.V.N,Q,Y,FR,W2,S1,S1,B,B1GQ,_Z,_Z,_Z,EUR,V,N,2026-Q1,756552.5,A,F,,,,P3M,"Gross domestic product at market prices - France - Domestic (home or reference area), Total economy, Euro, Current prices, Non transformed data, Calendar and seasonally adjusted data",4D0,,,2,,,C,,,,,S,"Gross domestic product at market prices, nominal",,6,
MNA.Q.Y.FR.W2.S1.S1.B.B1GQ._Z._Z._Z.EUR.V.N,Q,Y,FR,W2,S1,S1,B,B1GQ,_Z,_Z,_Z,EUR,V,N,2026-Q2,759712.6,A,F,,,,P3M,"Gross domestic product at market prices - France - Domestic (home or reference area), Total economy, Euro, Current prices, Non transformed data, Calendar and seasonally adjusted data",4D0,,,2,,,C,,,,,S,"Gross domestic product at market prices, nominal",,6,
