KEY,FREQ,REF_AREA,BS_REP_SECTOR,BS_ITEM,COUNT_AREA,CURRENCY_TRANS,TIME_PER_COLLECT,TIME_PERIOD,OBS_VALUE,OBS_STATUS,CONF_STATUS,PRE_BREAK_VALUE,COMMENT_OBS,TIME_FORMAT,BREAKS,COLLECTION,COMMENT_TS,COMPILING_ORG,COVERAGE,DATA_COMP,DECIMALS,DISS_ORG,PUBL_ECB,PUBL_MU,PUBL_PUBLIC,TITLE,TITLE_COMPL,UNIT,UNIT_MULT
TGB.M.NL.N.A094T.U2.EUR.E,M,NL,N,A094T,U2,EUR,E,2008-05,10213.42,E,F,,,P1M,,E,Monthly TARGET balances for Netherlands,,,,2,,,,,TARGET balances (end of month position),,EUR,6
TGB.M.NL.N.A094T.U2.EUR.E,M,NL,N,A094T,U2,EUR,E,2008-06,21912.43,E,F,,,P1M,,E,Monthly TARGET balances for Netherlands,,,,2,,,,,TARGET balances (end of month position),,EUR,6
TGB.M.NL.N.A094T.U2.EUR.E,M,NL,N,A094T,U2,EUR,E,2008-07,13329.47,E,F,,,P1M,,E,Monthly TARGET balances for Netherlands,,,,2,,,,,TARGET balances (end of month position),,EUR,6
TGB.M.NL.N.A094T.U2.EUR.E,M,NL,N,A094T,U2,EUR,E,2008-08,7272.87,E,F,,,P1M,,E,Monthly TARGET balances for Netherlands,,,,2,,,,,TARGET balances (end of month position),,EUR,6
TGB.M.NL.N.A094T.U2.EUR.E,M,NL,N,A094T,U2,EUR,E,2008-09,10415.87,E,F,,,P1M,,E,Monthly TARGET balances for Netherlands,,,,2,,,,,TARGET balances (end of month position),,EUR,6
TGB.M.NL.N.A094T.U2.EUR.E,M,NL,N,A094T,U2,EUR,E,2008-10,7087.55,E,F,,,P1M,,E,Monthly TARGET balances for Netherlands,,,,2,,,,,TARGET balances (end of month position),,EUR,6
TGB.M.NL.N.A094T.U2.EUR.E,M,NL,N,A094T,U2,EUR,E,2008-11,5097.32,E,F,,,P1M,,E,Monthly TARGET balances for Netherlands,,,,2,,,,,TARGET balances (end of month position),,EUR,6
TGB.M.NL.N.A094T.U2.EUR.E,M,NL,N,A094T,U2,EUR,E,2008-12,-18786.48,E,F,,,P1M,,E,Monthly TARGET balances for Netherlands,,,,2,,,,,TARGET balances (end of month position),,EUR,6
TGB.M.NL.N.A094T.U2.EUR.E,M,NL,N,A094T,U2,EUR,E,2009-01,-11970.93,E,F,,,P1M,,E,Monthly TARGET balances for Netherlands,,,,2,,,,,TARGET balances (end of month position),,EUR,6
TGB.M.NL.N.A094T.U2.EUR.E,M,NL,N,A094T,U2,EUR,E,2009-02,-11798.23,E,F,,,P1M,,E,Monthly TARGET balances for Netherlands,,,,2,,,,,TARGET balances (end of month position),,EUR,6
TGB.M.NL.N.A094T.U2.EUR.E,M,NL,N,A094T,U2,EUR,E,2009-03,-23477.46,E,F,,,P1M,,E,Monthly TARGET balances for Netherlands,,,,2,,,,,TARGET balances (end of month position),,EUR,6
TGB.M.NL.N.A094T.U2.EUR.E,M,NL,N,A094T,U2,EUR,E,2009-04,-8308.72,E,F,,,P1M,,E,Monthly TARGET balances for Netherlands,,,,2,,,,,TARGET balances (end of month position),,EUR,6
TGB.M.NL.N.A094T.U2.EUR.E,M,NL,N,A094T,U2,EUR,E,2009-05,-8673.74,E,F,,,P1M,,E,Monthly TARGET balances for Netherlands,,,,2,,,,,TARGET balances (end of month position),,EUR,6
TGB.M.NL.N.A094T.U2.EUR.E,M,NL,N,A094T,U2,EUR,E,2009-06,-1469.06,E,F,,,P1M,,E,Monthly TARGET balances for Netherlands,,,,2,,,,,TARGET balances (end of month position),,EUR,6
TGB.M.NL.N.A094T.U2.EUR.E,M,NL,N,A094T,U2,EUR,E,2009-07,-957.52,E,F,,,P1M,,E,Monthly TARGET balances for Netherlands,,,,2,,,,,TARGET balances (end of month position),,EUR,6
TGB.M.NL.N.A094T.U2.EUR.E,M,NL,N,A094T,U2,EUR,E,2009-08,14558.76,E,F,,,P1M,,E,Monthly TARGET balances for Netherlands,,,,2,,,,,TARGET balances (end of month position),,EUR,6
TGB.M.NL.N.A094T.U2.EUR.E,M,NL,N,A094T,U2,EUR,E,2009-09,-2104.06,E,F,,,P1M,,E,Monthly TARGET balances for Netherlands,,,,2,,,,,TARGET balances (end of month position),,EUR,6
TGB.M.NL.N.A094T.U2.EUR.E,M,NL,N,A094T,U2,EUR,E,2009-10,13246.31,E,F,,,P1M,,E,Monthly TARGET balances for Netherlands,,,,2,,,,,TARGET balances (end of month position),,EUR,6
TGB.M.NL.N.A094T.U2.EUR.E,M,NL,N,A094T,U2,EUR,E,2009-11,11101.29,E,F,,,P1M,,E,Monthly TARGET balances for Netherlands,,,,2,,,,,TARGET balances (end of month position),,EUR,6
TGB.M.NL.N.A094T.U2.EUR.E,M,NL,N,A094T,U2,EUR,E,2009-12,15428.68,E,F,,,P1M,,E,Monthly TARGET balances for Netherlands,,,,2,,,,,TARGET balances (end of month position),,EUR,6
TGB.M.NL.N.A094T.U2.EUR.E,M,NL,N,A094T,U2,EUR,E,2010-01,14480.45,E,F,,,P1M,,E,Monthly TARGET balances for Netherlands,,,,2,,,,,TARGET balances (end of month position),,EUR,6
TGB.M.NL.N.A094T.U2.EUR.E,M,NL,N,A094T,U2,EUR,E,2010-02,14952.12,E,F,,,P1M,,E,Monthly TARGET balances for Netherlands,,,,2,,,,,TARGET balances (end of month position),,EUR,6
TGB.M.NL.N.A094T.U2.EUR.E,M,NL,N,A094T,U2,EUR,E,2010-03,13635.96,E,F,,,P1M,,E,Monthly TARGET balances for Netherlands,,,,2,,,,,TARGET balances (end of month position),,EUR,6
TGB.M.NL.N.A094T.U2.EUR.E,M,NL,N,A094T,U2,EUR,E,2010-04,17712.7,E,F,,,P1M,,E,Monthly TARGET balances for Netherlands,,,,2,,,,,TARGET balances (end of month position),,EUR,6
TGB.M.NL.N.A094T.U2.EUR.E,M,NL,N,A094T,U2,EUR,E,2010-05,38987.66,E,F,,,P1M,,E,Monthly TARGET balances for Netherlands,,,,2,,,,,TARGET balances (end of month position),,EUR,6
TGB.M.NL.N.A094T.U2.EUR.E,M,NL,N,A094T,U2,EUR,E,2010-06,33182.19,E,F,,,P1M,,E,Monthly TARGET balances for Netherlands,,,,2,,,,,TARGET balances (end of month position),,EUR,6
TGB.M.NL.N.A094T.U2.EUR.E,M,NL,N,A094T,U2,EUR,E,2010-07,35479.64,E,F,,,P1M,,E,Monthly TARGET balances for Netherlands,,,,2,,,,,TARGET balances (end of month position),,EUR,6
TGB.M.NL.N.A094T.U2.EUR.E,M,NL,N,A094T,U2,EUR,E,2010-08,46192.47,E,F,,,P1M,,E,Monthly TARGET balances for Netherlands,,,,2,,,,,TARGET balances (end of month position),,EUR,6
TGB.M.NL.N.A094T.U2.EUR.E,M,NL,N,A094T,U2,EUR,E,2010-09,32543.37,E,F,,,P1M,,E,Monthly TARGET balances for Netherlands,,,,2,,,,,TARGET balances (end of month position),,EUR,6
TGB.M.NL.N.A094T.U2.EUR.E,M,NL,N,A094T,U2,EUR,E,2010-10,28146.06,E,F,,,P1M,,E,Monthly TARGET balances for Netherlands,,,,2,,,,,TARGET balances (end of month position),,EUR,6
TGB.M.NL.N.A094T.U2.EUR.E,M,NL,N,A094T,U2,EUR,E,2010-11,28583.53,E,F,,,P1M,,E,Monthly TARGET balances for Netherlands,,,,2,,,,,TARGET balances (end of month position),,EUR,6
TGB.M.NL.N.A094T.U2.EUR.E,M,NL,N,A094T,U2,EUR,E,2010-12,40499.85,E,F,,,P1M,,E,Monthly TARGET balances for Netherlands,,,,2,,,,,TARGET balances (end of month position),,EUR,6
TGB.M.NL.N.A094T.U2.EUR.E,M,NL,N,A094T,U2,EUR,E,2011-01,34419.13,E,F,,,P1M,,E,Monthly TARGET balances for Netherlands,,,,2,,,,,TARGET balances (end of month position),,EUR,6
TGB.M.NL.N.A094T.U2.EUR.E,M,NL,N,A094T,U2,EUR,E,2011-02,29146.07,E,F,,,P1M,,E,Monthly TARGET balances for Netherlands,,,,2,,,,,TARGET balances (end of month position),,EUR,6
TGB.M.NL.N.A094T.U2.EUR.E,M,NL,N,A094T,U2,EUR,E,2011-03,25392.17,E,F,,,P1M,,E,Monthly TARGET balances for Netherlands,,,,2,,,,,TARGET balances (end of month position),,EUR,6
TGB.M.NL.N.A094T.U2.EUR.E,M,NL,N,A094T,U2,EUR,E,2011-04,38407.7,E,F,,,P1M,,E,Monthly TARGET balances for Netherlands,,,,2,,,,,TARGET balances (end of month position),,EUR,6
TGB.M.NL.N.A094T.U2.EUR.E,M,NL,N,A094T,U2,EUR,E,2011-05,39838.42,E,F,,,P1M,,E,Monthly TARGET balances for Netherlands,,,,2,,,,,TARGET balances (end of month position),,EUR,6
TGB.M.NL.N.A094T.U2.EUR.E,M,NL,N,A094T,U2,EUR,E,2011-06,20541.06,E,F,,,P1M,,E,Monthly TARGET balances for Netherlands,,,,2,,,,,TARGET balances (end of month position),,EUR,6
TGB.M.NL.N.A094T.U2.EUR.E,M,NL,N,A094T,U2,EUR,E,2011-07,27802.28,E,F,,,P1M,,E,Monthly TARGET balances for Netherlands,,,,2,,,,,TARGET balances (end of month position),,EUR,6
TGB.M.NL.N.A094T.U2.EUR.E,M,NL,N,A094T,U2,EUR,E,2011-08,64750.28,E,F,,,P1M,,E,Monthly TARGET balances for Netherlands,,,,2,,,,,TARGET balances (end of month position),,EUR,6
TGB.M.NL.N.A094T.U2.EUR.E,M,NL,N,A094T,U2,EUR,E,2011-09,88704.54,E,F,,,P1M,,E,Monthly TARGET balances for Netherlands,,,,2,,,,,TARGET balances (end of month position),,EUR,6
TGB.M.NL.N.A094T.U2.EUR.E,M,NL,N,A094T,U2,EUR,E,2011-10,110093.23,E,F,,,P1M,,E,Monthly TARGET balances for Netherlands,,,,2,,,,,TARGET balances (end of month position),,EUR,6
TGB.M.NL.N.A094T.U2.EUR.E,M,NL,N,A094T,U2,EUR,E,2011-11,143057.6,E,F,,,P1M,,E,Monthly TARGET balances for Netherlands,,,,2,,,,,TARGET balances (end of month position),,EUR,6
TGB.M.NL.N.A094T.U2.EUR.E,M,NL,N,A094T,U2,EUR,E,2011-12,152782.81,E,F,,,P1M,,E,Monthly TARGET balances for Netherlands,,,,2,,,,,TARGET balances (end of month position),,EUR,6
TGB.M.NL.N.A094T.U2.EUR.E,M,NL,N,A094T,U2,EUR,E,2012-01,168882.51,E,F,,,P1M,,E,Monthly TARGET balances for Netherlands,,,,2,,,,,TARGET balances (end of month position),,EUR,6
TGB.M.NL.N.A094T.U2.EUR.E,M,NL,N,A094T,U2,EUR,E,2012-02,143765.94,E,F,,,P1M,,E,Monthly TARGET balances for Netherlands,,,,2,,,,,TARGET balances (end of month position),,EUR,6
TGB.M.NL.N.A094T.U2.EUR.E,M,NL,N,A094T,U2,EUR,E,2012-03,154905.16,E,F,,,P1M,,E,Monthly TARGET balances for Netherlands,,,,2,,,,,TARGET balances (end of month position),,EUR,6
TGB.M.NL.N.A094T.U2.EUR.E,M,NL,N,A094T,U2,EUR,E,2012-04,136050.42,E,F,,,P1M,,E,Monthly TARGET balances for Netherlands,,,,2,,,,,TARGET balances (end of month position),,EUR,6
TGB.M.NL.N.A094T.U2.EUR.E,M,NL,N,A094T,U2,EUR,E,2012-05,142510.64,E,F,,,P1M,,E,Monthly TARGET balances for Netherlands,,,,2,,,,,TARGET balances (end of month position),,EUR,6
TGB.M.NL.N.A094T.U2.EUR.E,M,NL,N,A094T,U2,EUR,E,2012-06,123299.44,E,F,,,P1M,,E,Monthly TARGET balances for Netherlands,,,,2,,,,,TARGET balances (end of month position),,EUR,6
TGB.M.NL.N.A094T.U2.EUR.E,M,NL,N,A094T,U2,EUR,E,2012-07,130420.19,E,F,,,P1M,,E,Monthly TARGET balances for Netherlands,,,,2,,,,,TARGET balances (end of month position),,EUR,6
TGB.M.NL.N.A094T.U2.EUR.E,M,NL,N,A094T,U2,EUR,E,2012-08,124968.44,E,F,,,P1M,,E,Monthly TARGET balances for Netherlands,,,,2,,,,,TARGET balances (end of month position),,EUR,6
TGB.M.NL.N.A094T.U2.EUR.E,M,NL,N,A094T,U2,EUR,E,2012-09,119481.19,E,F,,,P1M,,E,Monthly TARGET balances for Netherlands,,,,2,,,,,TARGET balances (end of month position),,EUR,6
TGB.M.NL.N.A094T.U2.EUR.E,M,NL,N,A094T,U2,EUR,E,2012-10,117921.22,E,F,,,P1M,,E,Monthly TARGET balances for Netherlands,,,,2,,,,,TARGET balances (end of month position),,EUR,6
TGB.M.NL.N.A094T.U2.EUR.E,M,NL,N,A094T,U2,EUR,E,2012-11,118629.96,E,F,,,P1M,,E,Monthly TARGET balances for Netherlands,,,,2,,,,,TARGET balances (end of month position),,EUR,6
TGB.M.NL.N.A094T.U2.EUR.E,M,NL,N,A094T,U2,EUR,E,2012-12,120771.92,E,F,,,P1M,,E,Monthly TARGET balances for Netherlands,,,,2,,,,,TARGET balances (end of month position),,EUR,6
TGB.M.NL.N.A094T.U2.EUR.E,M,NL,N,A094T,U2,EUR,E,2013-01,124929.54,E,F,,,P1M,,E,Monthly TARGET balances for Netherlands,,,,2,,,,,TARGET balances (end of month position),,EUR,6
TGB.M.NL.N.A094T.U2.EUR.E,M,NL,N,A094T,U2,EUR,E,2013-02,121102.65,E,F,,,P1M,,E,Monthly TARGET balances for Netherlands,,,,2,,,,,TARGET balances (end of month position),,EUR,6
TGB.M.NL.N.A094T.U2.EUR.E,M,NL,N,A094T,U2,EUR,E,2013-03,82766.01,E,F,,,P1M,,E,Monthly TARGET balances for Netherlands,,,,2,,,,,TARGET balances (end of month position),,EUR,6
TGB.M.NL.N.A094T.U2.EUR.E,M,NL,N,A094T,U2,EUR,E,2013-04,85660.2,E,F,,,P1M,,E,Monthly TARGET balances for Netherlands,,,,2,,,,,TARGET balances (end of month position),,EUR,6
TGB.M.NL.N.A094T.U2.EUR.E,M,NL,N,A094T,U2,EUR,E,2013-05,75645.5,E,F,,,P1M,,E,Monthly TARGET balances for Netherlands,,,,2,,,,,TARGET balances (end of month position),,EUR,6
TGB.M.NL.N.A094T.U2.EUR.E,M,NL,N,A094T,U2,EUR,E,2013-06,74224.77,E,F,,,P1M,,E,Monthly TARGET balances for Netherlands,,,,2,,,,,TARGET balances (end of month position),,EUR,6
TGB.M.NL.N.A094T.U2.EUR.E,M,NL,N,A094T,U2,EUR,E,2013-07,61684.14,E,F,,,P1M,,E,Monthly TARGET balances for Netherlands,,,,2,,,,,TARGET balances (end of month position),,EUR,6
TGB.M.NL.N.A094T.U2.EUR.E,M,NL,N,A094T,U2,EUR,E,2013-08,53438.76,E,F,,,P1M,,E,Monthly TARGET balances for Netherlands,,,,2,,,,,TARGET balances (end of month position),,EUR,6
TGB.M.NL.N.A094T.U2.EUR.E,M,NL,N,A094T,U2,EUR,E,2013-09,62879.76,E,F,,,P1M,,E,Monthly TARGET balances for Netherlands,,,,2,,,,,TARGET balances (end of month position),,EUR,6
TGB.M.NL.N.A094T.U2.EUR.E,M,NL,N,A094T,U2,EUR,E,2013-10,63005.86,E,F,,,P1M,,E,Monthly TARGET balances for Netherlands,,,,2,,,,,TARGET balances (end of month position),,EUR,6
TGB.M.NL.N.A094T.U2.EUR.E,M,NL,N,A094T,U2,EUR,E,2013-11,59105.57,E,F,,,P1M,,E,Monthly TARGET balances for Netherlands,,,,2,,,,,TARGET balances (end of month position),,EUR,6
TGB.M.NL.N.A094T.U2.EUR.E,M,NL,N,A094T,U2,EUR,E,2013-12,46115.39,E,F,,,P1M,,E,Monthly TARGET balances for Netherlands,,,,2,,,,,TARGET balances (end of month position),,EUR,6
TGB.M.NL.N.A094T.U2.EUR.E,M,NL,N,A094T,U2,EUR,E,2014-01,44156.86,E,F,,,P1M,,E,Monthly TARGET balances for Netherlands,,,,2,,,,,TARGET balances (end of month position),,EUR,6
TGB.M.NL.N.A094T.U2.EUR.E,M,NL,N,A094T,U2,EUR,E,2014-02,41632.61,E,F,,,P1M,,E,Monthly TARGET balances for Netherlands,,,,2,,,,,TARGET balances (end of month position),,EUR,6
TGB.M.NL.N.A094T.U2.EUR.E,M,NL,N,A094T,U2,EUR,E,2014-03,41407.2,E,F,,,P1M,,E,Monthly TARGET balances for Netherlands,,,,2,,,,,TARGET balances (end of month position),,EUR,6
TGB.M.NL.N.A094T.U2.EUR.E,M,NL,N,A094T,U2,EUR,E,2014-04,31285.75,E,F,,,P1M,,E,Monthly TARGET balances for Netherlands,,,,2,,,,,TARGET balances (end of month position),,EUR,6
TGB.M.NL.N.A094T.U2.EUR.E,M,NL,N,A094T,U2,EUR,E,2014-05,29510.24,E,F,,,P1M,,E,Monthly TARGET balances for Netherlands,,,,2,,,,,TARGET balances (end of month position),,EUR,6
TGB.M.NL.N.A094T.U2.EUR.E,M,NL,N,A094T,U2,EUR,E,2014-06,8890.92,E,F,,,P1M,,E,Monthly TARGET balances for Netherlands,,,,2,,,,,TARGET balances (end of month position),,EUR,6
TGB.M.NL.N.A094T.U2.EUR.E,M,NL,N,A094T,U2,EUR,E,2014-07,1654.72,E,F,,,P1M,,E,Monthly TARGET balances for Netherlands,,,,2,,,,,TARGET balances (end of month position),,EUR,6
TGB.M.NL.N.A094T.U2.EUR.E,M,NL,N,A094T,U2,EUR,E,2014-08,4591.76,E,F,,,P1M,,E,Monthly TARGET balances for Netherlands,,,,2,,,,,TARGET balances (end of month position),,EUR,6
TGB.M.NL.N.A094T.U2.EUR.E,M,NL,N,A094T,U2,EUR,E,2014-09,-900.56,E,F,,,P1M,,E,Monthly TARGET balances for Netherlands,,,,2,,,,,TARGET balances (end of month position),,EUR,6
TGB.M.NL.N.A094T.U2.EUR.E,M,NL,N,A094T,U2,EUR,E,2014-10,-3984.72,E,F,,,P1M,,E,Monthly TARGET balances for Netherlands,,,,2,,,,,TARGET balances (end of month position),,EUR,6
TGB.M.NL.N.A094T.U2.EUR.E,M,NL,N,A094T,U2,EUR,E,2014-11,4964.01,E,F,,,P1M,,E,Monthly TARGET balances for Netherlands,,,,2,,,,,TARGET balances (end of month position),,EUR,6
TGB.M.NL.N.A094T.U2.EUR.E,M,NL,N,A094T,U2,EUR,E,2014-12,19411.89,E,F,,,P1M,,E,Monthly TARGET balances for Netherlands,,,,2,,,,,TARGET balances (end of month position),,EUR,6
TGB.M.NL.N.A094T.U2.EUR.E,M,NL,N,A094T,U2,EUR,E,2015-01,-7127.12,E,F,,,P1M,,E,Monthly TARGET balances for Netherlands,,,,2,,,,,TARGET balances (end of month position),,EUR,6
TGB.M.NL.N.A094T.U2.EUR.E,M,NL,N,A094T,U2,EUR,E,2015-02,8010.4,E,F,,,P1M,,E,Monthly TARGET balances for Netherlands,,,,2,,,,,TARGET balances (end of month position),,EUR,6
TGB.M.NL.N.A094T.U2.EUR.E,M,NL,N,A094T,U2,EUR,E,2015-03,3122.06,E,F,,,P1M,,E,Monthly TARGET balances for Netherlands,,,,2,,,,,TARGET balances (end of month position),,EUR,6
TGB.M.NL.N.A094T.U2.EUR.E,M,NL,N,A094T,U2,EUR,E,2015-04,19090.39,E,F,,,P1M,,E,Monthly TARGET balances for Netherlands,,,,2,,,,,TARGET balances (end of month position),,EUR,6
TGB.M.NL.N.A094T.U2.EUR.E,M,NL,N,A094T,U2,EUR,E,2015-05,40793.51,E,F,,,P1M,,E,Monthly TARGET balances for Netherlands,,,,2,,,,,TARGET balances (end of month position),,EUR,6
TGB.M.NL.N.A094T.U2.EUR.E,M,NL,N,A094T,U2,EUR,E,2015-06,33140.31,E,F,,,P1M,,E,Monthly TARGET balances for Netherlands,,,,2,,,,,TARGET balances (end of month position),,EUR,6
TGB.M.NL.N.A094T.U2.EUR.E,M,NL,N,A094T,U2,EUR,E,2015-07,41865.86,E,F,,,P1M,,E,Monthly TARGET balances for Netherlands,,,,2,,,,,TARGET balances (end of month position),,EUR,6
TGB.M.NL.N.A094T.U2.EUR.E,M,NL,N,A094T,U2,EUR,E,2015-08,54233.3,E,F,,,P1M,,E,Monthly TARGET balances for Netherlands,,,,2,,,,,TARGET balances (end of month position),,EUR,6
TGB.M.NL.N.A094T.U2.EUR.E,M,NL,N,A094T,U2,EUR,E,2015-09,53070.41,E,F,,,P1M,,E,Monthly TARGET balances for Netherlands,,,,2,,,,,TARGET balances (end of month position),,EUR,6
TGB.M.NL.N.A094T.U2.EUR.E,M,NL,N,A094T,U2,EUR,E,2015-10,41650.09,E,F,,,P1M,,E,Monthly TARGET balances for Netherlands,,,,2,,,,,TARGET balances (end of month position),,EUR,6
TGB.M.NL.N.A094T.U2.EUR.E,M,NL,N,A094T,U2,EUR,E,2015-11,49856.36,E,F,,,P1M,,E,Monthly TARGET balances for Netherlands,,,,2,,,,,TARGET balances (end of month position),,EUR,6
TGB.M.NL.N.A094T.U2.EUR.E,M,NL,N,A094T,U2,EUR,E,2015-12,54726.86,E,F,,,P1M,,E,Monthly TARGET balances for Netherlands,,,,2,,,,,TARGET balances (end of month position),,EUR,6
TGB.M.NL.N.A094T.U2.EUR.E,M,NL,N,A094T,U2,EUR,E,2016-01,60627.2,E,F,,,P1M,,E,Monthly TARGET balances for Netherlands,,,,2,,,,,TARGET balances (end of month position),,EUR,6
TGB.M.NL.N.A094T.U2.EUR.E,M,NL,N,A094T,U2,EUR,E,2016-02,58590.17,E,F,,,P1M,,E,Monthly TARGET balances for Netherlands,,,,2,,,,,TARGET balances (end of month position),,EUR,6
TGB.M.NL.N.A094T.U2.EUR.E,M,NL,N,A094T,U2,EUR,E,2016-03,57090.99,E,F,,,P1M,,E,Monthly TARGET balances for Netherlands,,,,2,,,,,TARGET balances (end of month position),,EUR,6
TGB.M.NL.N.A094T.U2.EUR.E,M,NL,N,A094T,U2,EUR,E,2016-04,60737.25,E,F,,,P1M,,E,Monthly TARGET balances for Netherlands,,,,2,,,,,TARGET balances (end of month position),,EUR,6
TGB.M.NL.N.A094T.U2.EUR.E,M,NL,N,A094T,U2,EUR,E,2016-05,73687.36,E,F,,,P1M,,E,Monthly TARGET balances for Netherlands,,,,2,,,,,TARGET balances (end of month position),,EUR,6
TGB.M.NL.N.A094T.U2.EUR.E,M,NL,N,A094T,U2,EUR,E,2016-06,71591.25,E,F,,,P1M,,E,Monthly TARGET balances for Netherlands,,,,2,,,,,TARGET balances (end of month position),,EUR,6
TGB.M.NL.N.A094T.U2.EUR.E,M,NL,N,A094T,U2,EUR,E,2016-07,82083.25,E,F,,,P1M,,E,Monthly TARGET balances for Netherlands,,,,2,,,,,TARGET balances (end of month position),,EUR,6
TGB.M.NL.N.A094T.U2.EUR.E,M,NL,N,A094T,U2,EUR,E,2016-08,88417.76,E,F,,,P1M,,E,Monthly TARGET balances for Netherlands,,,,2,,,,,TARGET balances (end of month position),,EUR,6
TGB.M.NL.N.A094T.U2.EUR.E,M,NL,N,A094T,U2,EUR,E,2016-09,103630.26,E,F,,,P1M,,E,Monthly TARGET balances for Netherlands,,,,2,,,,,TARGET balances (end of month position),,EUR,6
TGB.M.NL.N.A094T.U2.EUR.E,M,NL,N,A094T,U2,EUR,E,2016-10,99623.1,E,F,,,P1M,,E,Monthly TARGET balances for Netherlands,,,,2,,,,,TARGET balances (end of month position),,EUR,6
TGB.M.NL.N.A094T.U2.EUR.E,M,NL,N,A094T,U2,EUR,E,2016-11,99628.35,E,F,,,P1M,,E,Monthly TARGET balances for Netherlands,,,,2,,,,,TARGET balances (end of month position),,EUR,6
TGB.M.NL.N.A094T.U2.EUR.E,M,NL,N,A094T,U2,EUR,E,2016-12,86999.77,E,F,,,P1M,,E,Monthly TARGET balances for Netherlands,,,,2,,,,,TARGET balances (end of month position),,EUR,6
TGB.M.NL.N.A094T.U2.EUR.E,M,NL,N,A094T,U2,EUR,E,2017-01,72384.05,E,F,,,P1M,,E,Monthly TARGET balances for Netherlands,,,,2,,,,,TARGET balances (end of month position),,EUR,6
TGB.M.NL.N.A094T.U2.EUR.E,M,NL,N,A094T,U2,EUR,E,2017-02,89910.31,E,F,,,P1M,,E,Monthly TARGET balances for Netherlands,,,,2,,,,,TARGET balances (end of month position),,EUR,6
TGB.M.NL.N.A094T.U2.EUR.E,M,NL,N,A094T,U2,EUR,E,2017-03,102222.42,E,F,,,P1M,,E,Monthly TARGET balances for Netherlands,,,,2,,,,,TARGET balances (end of month position),,EUR,6
TGB.M.NL.N.A094T.U2.EUR.E,M,NL,N,A094T,U2,EUR,E,2017-04,102934.04,E,F,,,P1M,,E,Monthly TARGET balances for Netherlands,,,,2,,,,,TARGET balances (end of month position),,EUR,6
TGB.M.NL.N.A094T.U2.EUR.E,M,NL,N,A094T,U2,EUR,E,2017-05,98368.11,E,F,,,P1M,,E,Monthly TARGET balances for Netherlands,,,,2,,,,,TARGET balances (end of month position),,EUR,6
TGB.M.NL.N.A094T.U2.EUR.E,M,NL,N,A094T,U2,EUR,E,2017-06,78899.52,E,F,,,P1M,,E,Monthly TARGET balances for Netherlands,,,,2,,,,,TARGET balances (end of month position),,EUR,6
TGB.M.NL.N.A094T.U2.EUR.E,M,NL,N,A094T,U2,EUR,E,2017-07,101483.86,E,F,,,P1M,,E,Monthly TARGET balances for Netherlands,,,,2,,,,,TARGET balances (end of month position),,EUR,6
TGB.M.NL.N.A094T.U2.EUR.E,M,NL,N,A094T,U2,EUR,E,2017-08,107511.55,E,F,,,P1M,,E,Monthly TARGET balances for Netherlands,,,,2,,,,,TARGET balances (end of month position),,EUR,6
TGB.M.NL.N.A094T.U2.EUR.E,M,NL,N,A094T,U2,EUR,E,2017-09,84891.08,E,F,,,P1M,,E,Monthly TARGET balances for Netherlands,,,,2,,,,,TARGET balances (end of month position),,EUR,6
TGB.M.NL.N.A094T.U2.EUR.E,M,NL,N,A094T,U2,EUR,E,2017-10,109448.76,E,F,,,P1M,,E,Monthly TARGET balances for Netherlands,,,,2,,,,,TARGET balances (end of month position),,EUR,6
TGB.M.NL.N.A094T.U2.EUR.E,M,NL,N,A094T,U2,EUR,E,2017-11,104052.35,E,F,,,P1M,,E,Monthly TARGET balances for Netherlands,,,,2,,,,,TARGET balances (end of month position),,EUR,6
TGB.M.NL.N.A094T.U2.EUR.E,M,NL,N,A094T,U2,EUR,E,2017-12,70955.73,E,F,,,P1M,,E,Monthly TARGET balances for Netherlands,,,,2,,,,,TARGET balances (end of month position),,EUR,6
TGB.M.NL.N.A094T.U2.EUR.E,M,NL,N,A094T,U2,EUR,E,2018-01,114057.98,E,F,,,P1M,,E,Monthly TARGET balances for Netherlands,,,,2,,,,,TARGET balances (end of month position),,EUR,6
TGB.M.NL.N.A094T.U2.EUR.E,M,NL,N,A094T,U2,EUR,E,2018-02,122641.58,E,F,,,P1M,,E,Monthly TARGET balances for Netherlands,,,,2,,,,,TARGET balances (end of month position),,EUR,6
TGB.M.NL.N.A094T.U2.EUR.E,M,NL,N,A094T,U2,EUR,E,2018-03,112392.75,E,F,,,P1M,,E,Monthly TARGET balances for Netherlands,,,,2,,,,,TARGET balances (end of month position),,EUR,6
TGB.M.NL.N.A094T.U2.EUR.E,M,NL,N,A094T,U2,EUR,E,2018-04,134820.55,E,F,,,P1M,,E,Monthly TARGET balances for Netherlands,,,,2,,,,,TARGET balances (end of month position),,EUR,6
TGB.M.NL.N.A094T.U2.EUR.E,M,NL,N,A094T,U2,EUR,E,2018-05,116415.73,E,F,,,P1M,,E,Monthly TARGET balances for Netherlands,,,,2,,,,,TARGET balances (end of month position),,EUR,6
TGB.M.NL.N.A094T.U2.EUR.E,M,NL,N,A094T,U2,EUR,E,2018-06,90035.05,E,F,,,P1M,,E,Monthly TARGET balances for Netherlands,,,,2,,,,,TARGET balances (end of month position),,EUR,6
TGB.M.NL.N.A094T.U2.EUR.E,M,NL,N,A094T,U2,EUR,E,2018-07,133197.74,E,F,,,P1M,,E,Monthly TARGET balances for Netherlands,,,,2,,,,,TARGET balances (end of month position),,EUR,6
TGB.M.NL.N.A094T.U2.EUR.E,M,NL,N,A094T,U2,EUR,E,2018-08,127592.12,E,F,,,P1M,,E,Monthly TARGET balances for Netherlands,,,,2,,,,,TARGET balances (end of month position),,EUR,6
TGB.M.NL.N.A094T.U2.EUR.E,M,NL,N,A094T,U2,EUR,E,2018-09,102701.8,E,F,,,P1M,,E,Monthly TARGET balances for Netherlands,,,,2,,,,,TARGET balances (end of month position),,EUR,6
TGB.M.NL.N.A094T.U2.EUR.E,M,NL,N,A094T,U2,EUR,E,2018-10,91657.81,E,F,,,P1M,,E,Monthly TARGET balances for Netherlands,,,,2,,,,,TARGET balances (end of month position),,EUR,6
TGB.M.NL.N.A094T.U2.EUR.E,M,NL,N,A094T,U2,EUR,E,2018-11,101755.57,E,F,,,P1M,,E,Monthly TARGET balances for Netherlands,,,,2,,,,,TARGET balances (end of month position),,EUR,6
TGB.M.NL.N.A094T.U2.EUR.E,M,NL,N,A094T,U2,EUR,E,2018-12,92603.87,E,F,,,P1M,,E,Monthly TARGET balances for Netherlands,,,,2,,,,,TARGET balances (end of month position),,EUR,6
TGB.M.NL.N.A094T.U2.EUR.E,M,NL,N,A094T,U2,EUR,E,2019-01,93665.95,E,F,,,P1M,,E,Monthly TARGET balances for Netherlands,,,,2,,,,,TARGET balances (end of month position),,EUR,6
TGB.M.NL.N.A094T.U2.EUR.E,M,NL,N,A094T,U2,EUR,E,2019-02,79804.2,E,F,,,P1M,,E,Monthly TARGET balances for Netherlands,,,,2,,,,,TARGET balances (end of month position),,EUR,6
TGB.M.NL.N.A094T.U2.EUR.E,M,NL,N,A094T,U2,EUR,E,2019-03,79948.25,E,F,,,P1M,,E,Monthly TARGET balances for Netherlands,,,,2,,,,,TARGET balances (end of month position),,EUR,6
TGB.M.NL.N.A094T.U2.EUR.E,M,NL,N,A094T,U2,EUR,E,2019-04,73663.15,E,F,,,P1M,,E,Monthly TARGET balances for Netherlands,,,,2,,,,,TARGET balances (end of month position),,EUR,6
TGB.M.NL.N.A094T.U2.EUR.E,M,NL,N,A094T,U2,EUR,E,2019-05,72648.46,E,F,,,P1M,,E,Monthly TARGET balances for Netherlands,,,,2,,,,,TARGET balances (end of month position),,EUR,6
TGB.M.NL.N.A094T.U2.EUR.E,M,NL,N,A094T,U2,EUR,E,2019-06,36381.11,E,F,,,P1M,,E,Monthly TARGET balances for Netherlands,,,,2,,,,,TARGET balances (end of month position),,EUR,6
TGB.M.NL.N.A094T.U2.EUR.E,M,NL,N,A094T,U2,EUR,E,2019-07,46635.71,E,F,,,P1M,,E,Monthly TARGET balances for Netherlands,,,,2,,,,,TARGET balances (end of month position),,EUR,6
TGB.M.NL.N.A094T.U2.EUR.E,M,NL,N,A094T,U2,EUR,E,2019-08,60077.91,E,F,,,P1M,,E,Monthly TARGET balances for Netherlands,,,,2,,,,,TARGET balances (end of month position),,EUR,6
TGB.M.NL.N.A094T.U2.EUR.E,M,NL,N,A094T,U2,EUR,E,2019-09,75604.71,E,F,,,P1M,,E,Monthly TARGET balances for Netherlands,,,,2,,,,,TARGET balances (end of month position),,EUR,6
TGB.M.NL.N.A094T.U2.EUR.E,M,NL,N,A094T,U2,EUR,E,2019-10,61952.74,E,F,,,P1M,,E,Monthly TARGET balances for Netherlands,,,,2,,,,,TARGET balances (end of month position),,EUR,6
TGB.M.NL.N.A094T.U2.EUR.E,M,NL,N,A094T,U2,EUR,E,2019-11,36832.7,E,F,,,P1M,,E,Monthly TARGET balances for Netherlands,,,,2,,,,,TARGET balances (end of month position),,EUR,6
TGB.M.NL.N.A094T.U2.EUR.E,M,NL,N,A094T,U2,EUR,E,2019-12,46431.02,E,F,,,P1M,,E,Monthly TARGET balances for Netherlands,,,,2,,,,,TARGET balances (end of month position),,EUR,6
TGB.M.NL.N.A094T.U2.EUR.E,M,NL,N,A094T,U2,EUR,E,2020-01,55478.43,E,F,,,P1M,,E,Monthly TARGET balances for Netherlands,,,,2,,,,,TARGET balances (end of month position),,EUR,6
TGB.M.NL.N.A094T.U2.EUR.E,M,NL,N,A094T,U2,EUR,E,2020-02,50676.61,E,F,,,P1M,,E,Monthly TARGET balances for Netherlands,,,,2,,,,,TARGET balances (end of month position),,EUR,6
TGB.M.NL.N.A094T.U2.EUR.E,M,NL,N,A094T,U2,EUR,E,2020-03,62766.6,E,F,,,P1M,,E,Monthly TARGET balances for Netherlands,,,,2,,,,,TARGET balances (end of month position),,EUR,6
TGB.M.NL.N.A094T.U2.EUR.E,M,NL,N,A094T,U2,EUR,E,2020-04,81454.76,E,F,,,P1M,,E,Monthly TARGET balances for Netherlands,,,,2,,,,,TARGET balances (end of month position),,EUR,6
TGB.M.NL.N.A094T.U2.EUR.E,M,NL,N,A094T,U2,EUR,E,2020-05,77858.01,E,F,,,P1M,,E,Monthly TARGET balances for Netherlands,,,,2,,,,,TARGET balances (end of month position),,EUR,6
TGB.M.NL.N.A094T.U2.EUR.E,M,NL,N,A094T,U2,EUR,E,2020-06,69724.14,E,F,,,P1M,,E,Monthly TARGET balances for Netherlands,,,,2,,,,,TARGET balances (end of month position),,EUR,6
TGB.M.NL.N.A094T.U2.EUR.E,M,NL,N,A094T,U2,EUR,E,2020-07,65198.9,E,F,,,P1M,,E,Monthly TARGET balances for Netherlands,,,,2,,,,,TARGET balances (end of month position),,EUR,6
TGB.M.NL.N.A094T.U2.EUR.E,M,NL,N,A094T,U2,EUR,E,2020-08,54589.38,E,F,,,P1M,,E,Monthly TARGET balances for Netherlands,,,,2,,,,,TARGET balances (end of month position),,EUR,6
TGB.M.NL.N.A094T.U2.EUR.E,M,NL,N,A094T,U2,EUR,E,2020-09,69529.72,E,F,,,P1M,,E,Monthly TARGET balances for Netherlands,,,,2,,,,,TARGET balances (end of month position),,EUR,6
TGB.M.NL.N.A094T.U2.EUR.E,M,NL,N,A094T,U2,EUR,E,2020-10,55415.55,E,F,,,P1M,,E,Monthly TARGET balances for Netherlands,,,,2,,,,,TARGET balances (end of month position),,EUR,6
TGB.M.NL.N.A094T.U2.EUR.E,M,NL,N,A094T,U2,EUR,E,2020-11,42312.44,E,F,,,P1M,,E,Monthly TARGET balances for Netherlands,,,,2,,,,,TARGET balances (end of month position),,EUR,6
TGB.M.NL.N.A094T.U2.EUR.E,M,NL,N,A094T,U2,EUR,E,2020-12,38397.45,E,F,,,P1M,,E,Monthly TARGET balances for Netherlands,,,,2,,,,,TARGET balances (end of month position),,EUR,6
TGB.M.NL.N.A094T.U2.EUR.E,M,NL,N,A094T,U2,EUR,E,2021-01,35441.42,E,F,,,P1M,,E,Monthly TARGET balances for Netherlands,,,,2,,,,,TARGET balances (end of month position),,EUR,6
TGB.M.NL.N.A094T.U2.EUR.E,M,NL,N,A094T,U2,EUR,E,2021-02,36458.21,E,F,,,P1M,,E,Monthly TARGET balances for Netherlands,,,,2,,,,,TARGET balances (end of month position),,EUR,6
TGB.M.NL.N.A094T.U2.EUR.E,M,NL,N,A094T,U2,EUR,E,2021-03,8467.47,E,F,,,P1M,,E,Monthly TARGET balances for Netherlands,,,,2,,,,,TARGET balances (end of month position),,EUR,6
TGB.M.NL.N.A094T.U2.EUR.E,M,NL,N,A094T,U2,EUR,E,2021-04,26443.21,E,F,,,P1M,,E,Monthly TARGET balances for Netherlands,,,,2,,,,,TARGET balances (end of month position),,EUR,6
TGB.M.NL.N.A094T.U2.EUR.E,M,NL,N,A094T,U2,EUR,E,2021-05,17553.8,E,F,,,P1M,,E,Monthly TARGET balances for Netherlands,,,,2,,,,,TARGET balances (end of month position),,EUR,6
TGB.M.NL.N.A094T.U2.EUR.E,M,NL,N,A094T,U2,EUR,E,2021-06,13810.08,E,F,,,P1M,,E,Monthly TARGET balances for Netherlands,,,,2,,,,,TARGET balances (end of month position),,EUR,6
TGB.M.NL.N.A094T.U2.EUR.E,M,NL,N,A094T,U2,EUR,E,2021-07,-6715.62,E,F,,,P1M,,E,Monthly TARGET balances for Netherlands,,,,2,,,,,TARGET balances (end of month position),,EUR,6
TGB.M.NL.N.A094T.U2.EUR.E,M,NL,N,A094T,U2,EUR,E,2021-08,-4829.33,E,F,,,P1M,,E,Monthly TARGET balances for Netherlands,,,,2,,,,,TARGET balances (end of month position),,EUR,6
TGB.M.NL.N.A094T.U2.EUR.E,M,NL,N,A094T,U2,EUR,E,2021-09,19462.16,E,F,,,P1M,,E,Monthly TARGET balances for Netherlands,,,,2,,,,,TARGET balances (end of month position),,EUR,6
TGB.M.NL.N.A094T.U2.EUR.E,M,NL,N,A094T,U2,EUR,E,2021-10,-2408.02,E,F,,,P1M,,E,Monthly TARGET balances for Netherlands,,,,2,,,,,TARGET balances (end of month position),,EUR,6
TGB.M.NL.N.A094T.U2.EUR.E,M,NL,N,A094T,U2,EUR,E,2021-11,-12901.4,E,F,,,P1M,,E,Monthly TARGET balances for Netherlands,,,,2,,,,,TARGET balances (end of month position),,EUR,6
TGB.M.NL.N.A094T.U2.EUR.E,M,NL,N,A094T,U2,EUR,E,2021-12,-22517.4,E,F,,,P1M,,E,Monthly TARGET balances for Netherlands,,,,2,,,,,TARGET balances (end of month position),,EUR,6
TGB.M.NL.N.A094T.U2.EUR.E,M,NL,N,A094T,U2,EUR,E,2022-01,5086.91,E,F,,,P1M,,E,Monthly TARGET balances for Netherlands,,,,2,,,,,TARGET balances (end of month position),,EUR,6
TGB.M.NL.N.A094T.U2.EUR.E,M,NL,N,A094T,U2,EUR,E,2022-02,22368.32,E,F,,,P1M,,E,Monthly TARGET balances for Netherlands,,,,2,,,,,TARGET balances (end of month position),,EUR,6
TGB.M.NL.N.A094T.U2.EUR.E,M,NL,N,A094T,U2,EUR,E,2022-03,53060.27,E,F,,,P1M,,E,Monthly TARGET balances for Netherlands,,,,2,,,,,TARGET balances (end of month position),,EUR,6
TGB.M.NL.N.A094T.U2.EUR.E,M,NL,N,A094T,U2,EUR,E,2022-04,70031.51,E,F,,,P1M,,E,Monthly TARGET balances for Netherlands,,,,2,,,,,TARGET balances (end of month position),,EUR,6
TGB.M.NL.N.A094T.U2.EUR.E,M,NL,N,A094T,U2,EUR,E,2022-05,72173.54,E,F,,,P1M,,E,Monthly TARGET balances for Netherlands,,,,2,,,,,TARGET balances (end of month position),,EUR,6
TGB.M.NL.N.A094T.U2.EUR.E,M,NL,N,A094T,U2,EUR,E,2022-06,44675.32,E,F,,,P1M,,E,Monthly TARGET balances for Netherlands,,,,2,,,,,TARGET balances (end of month position),,EUR,6
TGB.M.NL.N.A094T.U2.EUR.E,M,NL,N,A094T,U2,EUR,E,2022-07,65051.58,E,F,,,P1M,,E,Monthly TARGET balances for Netherlands,,,,2,,,,,TARGET balances (end of month position),,EUR,6
TGB.M.NL.N.A094T.U2.EUR.E,M,NL,N,A094T,U2,EUR,E,2022-08,92910.09,E,F,,,P1M,,E,Monthly TARGET balances for Netherlands,,,,2,,,,,TARGET balances (end of month position),,EUR,6
TGB.M.NL.N.A094T.U2.EUR.E,M,NL,N,A094T,U2,EUR,E,2022-09,78307.82,E,F,,,P1M,,E,Monthly TARGET balances for Netherlands,,,,2,,,,,TARGET balances (end of month position),,EUR,6
TGB.M.NL.N.A094T.U2.EUR.E,M,NL,N,A094T,U2,EUR,E,2022-10,103365.22,E,F,,,P1M,,E,Monthly TARGET balances for Netherlands,,,,2,,,,,TARGET balances (end of month position),,EUR,6
TGB.M.NL.N.A094T.U2.EUR.E,M,NL,N,A094T,U2,EUR,E,2022-11,124598.65,E,F,,,P1M,,E,Monthly TARGET balances for Netherlands,,,,2,,,,,TARGET balances (end of month position),,EUR,6
TGB.M.NL.N.A094T.U2.EUR.E,M,NL,N,A094T,U2,EUR,E,2022-12,80830.71,E,F,,,P1M,,E,Monthly TARGET balances for Netherlands,,,,2,,,,,TARGET balances (end of month position),,EUR,6
TGB.M.NL.N.A094T.U2.EUR.E,M,NL,N,A094T,U2,EUR,E,2023-01,141752.68,E,F,,,P1M,,E,Monthly TARGET balances for Netherlands,,,,2,,,,,TARGET balances (end of month position),,EUR,6
TGB.M.NL.N.A094T.U2.EUR.E,M,NL,N,A094T,U2,EUR,E,2023-02,139156.23,E,F,,,P1M,,E,Monthly TARGET balances for Netherlands,,,,2,,,,,TARGET balances (end of month position),,EUR,6
TGB.M.NL.N.A094T.U2.EUR.E,M,NL,N,A094T,U2,EUR,E,2023-03,142141.1,E,F,,,P1M,,E,Monthly TARGET balances for Netherlands,,,,2,,,,,TARGET balances (end of month position),,EUR,6
TGB.M.NL.N.A094T.U2.EUR.E,M,NL,N,A094T,U2,EUR,E,2023-04,159522.38,E,F,,,P1M,,E,Monthly TARGET balances for Netherlands,,,,2,,,,,TARGET balances (end of month position),,EUR,6
TGB.M.NL.N.A094T.U2.EUR.E,M,NL,N,A094T,U2,EUR,E,2023-05,169473.85,E,F,,,P1M,,E,Monthly TARGET balances for Netherlands,,,,2,,,,,TARGET balances (end of month position),,EUR,6
TGB.M.NL.N.A094T.U2.EUR.E,M,NL,N,A094T,U2,EUR,E,2023-06,117315,E,F,,,P1M,,E,Monthly TARGET balances for Netherlands,,,,2,,,,,TARGET balances (end of month position),,EUR,6
TGB.M.NL.N.A094T.U2.EUR.E,M,NL,N,A094T,U2,EUR,E,2023-07,138279.06,E,F,,,P1M,,E,Monthly TARGET balances for Netherlands,,,,2,,,,,TARGET balances (end of month position),,EUR,6
TGB.M.NL.N.A094T.U2.EUR.E,M,NL,N,A094T,U2,EUR,E,2023-08,131598.63,E,F,,,P1M,,E,Monthly TARGET balances for Netherlands,,,,2,,,,,TARGET balances (end of month position),,EUR,6
TGB.M.NL.N.A094T.U2.EUR.E,M,NL,N,A094T,U2,EUR,E,2023-09,143405.58,E,F,,,P1M,,E,Monthly TARGET balances for Netherlands,,,,2,,,,,TARGET balances (end of month position),,EUR,6
TGB.M.NL.N.A094T.U2.EUR.E,M,NL,N,A094T,U2,EUR,E,2023-10,118782.14,E,F,,,P1M,,E,Monthly TARGET balances for Netherlands,,,,2,,,,,TARGET balances (end of month position),,EUR,6
TGB.M.NL.N.A094T.U2.EUR.E,M,NL,N,A094T,U2,EUR,E,2023-11,100079.9,E,F,,,P1M,,E,Monthly TARGET balances for Netherlands,,,,2,,,,,TARGET balances (end of month position),,EUR,6
TGB.M.NL.N.A094T.U2.EUR.E,M,NL,N,A094T,U2,EUR,E,2023-12,48611.7,E,F,,,P1M,,E,Monthly TARGET balances for Netherlands,,,,2,,,,,TARGET balances (end of month position),,EUR,6
TGB.M.NL.N.A094T.U2.EUR.E,M,NL,N,A094T,U2,EUR,E,2024-01,109760.29,E,F,,,P1M,,E,Monthly TARGET balances for Netherlands,,,,2,,,,,TARGET balances (end of month position),,EUR,6
TGB.M.NL.N.A094T.U2.EUR.E,M,NL,N,A094T,U2,EUR,E,2024-02,103176.07,E,F,,,P1M,,E,Monthly TARGET balances for Netherlands,,,,2,,,,,TARGET balances (end of month position),,EUR,6
TGB.M.NL.N.A094T.U2.EUR.E,M,NL,N,A094T,U2,EUR,E,2024-03,91535.21,E,F,,,P1M,,E,Monthly TARGET balances for Netherlands,,,,2,,,,,TARGET balances (end of month position),,EUR,6
TGB.M.NL.N.A094T.U2.EUR.E,M,NL,N,A094T,U2,EUR,E,2024-04,78643.43,E,F,,,P1M,,E,Monthly TARGET balances for Netherlands,,,,2,,,,,TARGET balances (end of month position),,EUR,6
TGB.M.NL.N.A094T.U2.EUR.E,M,NL,N,A094T,U2,EUR,E,2024-05,75987.86,E,F,,,P1M,,E,Monthly TARGET balances for Netherlands,,,,2,,,,,TARGET balances (end of month position),,EUR,6
TGB.M.NL.N.A094T.U2.EUR.E,M,NL,N,A094T,U2,EUR,E,2024-06,55190.8,E,F,,,P1M,,E,Monthly TARGET balances for Netherlands,,,,2,,,,,TARGET balances (end of month position),,EUR,6
TGB.M.NL.N.A094T.U2.EUR.E,M,NL,N,A094T,U2,EUR,E,2024-07,75486.81,E,F,,,P1M,,E,Monthly TARGET balances for Netherlands,,,,2,,,,,TARGET balances (end of month position),,EUR,6
TGB.M.NL.N.A094T.U2.EUR.E,M,NL,N,A094T,U2,EUR,E,2024-08,89708.42,E,F,,,P1M,,E,Monthly TARGET balances for Netherlands,,,,2,,,,,TARGET balances (end of month position),,EUR,6
TGB.M.NL.N.A094T.U2.EUR.E,M,NL,N,A094T,U2,EUR,E,2024-09,88892,E,F,,,P1M,,E,Monthly TARGET balances for Netherlands,,,,2,,,,,TARGET balances (end of month position),,EUR,6
TGB.M.NL.N.A094T.U2.EUR.E,M,NL,N,A094T,U2,EUR,E,2024-10,73892.68,E,F,,,P1M,,E,Monthly TARGET balances for Netherlands,,,,2,,,,,TARGET balances (end of month position),,EUR,6
TGB.M.NL.N.A094T.U2.EUR.E,M,NL,N,A094T,U2,EUR,E,2024-11,67328.73,E,F,,,P1M,,E,Monthly TARGET balances for Netherlands,,,,2,,,,,TARGET balances (end of month position),,EUR,6
TGB.M.NL.N.A094T.U2.EUR.E,M,NL,N,A094T,U2,EUR,E,2024-12,66540.83,E,F,,,P1M,,E,Monthly TARGET balances for Netherlands,,,,2,,,,,TARGET balances (end of month position),,EUR,6
TGB.M.NL.N.A094T.U2.EUR.E,M,NL,N,A094T,U2,EUR,E,2025-01,87977.99,E,F,,,P1M,,E,Monthly TARGET balances for Netherlands,,,,2,,,,,TARGET balances (end of month position),,EUR,6
TGB.M.NL.N.A094T.U2.EUR.E,M,NL,N,A094T,U2,EUR,E,2025-02,77538.83,E,F,,,P1M,,E,Monthly TARGET balances for Netherlands,,,,2,,,,,TARGET balances (end of month position),,EUR,6
TGB.M.NL.N.A094T.U2.EUR.E,M,NL,N,A094T,U2,EUR,E,2025-03,97648.21,E,F,,,P1M,,E,Monthly TARGET balances for Netherlands,,,,2,,,,,TARGET balances (end of month position),,EUR,6
TGB.M.NL.N.A094T.U2.EUR.E,M,NL,N,A094T,U2,EUR,E,2025-04,80248.51,E,F,,,P1M,,E,Monthly TARGET balances for Netherlands,,,,2,,,,,TARGET balances (end of month position),,EUR,6
TGB.M.NL.N.A094T.U2.EUR.E,M,NL,N,A094T,U2,EUR,E,2025-05,90376.59,E,F,,,P1M,,E,Monthly TARGET balances for Netherlands,,,,2,,,,,TARGET balances (end of month position),,EUR,6
TGB.M.NL.N.A094T.U2.EUR.E,M,NL,N,A094T,U2,EUR,E,2025-06,85475.53,E,F,,,P1M,,E,Monthly TARGET balances for Netherlands,,,,2,,,,,TARGET balances (end of month position),,EUR,6
TGB.M.NL.N.A094T.U2.EUR.E,M,NL,N,A094T,U2,EUR,E,2025-07,64385.84,E,F,,,P1M,,E,Monthly TARGET balances for Netherlands,,,,2,,,,,TARGET balances (end of month position),,EUR,6
TGB.M.NL.N.A094T.U2.EUR.E,M,NL,N,A094T,U2,EUR,E,2025-08,95704.08,E,F,,,P1M,,E,Monthly TARGET balances for Netherlands,,,,2,,,,,TARGET balances (end of month position),,EUR,6
TGB.M.NL.N.A094T.U2.EUR.E,M,NL,N,A094T,U2,EUR,E,2025-09,78683.76,E,F,,,P1M,,E,Monthly TARGET balances for Netherlands,,,,2,,,,,TARGET balances (end of month position),,EUR,6
TGB.M.NL.N.A094T.U2.EUR.E,M,NL,N,A094T,U2,EUR,E,2025-10,56239.09,E,F,,,P1M,,E,Monthly TARGET balances for Netherlands,,,,2,,,,,TARGET balances (end of month position),,EUR,6
TGB.M.NL.N.A094T.U2.EUR.E,M,NL,N,A094T,U2,EUR,E,2025-11,67086.46,E,F,,,P1M,,E,Monthly TARGET balances for Netherlands,,,,2,,,,,TARGET balances (end of month position),,EUR,6
TGB.M.NL.N.A094T.U2.EUR.E,M,NL,N,A094T,U2,EUR,E,2025-12,41861.54,E,F,,,P1M,,E,Monthly TARGET balances for Netherlands,,,,2,,,,,TARGET balances (end of month position),,EUR,6
TGB.M.NL.N.A094T.U2.EUR.E,M,NL,N,A094T,U2,EUR,E,2026-01,41818.31,E,F,,,P1M,,E,Monthly TARGET balances for Netherlands,,,,2,,,,,TARGET balances (end of month position),,EUR,6
TGB.M.NL.N.A094T.U2.EUR.E,M,NL,N,A094T,U2,EUR,E,2026-02,78183.34,E,F,,,P1M,,E,Monthly TARGET balances for Netherlands,,,,2,,,,,TARGET balances (end of month position),,EUR,6
TGB.M.NL.N.A094T.U2.EUR.E,M,NL,N,A094T,U2,EUR,E,2026-03,71989.11,E,F,,,P1M,,E,Monthly TARGET balances for Netherlands,,,,2,,,,,TARGET balances (end of month position),,EUR,6
TGB.M.NL.N.A094T.U2.EUR.E,M,NL,N,A094T,U2,EUR,E,2026-04,49000.15,E,F,,,P1M,,E,Monthly TARGET balances for Netherlands,,,,2,,,,,TARGET balances (end of month position),,EUR,6
TGB.M.NL.N.A094T.U2.EUR.E,M,NL,N,A094T,U2,EUR,E,2026-05,45003.35,E,F,,,P1M,,E,Monthly TARGET balances for Netherlands,,,,2,,,,,TARGET balances (end of month position),,EUR,6
TGB.M.NL.N.A094T.U2.EUR.E,M,NL,N,A094T,U2,EUR,E,2026-06,49581.14,E,F,,,P1M,,E,Monthly TARGET balances for Netherlands,,,,2,,,,,TARGET balances (end of month position),,EUR,6
TGB.M.NL.N.A094T.U2.EUR.E,M,NL,N,A094T,U2,EUR,E,2026-07,36451.57,E,F,,,P1M,,E,Monthly TARGET balances for Netherlands,,,,2,,,,,TARGET balances (end of month position),,EUR,6
TGB.M.NL.N.A094T.U2.EUR.E,M,NL,N,A094T,U2,EUR,E,2026-08,62220.09,P,F,,,P1M,,E,Monthly TARGET balances for Netherlands,,,,2,,,,,TARGET balances (end of month position),,EUR,6
