Breakdown of debt securities under the Public Sector Purchase Programme,,,,,,,,,,,,,,,,,,,,,,,,,,,,,,,,,,,,,,,,,,,,,,,,,,,,,,,,,,,,,,,,,,,,,,,,,,,,,,,,,,,,,,,,,,,,,,,,,,,,,,,,,,,,,,,,,,,,,,,,,,,,,,,,,,,,,,,,,,,
Monthly net purchases,,,,,,,,,,,,,,,,,,,,,,,,,,,,,,,,,,,,,,,,,,,,,,,,,,,,,,,,,,,,,,,,,,,,,,,,,,,,,,,,,,,,,,,,,,,,,,,,,,,,,,,,,,,,,,,,,,,,,,,,,,,,,,,,,,,,,,,,,,,
,31/03/2015,30/04/2015,31/05/2015,30/06/2015,31/07/2015,31/08/2015,30/09/2015,30/10/2015,30/11/2015,31/12/2015,31/01/2016,29/02/2016,31/03/2016,30/04/2016,31/05/2016,30/06/2016,31/07/2016,31/08/2016,30/09/2016,31/10/2016,30/11/2016,31/12/2016,31/01/2017,28/02/2017,31/03/2017,30/04/2017,31/05/2017,30/06/2017,31/07/2017,31/08/2017,30/09/2017,31/10/2017,30/11/2017,31/12/2017,31/01/2018,28/02/2018,31/03/2018,30/04/2018,31/05/2018,30/06/2018,31/07/2018,31/08/2018,30/09/2018,31/10/2018,30/11/2018,31/12/2018,31/01/2019,28/02/2019,31/03/2019,30/04/2019,31/05/2019,30/06/2019,31/07/2019,31/08/2019,30/09/2019,31/10/2019,30/11/2019,31/12/2019,31/01/2020,29/02/2020,31/03/2020,30/04/2020,31/05/2020,30/06/2020,31/07/2020,31/08/2020,30/09/2020,31/10/2020,30/11/2020,31/12/2020,31/01/2021,28/02/2021,31/03/2021,30/04/2021,31/05/2021,30/06/2021,31/07/2021,31/08/2021,30/09/2021,31/10/2021,30/11/2021,31/12/2021,31/01/2022,28/02/2022,31/03/2022,30/04/2022,31/05/2022,30/06/2022,31/07/2022,31/08/2022,30/09/2022,31/10/2022,30/11/2022,31/12/2022,31/01/2023,28/02/2023,31/03/2023,30/04/2023,31/05/2023,30/06/2023,31/07/2023,31/08/2023,30/09/2023,31/10/2023,30/11/2023,31/12/2023,31/01/2024,29/02/2024,31/03/2024,30/04/2024,31/05/2024,30/06/2024,31/07/2024,31/08/2024,30/09/2024,31/10/2024,30/11/2024,31/12/2024,31/01/2025,28/02/2025,31/03/2025,30/04/2025,31/05/2025,30/06/2025,31/07/2025,31/08/2025,30/09/2025,31/10/2025,30/11/2025,31/12/2025,31/01/2026,28/02/2026,31/03/2026,30/04/2026,31/05/2026,30/06/2026,31/07/2026,31/08/2026,cumulative net purchases
Austria,1216,1205,1314,1310,1363,1064,1279,1324,1411,1155,1348,1359,1353,2060,2140,1849,1878,1354,1884,1959,1880,1495,1970,1888,1958,1562,1494,1492,1524,1223,1466,1451,1446,1287,549,584,552,631,576,631,649,571,605,284,226,370,287,157,-272,265,202,-515,94,72,140,-394,649,702,762,589,1023,1286,1421,944,-675,379,777,643,854,583,614,583,628,669,514,655,632,345,-2012,628,558,435,1124,407,732,951,1167,716,585,50,-1290,892,-2947,343,571,427,622,-626,488,184,-2897,0,0,-3620,0,0,-173,0,0,0,0,0,-2097,0,-40,-3414,-232,0,0,0,0,-1880,0,-92,0,0,-102,-3390,0,0,0,0,-3037,0,0,0,-806,0,"55,024"
Belgium,1528,1530,1656,1657,1642,1362,1633,1678,1764,1446,1709,1707,1710,2612,2695,2341,2368,1704,2377,2477,2372,1867,2489,2370,2398,1973,1880,1886,1925,1544,1852,1831,1824,1658,713,757,714,801,723,815,826,724,730,350,285,464,277,151,-584,209,186,98,232,54,-1186,354,730,860,960,706,1964,1987,1920,1706,1081,440,-1415,895,876,525,653,583,669,831,551,698,788,380,-2282,683,594,487,1136,441,-1844,2150,1222,839,555,73,-2613,785,288,287,384,275,451,225,350,-2920,0,0,0,-2322,0,0,0,0,0,0,0,-4205,0,0,0,-2837,0,-26,0,0,0,0,0,-5837,0,0,0,0,0,0,0,0,-2937,0,-47,-5001,0,0,"69,900"
Cyprus,0,0,0,0,98,0,0,90,97,0,0,0,-16,0,0,0,0,0,-21,0,0,0,0,0,0,0,0,-34,0,0,-1,0,0,0,0,0,0,0,0,0,0,0,0,155,135,174,58,56,57,117,116,96,140,92,161,101,146,127,101,41,116,116,92,85,144,119,134,127,120,135,85,65,97,86,66,86,75,63,90,50,53,51,87,45,65,106,-247,41,55,33,70,54,31,24,16,14,4,13,18,8,-285,0,0,0,0,0,0,0,0,0,0,-304,0,0,0,0,0,-325,0,0,0,0,0,0,0,0,0,0,-303,0,0,-325,0,0,0,0,0,0,"3,037"
Germany,11070,11148,12144,11970,11975,9926,11851,12195,12903,10443,12347,12440,12411,18985,19573,16888,17247,12368,17188,18016,17290,13568,17713,16960,16977,12490,11919,11892,12169,9803,11676,11551,11562,10660,4823,5078,4765,4718,6893,5989,6346,5422,6318,2875,2504,3508,-1500,-1702,-3888,2184,4854,-1119,419,1330,-1028,2664,5633,1429,458,3001,2046,628,6621,338,5826,4213,3937,7209,13140,5066,-254,8222,4803,6000,6450,4002,4609,3943,1752,3627,8786,2650,2006,3795,4274,11067,10525,159,-3649,1205,-1869,3176,2705,-2705,2718,-3162,-3559,-9374,-2733,-7792,-549,-8310,-7358,-5519,-3168,-2852,-6253,-8081,-4120,-10591,-9091,-6128,-3092,-7813,-3207,-9863,-1966,-2040,-4498,-11839,-5005,-9777,-1601,-4151,-417,-9902,-2361,-8556,-1507,-84,-1300,-9864,-4553,-16238,-1198,-2825,-1275,"-9,418","435,323"
Estonia,0,0,0,5,15,10,8,3,7,0,6,7,0,5,0,0,0,0,0,0,0,0,0,0,0,0,0,0,0,0,0,0,0,0,0,0,0,0,0,0,-58,0,0,0,0,0,0,0,0,0,0,0,0,0,0,0,0,0,0,0,0,0,0,100,40,37,39,1,38,19,21,21,27,21,16,10,0,2,4,3,2,0,4,2,0,15,9,7,0,0,1,42,44,32,21,20,0,0,0,0,0,0,0,0,0,0,0,0,0,0,0,0,0,0,0,0,0,0,0,0,0,0,0,0,0,0,0,0,0,0,0,0,0,0,0,0,0,0,605
Spain,5447,5471,5909,5915,5891,4882,5789,6042,6334,5137,6107,6125,6111,9318,9619,9238,8453,6112,8487,8827,8461,6656,8789,8367,8459,6599,6043,6191,6312,5086,6111,6010,5986,5966,2655,2824,2758,3103,2829,3091,3191,2802,3041,126,2534,1617,-3079,831,656,-4222,1616,415,-1929,541,400,-585,2958,579,201,2006,5407,4276,5078,5426,-1881,1187,3813,3756,2487,2122,2119,-2630,1481,3141,2028,2747,-3510,1201,2761,3029,-1731,1816,-1044,1297,2079,7012,-2407,2797,1727,33,1846,-3634,665,619,-3925,955,1463,800,-1086,311,-4999,0,0,-6704,-979,-169,-4763,0,-60,-5520,-2921,0,-4588,0,-395,-5377,0,-4201,-6719,0,-34,-7633,0,-919,-6688,0,-222,-7282,0,0,0,-5136,-40,-6775,-147,-307,-6222,0,"226,041"
Finland,774,786,841,836,850,687,825,844,909,734,865,879,871,1324,1366,1224,1197,871,1205,1258,1206,939,777,726,730,674,636,643,654,528,202,1052,616,634,280,296,280,542,486,539,555,489,-355,389,339,130,220,128,142,189,181,127,-1229,117,69,389,220,198,580,199,335,-1307,386,372,745,220,-1245,653,622,449,462,413,464,-918,571,797,864,500,897,238,431,554,859,393,609,-529,668,448,501,222,-1061,545,278,265,347,276,291,-1332,227,-61,0,0,-1866,0,0,0,0,0,-206,-1464,0,0,0,0,-1305,0,-248,0,0,0,0,-103,0,0,-1840,0,-1520,0,0,0,0,0,0,-2489,0,0,0,0,"33,075"
France,8757,8624,9485,9426,9465,8087,9485,9950,10221,8267,9969,9989,9852,14933,15398,13683,13569,9769,13609,14160,13480,10689,14240,13558,13707,11303,10769,10799,9989,9270,11050,10488,10439,9224,3978,4224,3990,4565,4161,4542,4633,4121,4219,1999,1661,2461,2493,-743,1445,-732,-4575,873,1383,389,1110,-2149,151,5259,7432,1852,8873,8325,5459,11781,4714,2984,7802,1095,-971,4029,4598,-453,2117,-231,-2768,5103,4732,2828,6203,-2774,4449,3692,6685,220,4007,1136,-1412,4641,-1161,1597,5693,-5558,363,1731,3049,-1348,-4834,103,-10456,1072,-4308,0,-205,-11430,-1240,-200,-1151,-3905,-8290,-471,-11554,-289,-6162,-29,-205,-355,-13713,-101,-252,-4522,-16742,-403,-13379,-104,-87,-14,-104,-8482,-11401,-1313,0,-14353,-2541,-8750,-14556,-234,-482,0,"360,233"
Ireland,722,735,775,784,771,639,824,809,840,684,782,803,808,1078,1112,1085,986,697,982,1022,979,648,547,557,565,522,516,518,599,488,577,-32,1171,691,407,431,410,567,518,565,576,512,342,170,140,213,204,191,192,190,185,174,183,161,175,4,430,502,671,436,644,-1149,458,463,726,332,708,250,736,525,335,314,392,318,237,308,269,230,330,248,269,258,678,256,-1764,1133,645,440,417,129,618,-1106,231,217,187,144,-2085,98,149,56,0,0,0,0,0,0,0,0,-2493,0,0,0,0,0,0,0,0,0,0,0,-2793,0,0,0,0,0,0,0,0,0,0,0,0,0,-3745,0,0,0,"32,442"
Italy,7609,7585,8228,8164,8248,6719,8234,8365,8876,7181,8559,8499,8530,12998,13442,12772,11867,8476,11808,12323,11707,9417,12302,11785,11890,9761,9419,9323,9623,7657,9204,9121,9077,7958,3421,3638,3422,3971,3609,3948,4069,3598,3630,1753,1434,2134,3333,261,1530,-60,-3931,685,2070,-2416,-1012,-2985,992,-33,4552,2266,11855,10919,2853,2327,7876,1727,3242,2039,-1473,-773,3792,3800,2791,3181,585,-3698,5709,-609,3767,3061,-3783,-379,6191,2048,3373,1363,5488,103,2256,-2744,-4332,5505,-2967,-2139,-982,2315,-3012,421,-360,-2161,-3882,-8188,-3775,-7352,-2644,-540,-3595,-4413,-5700,-3490,-5920,-245,-3942,-2613,-9529,-4105,-4630,-7431,-2221,-5120,-6329,-2259,-3060,-6584,-4265,-3152,-2250,0,-4282,-6063,-1234,-4481,-5716,-4810,-96,-6422,-3626,"-2,957","282,861"
Lithuania,39,83,123,133,126,143,125,114,117,104,109,109,125,104,113,105,72,48,73,125,99,75,70,65,75,57,52,38,59,4,29,60,69,62,72,-201,3,42,-25,61,42,41,163,13,28,21,22,11,14,-41,41,1,114,19,130,81,76,73,73,36,25,65,-31,64,146,94,124,67,107,115,103,-7,110,134,-6,118,117,-23,125,87,77,72,102,54,-10,146,5,91,52,34,-52,49,28,29,89,44,18,-17,14,-51,0,-100,0,0,0,0,-228,0,0,-159,0,-224,0,-107,0,0,-86,0,0,0,0,0,-288,0,0,-45,-4,-244,-107,0,-117,0,0,0,0,-145,0,0,"4,266"
Luxembourg,183,205,84,261,80,86,138,6,30,42,169,110,144,35,16,26,6,0,10,3,75,34,10,74,67,49,81,56,61,47,55,39,30,73,27,25,27,40,11,5,6,46,22,4,8,7,2,2,2,7,2,1,17,3,24,4,31,12,80,20,47,94,-607,42,67,60,125,127,131,83,104,73,66,72,55,71,86,74,132,58,37,55,30,45,-310,46,38,59,58,29,37,12,29,5,49,43,33,20,30,12,-569,0,0,0,0,0,0,0,0,0,0,0,0,0,0,0,0,0,0,0,0,-163,0,0,0,0,0,0,0,0,0,0,0,0,0,0,0,0,"3,404"
Latvia,75,177,205,46,22,23,19,63,31,23,41,30,44,76,58,90,27,72,45,90,39,16,39,56,65,43,27,36,28,25,27,48,29,7,54,47,-59,29,39,63,41,33,22,44,8,12,6,-14,4,34,28,30,34,27,32,48,10,43,35,22,67,61,41,9,129,35,29,62,53,-102,-279,75,107,102,74,77,46,17,80,89,90,62,43,54,88,133,90,20,0,41,50,16,22,34,49,42,24,-169,-51,7,0,0,0,0,-27,0,0,0,0,-358,0,0,0,0,0,0,0,0,-25,0,0,0,0,0,0,0,-357,0,0,0,0,0,0,0,0,0,0,0,"3,070"
Malta,5,53,85,66,24,11,18,11,2,7,60,21,60,60,66,37,12,11,7,37,99,55,29,49,30,12,13,16,11,27,21,15,-24,21,7,5,31,4,17,17,-11,8,2,27,18,2,3,1,7,1,0,17,-9,9,-42,8,2,2,0,16,16,-11,23,-8,0,2,12,0,11,0,0,7,4,4,29,0,38,-75,12,34,42,52,0,12,29,8,-8,11,5,-8,6,6,9,2,11,3,2,1,-1,1,-9,0,0,0,-15,0,0,0,0,0,0,0,-15,0,0,-19,-6,0,0,0,0,0,0,0,-13,0,0,0,-37,0,0,0,0,0,0,0,-13,0,"1,325"
the Netherlands,2487,2527,2667,2663,2657,2213,2603,2721,2883,2191,2840,2794,2759,4224,4355,3781,3834,2915,3842,3996,3831,3041,4021,3825,3869,2977,2642,2650,2698,2174,2599,2574,2562,2368,1055,1123,1063,1290,1174,1283,721,1269,1877,501,408,636,-2851,342,262,1050,669,-93,-3023,-38,534,1593,526,608,-3869,138,727,1482,1004,972,-2697,368,1206,1808,1506,1253,397,599,1096,1618,1065,1347,-3491,677,1430,1215,1284,1068,-3380,767,1159,3608,2147,1449,-3065,-91,2037,1276,875,826,-3233,357,1030,51,747,187,-6270,0,-229,0,-114,0,-5696,0,0,0,0,-625,-5526,0,-326,-88,-184,0,-98,0,0,-729,-365,0,-6279,0,-230,0,-173,0,-3774,0,0,-733,0,0,-5679,0,"96,593"
Portugal,1074,1084,1174,1164,1160,966,1148,1184,1248,1018,1197,1214,1213,1405,1451,1438,958,722,1022,1021,1023,726,688,656,663,526,504,509,517,414,494,489,488,516,461,489,462,623,568,620,638,562,546,265,206,332,443,379,384,492,440,-791,518,395,406,631,530,516,299,286,416,462,396,412,390,330,320,449,439,502,524,469,494,-1374,493,628,621,476,850,718,667,578,722,329,507,1207,708,474,382,104,456,-2314,244,-159,541,492,90,265,175,66,-179,0,0,-2636,-58,-240,-15,-2144,-42,0,0,0,0,0,0,-410,-51,0,0,0,0,0,0,0,-28,0,0,-4016,0,0,-43,-148,-3,0,0,0,-3494,0,"41,815"
Slovenia,209,219,231,228,232,192,227,245,248,197,252,280,237,236,242,254,223,153,219,225,216,168,160,152,150,113,119,159,166,141,159,164,254,237,108,115,109,127,113,115,116,36,78,41,32,49,65,-239,52,50,38,29,50,23,33,75,45,42,-294,31,62,93,58,59,162,103,146,155,151,148,-188,145,163,-92,143,183,194,105,196,158,142,116,125,70,-177,204,123,81,97,72,107,73,52,49,61,54,-320,16,24,9,0,0,0,-8,0,-13,0,0,0,-7,0,-4,0,0,-348,-4,0,0,0,0,0,-7,0,0,-738,0,0,0,0,0,0,-306,-370,0,0,-36,0,0,"9,230"
Slovakia,506,522,529,546,442,423,467,377,533,277,575,554,433,329,323,233,221,123,133,164,230,216,334,301,294,233,211,237,220,60,178,228,137,194,187,141,137,170,133,185,152,129,235,84,-667,16,86,76,77,80,-82,69,87,65,76,111,97,95,140,71,122,-568,132,139,374,251,344,358,374,355,270,246,60,304,221,288,223,166,255,134,130,122,174,114,143,335,222,149,71,89,86,76,76,76,180,-816,124,63,97,37,0,0,0,0,-488,0,0,0,0,0,0,-618,0,0,0,0,-975,0,0,0,0,0,-948,0,0,0,0,-975,0,0,0,0,0,0,-725,0,0,0,"13,604"
Supranationals,5682,5748,6173,6267,6300,5393,6335,6153,6650,5403,6021,6437,6413,8717,7706,7028,6732,5117,7102,7271,7157,5425,7185,6818,6919,5417,5166,5194,5257,4347,5096,5084,5081,4629,2107,2225,2109,2407,2404,2504,2465,2259,1737,840,822,815,-1293,1296,-3,-674,-340,1020,0,0,578,-647,1253,1500,247,2421,3575,2865,3655,4549,-798,2269,3005,-513,2039,2788,298,2603,-615,319,3649,-97,1940,3262,-2167,3752,2717,1300,1751,1748,1212,3146,3461,1401,0,0,-106,-2833,513,1860,-1,1,-448,-2594,-1829,566,-2476,0,0,-4652,-4647,-2762,-3666,-1982,-1545,-6651,-708,-2377,-1318,0,-2150,-4499,0,-1697,0,-2998,-3103,-4128,0,-498,-5869,0,-5419,-4129,-2251,-814,-1894,0,-5923,-2623,-621,-2995,-2708,-195,"196,426"
Total,47383,47701,51622,51442,51359,42826,51008,52175,55105,44309,52956,53358,53059,78499,79673,72072,69650,50513,69972,72974,70145,55032,71362,68208,68816,54311,51491,51607,51811,42839,50795,50174,50747,46184,20905,21801,20774,23631,24230,24973,24957,22619,23211,9918,10122,12961,-1222,1183,77,-862,-370,1118,-851,843,602,-698,14478,12515,12428,14137,37323,29624,28961,29779,16370,15150,23102,19182,21241,17822,13655,15129,14955,14186,13973,13320,13943,13563,12423,15038,14815,12989,17292,12095,14172,33238,22443,13924,-1114,869,-315,-2938,540,1398,132,137,-10104,-12037,-14195,-10469,-26424,-16598,-13434,-44243,-13379,-6776,-25539,-20524,-22455,-28712,-30194,-15018,-26740,-10562,-17504,-30973,-22091,-15821,-13814,-24478,-34007,-27081,-19641,-18184,-26222,-13114,-12568,-37073,-20060,-8274,-8361,-34614,-25120,-42419,-21135,-17964,-24306,"-12,570","1,868,273"
In EUR millions. ,,,,,,,,,,,,,,,,,,,,,,,,,,,,,,,,,,,,,,,,,,,,,,,,,,,,,,,,,,,,,,,,,,,,,,,,,,,,,,,,,,,,,,,,,,,,,,,,,,,,,,,,,,,,,,,,,,,,,,,,,,,,,,,,,,,,,,,,,,,
Figures may not add up due to rounding.,,,,,,,,,,,,,,,,,,,,,,,,,,,,,,,,,,,,,,,,,,,,,,,,,,,,,,,,,,,,,,,,,,,,,,,,,,,,,,,,,,,,,,,,,,,,,,,,,,,,,,,,,,,,,,,,,,,,,,,,,,,,,,,,,,,,,,,,,,,
Figures may be subject to revision.,,,,,,,,,,,,,,,,,,,,,,,,,,,,,,,,,,,,,,,,,,,,,,,,,,,,,,,,,,,,,,,, ,,,,,,,,,,,,,,,,,,,,,,,,,,,,,,,,,,,,,,,,,,,,,,,,,,,,,,,,,,,,,,,,,,,,,,,,,,,
,,,,,,,,,,,,,,,,,,,,,,,,,,,,,,,,,,,,,,,,,,,,,,,,,,,,,,,,,,,,,,,,,,,,,,,,,,,,,,,,,,,,,,,,,,,,,,,,,,,,,,,,,,,,,,,,,,,,,,,,,,,,,,,,,,,,,,,,,,,
WAM of PSPP portfolio holdings,,,,,,,,,,,,,,,,,,,,,,,,,,,,,,,,,,,,,,,,,,,,,,,,,,,,,,,,,,,,,,,,,,,,,,,,,,,,,,,,,,,,,,,,,,,,,,,,,,,,,,,,,,,,,,,,,,,,,,,,,,,,,,,,,,,,,,,,,,,
,31/03/2015,30/04/2015,31/05/2015,30/06/2015,31/07/2015,31/08/2015,30/09/2015,31/10/2015,30/11/2015,31/12/2015,31/01/2016,29/02/2016,31/03/2016,30/04/2016,31/05/2016,30/06/2016,31/07/2016,31/08/2016,30/09/2016,31/10/2016,30/11/2016,31/12/2016,31/01/2017,28/02/2017,31/03/2017,30/04/2017,31/05/2017,30/06/2017,31/07/2017,31/08/2017,30/09/2017,31/10/2017,30/11/2017,31/12/2017,31/01/2018,28/02/2018,31/03/2018,30/04/2018,31/05/2018,30/06/2018,31/07/2018,31/08/2018,30/09/2018,31/10/2018,30/11/2018,31/12/2018,31/01/2019,28/02/2019,31/03/2019,30/04/2019,31/05/2019,30/06/2019,31/07/2019,31/08/2019,30/09/2019,31/10/2019,30/11/2019,31/12/2019,31/01/2020,29/02/2020,31/03/2020,30/04/2020,31/05/2020,30/06/2020,31/07/2020,31/08/2020,30/09/2020,31/10/2020,30/11/2020,31/12/2020,31/01/2021,28/02/2021,31/03/2021,30/04/2021,31/05/2021,30/06/2021,31/07/2021,31/08/2021,30/09/2021,31/10/2021,30/11/2021,31/12/2021,31/01/2022,28/02/2022,31/03/2022,30/04/2022,31/05/2022,30/06/2022,31/07/2022,31/08/2022,30/09/2022,31/10/2022,30/11/2022,31/12/2022,31/01/2023,28/02/2023,31/03/2023,30/04/2023,31/05/2023,30/06/2023,31/07/2023,31/08/2023,30/09/2023,31/10/2023,30/11/2023,31/12/2023,31/01/2024,29/02/2024,31/03/2024,30/04/2024,31/05/2024,30/06/2024,31/07/2024,31/08/2024,30/09/2024,31/10/2024,30/11/2024,31/12/2024,31/01/2025,28/02/2025,31/03/2025,30/04/2025,31/05/2025,30/06/2025,31/07/2025,31/08/2025,30/09/2025,31/10/2025,30/11/2025,31/12/2025,31/01/2026,28/02/2026,31/03/2026,30/04/2026,31/05/2026,30/06/2026,31/07/2026,31/08/2026,
Austria,7.78,7.98,7.83,7.73,7.92,7.93,8.02,8.1,8.24,8.51,8.36,8.42,8.42,8.67,8.69,8.91,9.1,9.22,9.3,9.37,9.31,9.23,9.25,9.3,9.31,9.34,9.3,9.23,9.17,9.15,9.13,9.14,9.14,9.08,8.97,8.91,8.82,8.75,8.66,8.57,8.49,8.41,8.32,8.22,8.13,8.07,8,7.93,7.92,7.85,7.76,7.79,7.74,7.66,7.6,7.67,7.66,7.63,7.6,7.6,7.59,7.61,7.65,7.7,7.89,7.87,7.84,7.8,7.78,7.7,7.66,7.57,7.5,7.47,7.37,7.33,7.33,7.28,7.49,7.4,7.33,7.28,7.2,7.14,7.11,7.3,7.31,7.33,7.24,7.15,7.3,7.25,7.56,7.47,7.38,7.3,7.21,7.23,7.14,7.06,7.29,7.21,7.13,7.47,7.39,7.3,7.24,7.16,7.08,6.99,6.91,6.83,6.99,6.91,6.83,7.17,7.12,7.03,6.95,6.87,6.79,6.95,6.86,6.79,6.71,6.62,6.56,6.93,6.84,6.76,6.68,6.6,6.95,6.87,6.79,6.7,6.74,6.66,
Belgium,8.78,9.09,9.12,9.08,8.83,8.79,8.95,9.2,9.61,9.51,9.52,9.58,9.71,9.8,9.77,9.64,9.77,9.92,9.99,10.06,9.97,10.02,10.1,10.04,10.13,10.23,10.22,10.4,10.32,10.22,10.26,10.16,10.04,9.98,9.87,9.75,9.75,9.66,9.65,9.72,9.63,9.55,9.49,9.4,9.32,9.24,9.15,9.08,9.11,9.04,8.96,8.87,8.79,8.7,8.82,8.75,8.66,8.59,8.53,8.45,8.4,8.38,8.35,8.33,8.28,8.2,8.41,8.35,8.29,8.22,8.14,8.06,7.98,7.9,7.83,7.75,7.66,7.58,7.81,7.73,7.65,7.56,7.46,7.38,7.56,7.52,7.47,7.39,7.29,7.21,7.46,7.38,7.3,7.22,7.13,7.06,6.98,6.9,6.82,7,6.91,6.83,6.74,6.87,6.78,6.7,6.61,6.53,6.45,6.37,6.28,6.57,6.48,6.4,6.32,6.49,6.41,6.33,6.24,6.17,6.08,6,5.92,6.38,6.3,6.21,6.13,6.05,5.96,5.88,5.79,5.72,5.91,5.83,5.75,6.19,6.11,6.02,
Cyprus,0,0,0,0,5.4,5.32,5.24,5.42,5.9,5.81,5.73,5.65,5.52,5.43,5.35,5.27,5.18,5.1,5.08,5,4.92,4.83,4.75,4.67,4.59,4.5,4.42,4.69,4.6,4.52,4.45,4.36,4.28,4.2,4.11,4.03,3.95,3.87,3.78,3.7,3.61,3.53,3.45,4.95,5.43,5.81,5.75,5.69,5.69,6,6.34,6.96,7.45,7.39,7.88,7.99,8.46,8.65,8.74,8.86,8.86,9.15,9.25,9.41,9.72,9.96,10.04,10,9.98,9.95,9.91,9.86,9.87,9.72,9.65,9.52,9.37,9.24,9.08,8.97,8.87,8.77,8.7,8.6,8.52,8.45,9.04,8.94,8.87,8.76,8.62,8.47,8.35,8.25,8.23,8.2,8.13,8.05,7.98,7.9,8.37,8.28,8.2,8.12,8.04,7.95,7.87,7.79,7.7,7.62,7.53,8.02,7.94,7.85,7.77,7.68,7.6,8.25,8.17,8.09,8,7.92,7.84,7.76,7.67,7.59,7.5,7.42,8.07,7.99,7.9,8.76,8.67,8.59,8.51,8.42,8.34,8.26,
Germany,8.11,7.9,7.1,6.86,6.91,7.09,6.97,6.97,7,6.99,6.99,6.95,7.02,7.15,7.3,7.43,7.58,7.69,7.86,7.99,8.05,8.13,8.14,7.89,7.65,7.47,7.28,7.15,7,6.89,6.8,6.74,6.66,6.56,6.48,6.46,6.41,6.45,6.37,6.41,6.44,6.36,6.35,6.38,6.31,6.31,6.34,6.35,6.39,6.41,6.35,6.35,6.38,6.31,6.31,6.36,6.31,6.3,6.38,6.33,6.32,6.46,6.4,6.42,6.47,6.41,6.51,6.55,6.52,6.52,6.6,6.56,6.57,6.62,6.62,6.66,6.71,6.65,6.72,6.76,6.7,6.68,6.73,6.67,6.63,6.65,6.61,6.64,6.7,6.64,6.72,6.74,6.69,6.68,6.64,6.67,6.7,6.76,6.76,6.79,6.71,6.72,6.73,6.71,6.67,6.62,6.61,6.63,6.6,6.65,6.69,6.69,6.64,6.67,6.62,6.68,6.62,6.57,6.54,6.64,6.63,6.69,6.63,6.61,6.53,6.6,6.55,6.6,6.54,6.46,6.4,6.48,6.47,6.63,6.57,6.53,6.47,6.55,
Estonia,0,0,0,3.04,2.95,2.87,2.78,2.7,2.62,2.53,2.45,2.37,2.28,2.2,2.12,2.03,1.95,1.86,1.78,1.7,1.61,1.53,1.44,1.37,1.28,1.2,1.12,1.03,0.95,0.86,0.78,0.7,0.61,0.53,0.44,0.37,0.28,0.2,0.12,0.03,0,0,0,0,0,0,0,0,0,0,0,0,0,0,0,0,0,0,0,0,0,0,0,9.94,9.86,9.77,9.69,9.61,9.52,9.44,9.36,9.28,9.19,9.11,9.04,8.94,8.86,8.77,8.69,8.61,8.53,8.44,8.36,8.28,8.19,8.11,8.03,7.95,7.86,7.78,7.69,7.82,7.91,7.93,7.89,7.79,7.7,7.62,7.54,7.46,7.37,7.29,7.2,7.12,7.04,6.95,6.87,6.79,6.7,6.62,6.54,6.45,6.37,6.29,6.2,6.12,6.03,5.95,5.86,5.79,5.7,5.62,5.54,5.45,5.37,5.28,5.2,5.12,5.04,4.95,4.87,4.79,4.7,4.62,4.54,4.45,4.37,4.28,
Spain,11.65,9.72,9.7,9.81,9.66,9.68,9.67,9.65,9.73,9.69,9.76,9.74,9.69,9.58,9.65,9.73,9.7,9.63,9.57,9.46,9.36,9.24,9.12,8.95,8.81,8.67,8.59,8.52,8.5,8.46,8.4,8.42,8.34,8.27,8.25,8.21,8.18,8.41,8.38,8.35,8.39,8.34,8.3,8.23,8.38,8.32,8.22,8.35,8.28,8.21,8.37,8.29,8.35,8.27,8.2,8.13,8.2,8.21,8.14,8.29,8.25,8.16,8.19,8.14,8.28,8.2,8.15,8.1,8.12,8.05,8.14,8.06,8.01,7.93,7.87,7.8,7.93,7.87,7.84,7.88,7.87,7.83,7.9,7.84,7.82,8,7.99,7.92,7.84,7.76,7.7,7.79,7.72,7.65,7.73,7.66,7.59,7.59,7.52,7.45,7.5,7.42,7.34,7.43,7.38,7.3,7.34,7.26,7.18,7.25,7.25,7.17,7.22,7.14,7.06,7.13,7.15,7.07,7.18,7.11,7.02,7.18,7.13,7.04,7.18,7.09,7.02,7.17,7.09,7.01,7.1,7.02,6.94,7.1,7.03,6.95,7.09,7.01,
Finland,7.24,7.14,7.15,7.23,7.24,7.34,7.39,7.5,7.59,7.59,7.59,7.71,7.66,7.59,7.57,7.52,7.53,7.56,7.6,7.64,7.44,7.35,7.38,7.28,7.25,7.37,7.35,7.3,7.27,7.22,7.5,7.47,7.36,7.3,7.23,7.18,7.12,7.07,7.04,7.04,7.04,7.03,7.32,7.27,7.2,7.13,7.05,7,6.92,6.88,6.8,6.74,7.03,6.95,6.9,6.82,6.73,6.64,6.57,6.51,6.46,6.97,6.91,6.83,6.87,6.8,7.17,7.15,7.1,7.04,7,6.95,6.91,7.31,7.3,7.34,7.38,7.35,7.3,7.36,7.38,7.35,7.42,7.4,7.47,7.92,7.97,7.98,8.02,7.95,8.21,8.15,8.09,8.02,7.97,7.91,7.82,8.02,7.94,7.89,7.8,7.72,8,7.91,7.83,7.75,7.66,7.58,7.54,7.75,7.66,7.58,7.49,7.41,7.59,7.5,7.47,7.39,7.3,7.23,7.14,7.08,6.99,6.91,7.2,7.11,7.36,7.27,7.19,7.11,7.02,6.94,6.86,7.34,7.25,7.17,7.08,7,
France,8.2,7.83,7.81,7.82,7.92,7.86,7.84,7.82,7.8,7.73,7.68,7.68,7.65,7.66,7.67,7.65,7.7,7.69,7.74,7.79,7.73,7.68,7.66,7.65,7.63,7.65,7.65,7.64,7.75,7.73,7.73,7.79,7.79,7.76,7.7,7.67,7.61,7.6,7.62,7.58,7.54,7.47,7.41,7.4,7.38,7.31,7.23,7.2,7.12,7.11,7.16,7.08,7.05,6.98,6.92,6.98,7.01,6.95,6.9,6.89,6.89,6.99,7.08,7.1,7.11,7.06,7.04,7.15,7.25,7.22,7.19,7.2,7.16,7.22,7.28,7.2,7.17,7.1,7.04,7.12,7.05,6.99,6.9,6.86,6.79,6.9,6.95,6.87,6.84,6.77,6.71,6.8,6.76,6.68,6.61,6.59,6.63,6.57,6.68,6.59,6.56,6.47,6.39,6.47,6.41,6.33,6.26,6.24,6.27,6.2,6.28,6.21,6.2,6.11,6.03,5.95,6.08,5.99,5.91,5.9,6.07,5.99,6.13,6.05,5.97,5.89,5.8,5.86,5.98,5.91,5.83,6.01,5.97,6.05,6.27,6.19,6.11,6.03,
Ireland,9.42,9.13,9.6,9.54,9.77,9.68,9.12,8.97,9.32,9.4,9.47,9.48,9.43,9.47,9.37,9.37,9.3,9.24,9.39,9.34,9.19,9.16,9.06,9.03,8.92,8.83,8.76,8.73,8.66,8.67,8.63,9.35,9.31,9.2,9.13,9.05,9.09,9.18,9.18,9.18,9.12,9.06,9.03,8.96,8.9,8.84,8.78,8.71,8.65,8.57,8.53,8.5,8.46,8.41,8.36,8.37,8.3,8.24,8.36,8.34,8.36,8.91,8.83,8.78,8.75,8.67,8.63,8.77,8.75,8.72,8.66,8.59,8.51,8.42,8.36,8.31,8.28,8.23,8.21,8.17,8.15,8.12,8.09,8.04,8.48,8.43,8.4,8.32,8.26,8.17,8.15,8.43,8.36,8.28,8.24,8.2,8.66,8.59,8.5,8.42,8.33,8.25,8.16,8.08,8,7.91,7.83,7.75,8.21,8.12,8.04,7.96,7.87,7.79,7.7,7.62,7.54,7.45,7.37,7.29,7.83,7.75,7.66,7.58,7.5,7.41,7.33,7.24,7.16,7.08,6.99,6.92,6.83,6.75,7.54,7.45,7.37,7.28,
Italy,9.06,8.4,8.67,8.82,9.03,9.09,9.25,9.28,9.27,9.27,9.31,9.33,9.33,9.36,9.3,9.28,9.23,9.2,9.15,9.06,8.95,8.89,8.84,8.79,8.72,8.65,8.58,8.58,8.55,8.47,8.38,8.24,8.16,8.11,8.09,8.04,7.97,7.94,7.93,7.93,7.84,7.77,7.69,7.62,7.54,7.51,7.42,7.36,7.27,7.26,7.31,7.22,7.14,7.13,7.08,7.16,7.15,7.17,7.09,7.05,7.15,7.12,7.16,7.22,7.16,7.07,7.08,7.11,7.28,7.28,7.21,7.14,7.08,7.09,7.11,7.21,7.15,7.14,7.11,7.09,7.2,7.19,7.14,7.08,7.03,7.18,7.13,7.15,7.1,7.07,7.19,7.14,7.16,7.16,7.17,7.11,7.15,7.09,7.06,7.04,7.03,7.09,7.06,7.11,7.08,7,6.99,6.99,7.02,7,7.03,6.96,6.95,6.92,7.01,7.01,7.03,7.11,7.07,7.11,7.18,7.15,7.13,7.21,7.23,7.23,7.2,7.12,7.14,7.22,7.16,7.21,7.28,7.33,7.25,7.35,7.38,7.38,
Lithuania,6.44,5.22,6.1,5.89,5.69,5.55,5.46,5.35,5.62,6,6.23,6.46,6.66,6.59,6.56,6.61,6.49,6.41,6.39,6.59,6.6,6.57,6.68,6.69,6.78,6.77,6.77,6.88,6.81,6.89,6.91,6.88,6.84,6.83,6.83,8.25,8.27,8.12,8.23,8.3,8.15,8.03,8.58,8.53,8.55,8.46,8.46,8.38,8.52,8.37,8.25,8.54,8.91,8.92,9.18,9.53,9.42,9.37,9.24,9.13,9.25,9.14,9.26,9.15,8.99,9.1,9.45,9.61,9.84,9.97,10.31,10.19,10.18,10.32,10.58,10.65,10.63,10.72,10.88,10.91,10.81,10.72,10.82,10.7,10.72,10.57,10.6,10.49,10.37,10.26,10.35,10.22,10.11,9.99,9.79,9.69,9.59,9.54,9.44,9.44,9.36,9.43,9.35,9.27,9.19,9.1,9.39,9.31,9.23,9.42,9.33,9.66,9.57,9.7,9.61,9.53,9.61,9.53,9.44,9.36,9.28,9.2,9.68,9.6,9.52,9.52,9.45,9.89,10.06,9.98,10.17,10.1,10.01,9.93,9.84,10.12,10.04,9.95,
Luxembourg,6.62,6.87,6.7,6.4,6.29,6.25,6.29,6.21,6.12,6.06,6.07,6.09,6.16,6.08,6,5.96,5.89,5.81,5.73,5.65,5.52,5.44,5.38,5.46,5.54,5.56,5.61,5.65,5.69,5.7,5.69,5.66,5.63,5.66,5.62,5.57,5.5,5.47,5.39,5.31,5.23,5.21,5.14,5.05,4.98,4.91,4.83,4.75,4.67,4.59,4.51,4.43,4.34,4.25,4.17,4.09,4.04,3.97,3.98,3.91,3.87,3.88,5.03,5.01,4.96,4.91,4.96,5.21,5.31,5.41,5.53,5.58,5.55,5.56,5.59,5.59,5.61,5.62,5.68,5.63,5.59,5.47,5.39,5.36,5.81,5.75,5.71,5.69,5.7,5.7,5.78,5.73,5.66,5.58,5.6,5.59,5.61,5.6,5.62,5.56,6.42,6.34,6.26,6.17,6.09,6.01,5.92,5.84,5.76,5.67,5.59,5.51,5.42,5.34,5.26,5.17,5.09,5,4.92,4.84,4.76,4.92,4.83,4.75,4.67,4.58,4.5,4.41,4.33,4.25,4.16,4.09,4,3.92,3.83,3.75,3.67,3.58,
Latvia,6.42,5.93,6.29,6.22,6.12,6.07,5.94,5.99,5.87,5.85,5.69,5.57,5.45,5.37,5.64,6.61,6.55,6.58,6.57,7.31,7.29,7.23,7.5,7.48,7.65,7.7,7.63,7.94,7.85,7.82,7.82,7.74,7.69,7.6,7.77,7.69,8.12,8.07,8.3,8.58,8.6,8.59,8.64,8.72,8.71,8.74,8.71,8.72,8.68,8.96,9.16,9.31,9.53,9.65,9.8,10.06,10.41,10.61,10.71,10.76,10.68,10.62,10.55,10.59,10.31,10.17,10.06,9.89,9.71,10.04,11.22,11.42,11.31,11.16,11.05,10.87,10.73,10.63,10.46,10.31,10.19,10.11,10.13,9.99,9.74,9.47,9.42,9.31,9.22,9.07,8.92,8.81,8.7,8.58,8.44,8.33,8.22,8.53,8.59,8.5,8.42,8.33,8.25,8.17,8.15,8.06,7.98,7.9,7.81,8.6,8.51,8.43,8.35,8.26,8.18,8.09,8.01,7.93,7.9,7.83,7.74,7.66,7.58,7.49,7.41,7.32,8.17,8.08,8,7.91,7.83,7.75,7.67,7.58,7.5,7.42,7.33,7.25,
Malta,10.37,8.47,11.05,12,11.04,10.5,10,9.7,9.6,9.62,9.58,9.53,10.34,10.14,10.56,10.86,10.88,10.75,10.81,11.11,11.54,11.54,11.51,11.37,11.28,11.21,11.17,11.03,10.97,10.94,10.81,10.76,11.5,11.52,11.45,11.38,11.21,11.13,10.95,10.78,10.93,10.83,10.77,10.86,10.62,10.56,10.48,10.39,10.32,10.23,10.15,9.94,9.96,10.1,10.56,10.53,10.43,10.34,10.25,10.1,10.16,10.27,10.15,10.16,10.07,9.97,10.05,9.96,9.82,9.74,9.65,9.55,9.46,9.36,9.55,9.46,9.6,10.4,10.27,10.66,10.65,11.19,11.11,10.96,11.22,11.13,11.39,11.31,11.29,11.3,11.21,11.13,11.07,10.96,10.89,10.81,10.73,10.66,10.59,10.51,10.51,10.42,10.34,10.25,10.25,10.17,10.08,10,9.92,9.84,9.75,9.67,9.71,9.63,9.54,9.62,9.59,9.5,9.42,9.34,9.26,9.17,9.09,9.01,9.02,8.94,8.85,8.77,8.99,8.91,8.82,8.75,8.66,8.58,8.49,8.41,8.43,8.34,
the Netherlands,6.69,6.96,6.84,6.8,6.71,6.63,6.6,6.55,6.57,6.51,6.5,6.69,6.81,7.1,7.39,7.56,7.7,7.75,7.89,8,8.01,7.99,7.98,7.93,7.82,7.82,7.74,7.65,7.7,7.63,7.58,7.53,7.47,7.42,7.45,7.39,7.32,7.5,7.44,7.37,7.53,7.47,7.41,7.36,7.29,7.22,7.45,7.37,7.32,7.27,7.2,7.16,7.44,7.38,7.31,7.31,7.25,7.19,7.56,7.5,7.43,7.44,7.36,7.28,7.6,7.54,7.51,7.57,7.61,7.57,7.57,7.62,7.65,7.66,7.63,7.61,7.91,7.83,7.74,7.67,7.6,7.52,7.84,7.79,7.74,7.71,7.67,7.59,7.84,7.82,7.78,7.75,7.67,7.59,7.79,7.75,7.63,7.57,7.46,7.38,7.71,7.63,7.56,7.48,7.4,7.32,7.63,7.55,7.47,7.39,7.3,7.26,7.59,7.5,7.44,7.36,7.3,7.21,7.13,7.05,6.97,6.94,6.88,6.8,7.19,7.1,7.04,6.95,6.89,6.8,7.01,6.94,6.85,6.83,6.74,6.66,7.05,6.97,
Portugal,10.95,10.76,10.83,10.6,10.58,10.79,10.87,10.63,10.56,10.35,10.21,10.11,10.17,10.15,10.2,10.13,10.06,9.91,9.83,9.79,9.68,9.5,9.36,9.28,9.18,9.05,8.95,8.85,8.73,8.64,8.55,8.48,8.4,8.31,8.23,8.19,8.14,8.16,8.16,8.13,8.08,8.03,7.99,7.94,7.88,7.8,7.8,7.73,7.66,7.61,7.58,7.8,7.78,7.71,7.69,7.66,7.65,7.62,7.59,7.55,7.5,7.45,7.38,7.31,7.26,7.23,7.19,7.2,7.12,7.05,7.05,7.05,7.01,7.41,7.5,7.51,7.51,7.47,7.5,7.48,7.5,7.49,7.47,7.43,7.44,7.47,7.44,7.37,7.32,7.27,7.2,7.53,7.46,7.49,7.52,7.51,7.5,7.45,7.45,7.46,7.38,7.3,7.22,7.52,7.45,7.38,7.3,7.55,7.47,7.39,7.31,7.22,7.14,7.06,6.97,6.94,6.86,6.78,6.69,6.61,6.53,6.45,6.36,6.28,6.2,6.11,6.03,6.53,6.45,6.36,6.28,6.22,6.14,6.06,5.97,5.89,6.34,6.26,
Slovenia,6.31,7.92,7.49,7.56,7.21,7.75,7.96,8.05,8.12,7.96,7.73,7.56,7.73,8.01,8.31,8.27,8.22,8.25,8.41,8.55,8.7,8.87,8.88,8.89,9.19,9.18,9.28,9.45,9.56,9.59,9.69,10.25,10.28,10.33,10.39,10.4,10.71,10.75,10.73,10.71,10.65,10.8,10.75,10.68,10.62,10.55,10.47,10.8,10.71,10.63,10.54,10.45,10.35,10.26,10.17,10.08,9.99,9.91,10.3,10.22,10.13,10.04,9.92,9.81,9.64,9.55,9.4,9.29,9.33,9.35,9.79,9.85,9.88,10.17,10.21,10.1,10.06,10.03,9.99,9.9,9.82,9.71,9.62,9.52,9.69,9.71,9.7,9.65,9.54,9.49,9.4,9.37,9.31,9.25,9.2,9.18,9.41,9.33,9.24,9.16,9.08,8.99,8.91,8.83,8.75,8.68,8.59,8.51,8.43,8.35,8.26,8.19,8.1,8.02,8.21,8.13,8.05,7.96,7.88,7.8,7.71,7.64,7.55,7.47,7.96,7.88,7.8,7.71,7.63,7.54,7.46,7.64,7.87,7.79,7.71,7.66,7.57,7.49,
Slovakia,9.48,9.26,9.28,9.2,8.84,8.66,8.67,8.46,8.52,8.58,8.4,8.32,8.25,8.23,8.1,8.02,7.91,7.84,7.85,7.82,7.78,7.88,7.92,7.95,8.08,8.1,8.14,8.22,8.22,8.2,8.17,8.37,8.4,8.41,8.45,8.46,8.46,8.6,8.62,8.6,8.57,8.54,8.59,8.49,9.15,9.07,8.97,8.87,8.84,8.82,8.9,8.84,8.79,8.72,8.67,8.6,8.54,8.49,8.43,8.36,8.3,8.87,8.79,8.66,8.56,8.47,8.36,8.29,8.24,8.18,8.13,8.07,8.21,8.14,8.16,8.13,8.18,8.12,8.14,8.18,8.25,8.28,8.23,8.19,8.13,8.08,8.08,8.06,7.99,7.94,7.92,7.87,7.78,7.72,7.69,8.13,8.06,7.99,7.92,7.85,7.77,7.68,7.6,7.51,7.66,7.58,7.49,7.41,7.33,7.25,7.16,7.37,7.28,7.2,7.12,7.03,7.43,7.34,7.26,7.18,7.1,7.01,7.43,7.35,7.26,7.18,7.09,7.57,7.49,7.4,7.32,7.24,7.15,7.07,7.43,7.35,7.26,7.18,
Supranationals,7.25,8.05,7.79,7.42,7.18,7.06,6.82,6.9,7.04,6.96,6.9,6.98,6.93,6.78,6.82,6.85,7.05,7.12,7.26,7.32,7.25,7.28,7.31,7.36,7.35,7.35,7.36,7.45,7.46,7.46,7.56,7.6,7.63,7.69,7.62,7.63,7.61,7.83,7.78,7.71,7.74,7.67,7.6,7.61,7.52,7.47,7.49,7.43,7.37,7.38,7.38,7.31,7.22,7.14,7.11,7.12,7.14,7.07,7.18,7.17,7.23,7.28,7.22,7.2,7.32,7.26,7.24,7.34,7.43,7.43,7.56,7.55,7.7,7.87,7.86,7.93,7.96,8,8.16,8.16,8.13,8.04,8.02,8.04,8.06,8.16,8.18,8.11,8.02,7.94,8.05,8.22,8.23,8.22,8.24,8.17,8.18,8.21,8.25,8.18,8.17,8.08,8,8.06,8.13,8.13,8.17,8.15,8.12,8.27,8.21,8.21,8.17,8.09,8.08,8.15,8.07,8.05,7.96,7.99,8.02,8.1,8.01,7.95,8.09,8,8.14,8.22,8.23,8.18,8.18,8.1,8.28,8.31,8.37,8.31,8.35,8.28,
Total,8.55,8.24,8.06,7.98,7.99,8.02,7.98,7.99,8.05,8.01,8,8.02,8.03,8.06,8.12,8.17,8.25,8.27,8.34,8.37,8.32,8.31,8.29,8.2,8.1,8.04,7.96,7.93,7.91,7.85,7.82,7.8,7.75,7.71,7.65,7.62,7.58,7.63,7.6,7.59,7.58,7.52,7.47,7.45,7.41,7.37,7.34,7.32,7.28,7.27,7.27,7.23,7.22,7.16,7.13,7.16,7.15,7.12,7.15,7.13,7.14,7.21,7.21,7.22,7.26,7.2,7.22,7.26,7.31,7.29,7.31,7.28,7.27,7.31,7.31,7.32,7.34,7.3,7.32,7.34,7.32,7.28,7.28,7.23,7.21,7.3,7.29,7.27,7.25,7.19,7.24,7.28,7.26,7.22,7.21,7.18,7.19,7.18,7.18,7.15,7.14,7.11,7.06,7.11,7.07,7.01,7,6.99,6.97,6.98,6.99,6.96,6.96,6.91,6.88,6.9,6.9,6.86,6.82,6.83,6.86,6.87,6.86,6.84,6.85,6.82,6.78,6.84,6.83,6.78,6.74,6.78,6.8,6.88,6.9,6.88,6.9,6.87,
Remaining Weighted Average Maturity (WAM) in years ,,,,,,,,,,,,,,,,,,,,,,,,,,,,,,,,,,,,,,,,,,,,,,,,,,,,,,,,,,,,,,,,,,,,,,,,,,,,,,,,,,,,,,,,,,,,,,,,,,,,,,,,,,,,,,,,,,,,,,,,,,,,,,,,,,,,,,,,,,,
Figures may be subject to revision.,,,,,,,,,,,,,,,,,,,,,,,,,,,,,,,,,,,,,,,,,,,,,,,,,,,,,,,,,,,,,,,,,,,,,,,,,,,,,,,,,,,,,,,,,,,,,,,,,,,,,,,,,,,,,,,,,,,,,,,,,,,,,,,,,,,,,,,,,,,
,,,,,,,,,,,,,,,,,,,,,,,,,,,,,,,,,,,,,,,,,,,,,,,,,,,,,,,,,,,,,,,,,,,,,,,,,,,,,,,,,,,,,,,,,,,,,,,,,,,,,,,,,,,,,,,,,,,,,,,,,,,,,,,,,,,,,,,,,,,
WAM of eligible universe of securities under the PSPP,,,,,,,,,,,,,,,,,,,,,,,,,,,,,,,,,,,,,,,,,,,,,,,,,,,,,,,,,,,,,,,,,,,,,,,,,,,,,,,,,,,,,,,,,,,,,,,,,,,,,,,,,,,,,,,,,,,,,,,,,,,,,,,,,,,,,,,,,,,
,31/03/2015,30/04/2015,31/05/2015,30/06/2015,31/07/2015,31/08/2015,30/09/2015,31/10/2015,30/11/2015,31/12/2015,31/01/2016,29/02/2016,31/03/2016,30/04/2016,31/05/2016,30/06/2016,31/07/2016,31/08/2016,30/09/2016,31/10/2016,30/11/2016,31/12/2016,31/01/2017,28/02/2017,31/03/2017,30/04/2017,31/05/2017,30/06/2017,31/07/2017,31/08/2017,30/09/2017,31/10/2017,30/11/2017,31/12/2017,31/01/2018,28/02/2018,31/03/2018,30/04/2018,31/05/2018,30/06/2018,31/07/2018,31/08/2018,30/09/2018,31/10/2018,30/11/2018,31/12/2018,31/01/2019,28/02/2019,31/03/2019,30/04/2019,31/05/2019,30/06/2019,31/07/2019,31/08/2019,30/09/2019,31/10/2019,30/11/2019,31/12/2019,31/01/2020,29/02/2020,31/03/2020,30/04/2020,31/05/2020,30/06/2020,31/07/2020,31/08/2020,30/09/2020,31/10/2020,30/11/2020,31/12/2020,31/01/2021,28/02/2021,31/03/2021,30/04/2021,31/05/2021,30/06/2021,31/07/2021,31/08/2021,30/09/2021,31/10/2021,30/11/2021,31/12/2021,31/01/2022,28/02/2022,31/03/2022,30/04/2022,31/05/2022,30/06/2022,31/07/2022,31/08/2022,30/09/2022,31/10/2022,30/11/2022,31/12/2022,31/01/2023,28/02/2023,31/03/2023,30/04/2023,31/05/2023,30/06/2023,31/07/2023,31/08/2023,30/09/2023,31/10/2023,30/11/2023,31/12/2023,31/01/2024,29/02/2024,31/03/2024,30/04/2024,31/05/2024,30/06/2024,31/07/2024,31/08/2024,30/09/2024,31/10/2024,30/11/2024,31/12/2024,31/01/2025,28/02/2025,31/03/2025,30/04/2025,31/05/2025,30/06/2025,31/07/2025,31/08/2025,30/09/2025,31/10/2025,30/11/2025,31/12/2025,31/01/2026,28/02/2026,31/03/2026,30/04/2026,31/05/2026,30/06/2026,31/07/2026,31/08/2026,
Austria,,,,,,,,,,,,,,,,,,,,,,,,,,,,,,,,,,,,,,,,,,,,,,,,,,,,,,,,,,,,,,,,,,,,,,,,,,,,,,7.55,7.88,7.81,8.05,8.02,8.04,7.97,7.9,8.1,8.29,8.22,8.42,8.35,8.18,8.51,8.43,8.38,8.4,8.37,8.35,8.4,8.36,8.28,8.56,8.45,8.46,8.81,8.77,8.68,8.74,8.63,8.54,8.68,8.7,8.6,8.57,8.51,8.4,8.74,8.7,8.66,8.57,8.54,8.83,8.72,8.76,8.67,8.74,8.66,8.56,8.97,8.89,8.81,8.88,8.76,8.81,9.08,9,8.93,9.1,9.01,
Belgium,,,,,,,,,,,,,,,,,,,,,,,,,,,,,,,,,,,,,,,,,,,,,,,,,,,,,,,,,,,,,,,,,,,,,,,,,,,,,,9.99,10.31,10.32,10.26,10.17,10.1,10.02,9.97,9.88,9.76,10.42,10.4,10.3,10.3,10.53,10.44,10.36,10.28,10.23,10.15,10.06,10.07,10.71,10.67,10.57,10.54,10.82,10.75,10.67,10.59,10.53,10.5,10.35,10.28,11.09,11.07,10.97,10.88,10.76,10.69,10.61,10.55,10.49,10.71,10.66,10.48,10.76,10.73,10.69,10.55,10.56,10.4,10.37,10.32,10.43,10.41,10.3,10.2,10.67,10.73,10.52,
Cyprus,,,,,,,,,,,,,,,,,,,,,,,,,,,,,,,,,,,,,,,,,,,,,,,,,,,,,,,,,,,,,,,,,,,,,,,,,,,,,,9,8.92,8.84,8.75,9.03,9.15,9.07,8.98,8.9,8.82,8.73,9.25,9.16,9.08,9,8.91,8.83,8.93,8.85,8.77,8.78,8.7,9.12,9.04,8.95,8.86,8.79,8.71,9.28,9.19,9.11,9.03,8.95,8.86,8.64,8.61,8.52,8.44,8.35,8.91,8.89,8.8,9.47,9.39,9.3,9.22,9.14,9.05,8.97,8.88,8.8,8.72,8.63,8.67,8.6,8.51,9.35,9.26,9.18,9.09,9.01,
Germany,,,,,,,,,,,,,,,,,,,,,,,,,,,,,,,,,,,,,,,,,,,,,,,,,,,,,,,,,,,,,,,,,,,,,,,,,,,,,,7.71,7.87,7.89,7.83,7.82,7.81,7.83,7.87,7.95,7.98,8.05,7.99,8.02,8.01,8.01,7.96,7.93,7.92,8.01,8.03,8.09,8.11,8.16,8.12,8.15,8.15,8.19,8.15,8.12,8.09,8.21,8.28,8.31,8.25,8.25,8.21,8.24,8.25,8.41,8.35,8.32,8.23,8.18,8.2,8.27,8.23,8.23,8.15,8.31,8.3,8.32,8.25,8.21,8.19,8.26,8.27,8.29,8.29,8.26,8.26,8.29,
Estonia,,,,,,,,,,,,,,,,,,,,,,,,,,,,,,,,,,,,,,,,,,,,,,,,,,,,,,,,,,,,,,,,,,,,,,,,,,,,,,8.77,8.69,8.61,8.53,8.44,8.36,8.28,8.19,8.11,8.03,7.95,7.86,7.78,7.69,8.54,8.46,8.38,8.29,8.22,8.13,8.05,7.96,7.88,7.8,7.71,7.62,7.55,7.46,7.38,8.06,7.98,7.89,7.81,7.73,7.64,7.56,7.48,7.1,7.01,6.93,6.85,6.76,6.68,6.6,6.52,6.43,6.35,6.27,6.19,6.39,6.55,6.46,6.38,6.29,6.22,5.96,6.05,6.76,6.68,6.6,6.51,
Spain,,,,,,,,,,,,,,,,,,,,,,,,,,,,,,,,,,,,,,,,,,,,,,,,,,,,,,,,,,,,,,,,,,,,,,,,,,,,,,8.31,8.29,8.24,8.31,8.23,8.17,8.38,8.29,8.24,8.3,8.23,8.32,8.23,8.22,8.15,8.22,8.19,8.12,8.18,8.16,8.11,8.19,8.27,8.2,8.22,8.16,8.1,8.22,8.22,8.19,8.34,8.27,8.19,8.26,8.34,8.4,8.32,8.24,8.19,8.31,8.23,8.19,8.25,8.23,8.13,8.19,8.24,8.32,8.25,8.18,8.1,8.21,8.13,8.07,8.11,8.14,8.05,8.13,8.2,8.27,8.19,
Finland,,,,,,,,,,,,,,,,,,,,,,,,,,,,,,,,,,,,,,,,,,,,,,,,,,,,,,,,,,,,,,,,,,,,,,,,,,,,,,8.41,8.72,8.66,8.65,8.58,8.48,8.69,8.6,8.9,8.9,8.95,8.86,8.77,8.93,8.92,8.9,8.82,8.68,8.71,8.7,8.98,8.94,8.87,8.78,8.73,8.79,8.7,8.73,8.64,8.57,8.48,8.39,8.91,8.85,8.84,9.07,8.88,9.02,8.93,8.84,8.76,8.85,8.75,8.69,9.11,9.05,8.97,8.9,8.85,8.91,8.8,8.85,8.76,8.78,8.74,8.64,8.78,8.7,8.68,8.6,8.51,
France,,,,,,,,,,,,,,,,,,,,,,,,,,,,,,,,,,,,,,,,,,,,,,,,,,,,,,,,,,,,,,,,,,,,,,,,,,,,,,8.49,8.44,8.53,8.49,8.43,8.34,8.32,8.46,8.38,8.7,8.64,8.72,8.62,8.58,8.69,8.64,8.58,8.54,8.58,8.65,8.57,8.74,8.69,8.71,8.62,8.54,8.48,8.61,8.53,8.51,8.52,8.65,8.64,8.83,8.76,8.67,8.62,8.56,8.61,8.68,8.69,8.63,8.69,8.66,8.72,8.88,8.8,8.74,8.67,8.69,8.62,8.68,8.64,8.58,8.65,8.58,8.51,8.63,8.56,8.55,8.47,
Ireland,,,,,,,,,,,,,,,,,,,,,,,,,,,,,,,,,,,,,,,,,,,,,,,,,,,,,,,,,,,,,,,,,,,,,,,,,,,,,,9.86,9.81,10.12,10.03,9.94,9.88,9.8,10.2,10.12,10.11,10.63,10.55,10.47,10.5,10.34,10.19,10.1,10.21,10.06,10.54,10.38,10.22,10.14,10.06,9.97,9.75,9.68,9.59,9.51,9.45,9.37,10.04,10,9.94,9.86,9.79,9.71,9.62,9.53,9.44,9.36,9.76,9.68,9.61,9.52,10.24,10.16,10.07,9.99,9.93,9.91,9.83,9.74,9.69,9.61,9.53,9.45,10,9.92,9.91,9.82,
Italy,,,,,,,,,,,,,,,,,,,,,,,,,,,,,,,,,,,,,,,,,,,,,,,,,,,,,,,,,,,,,,,,,,,,,,,,,,,,,,7.81,7.93,7.89,7.95,7.91,7.95,7.87,7.89,7.84,7.9,7.89,7.84,7.89,7.9,7.93,7.95,7.9,7.96,7.97,7.94,7.95,7.92,7.9,7.88,7.85,7.88,7.9,7.89,7.93,7.92,7.93,7.99,7.96,7.99,7.99,7.95,7.93,8.01,7.95,7.92,7.9,7.95,7.98,7.96,8.04,8.03,8.02,7.98,8,8.05,7.95,7.93,7.89,7.9,7.99,7.89,7.9,7.81,7.82,7.78,7.8,
Lithuania,,,,,,,,,,,,,,,,,,,,,,,,,,,,,,,,,,,,,,,,,,,,,,,,,,,,,,,,,,,,,,,,,,,,,,,,,,,,,,10.83,10.92,10.77,10.64,10.51,10.38,10.27,10.19,10.43,10.29,10.26,10.11,10.29,10.17,9.81,9.69,9.59,9.76,9.64,9.51,9.66,9.54,9.89,9.77,9.76,9.64,9.52,9.5,9.37,9.25,9.18,9.05,8.94,9.16,9.06,8.85,8.93,8.83,8.99,8.99,8.89,8.99,8.87,8.76,8.66,8.54,8.56,8.45,8.68,8.96,9.17,9.15,9.04,8.88,8.73,8.6,8.58,8.71,8.6,8.84,8.72,
Luxembourg,,,,,,,,,,,,,,,,,,,,,,,,,,,,,,,,,,,,,,,,,,,,,,,,,,,,,,,,,,,,,,,,,,,,,,,,,,,,,,6.75,6.67,6.59,6.51,6.42,6.34,6.26,6.17,6.09,7.19,7.11,7.91,7.83,7.75,7.66,7.58,7.49,7.41,7.33,8.77,8.69,8.6,8.52,8.44,8.35,8.26,8.18,8.1,8.02,7.93,7.85,7.92,8.46,8.37,8.29,8.21,8.12,8.04,8.1,8.01,7.93,7.84,7.77,7.68,7.6,7.52,7.43,7.35,7.27,7.53,7.44,7.95,7.86,7.78,8.47,8.59,8.51,8.42,8.34,8.26,8.17,
Latvia,,,,,,,,,,,,,,,,,,,,,,,,,,,,,,,,,,,,,,,,,,,,,,,,,,,,,,,,,,,,,,,,,,,,,,,,,,,,,,9.81,9.72,9.67,9.58,9.36,9.27,9.19,8.93,9.38,9.39,9.27,9.19,9.07,8.97,8.56,8.63,8.55,8.26,8.16,8.08,7.86,8.48,8.37,8.38,8.29,8.19,8.1,7.9,7.82,7.74,7.82,7.7,7.59,7.49,7.4,7.32,7.24,7.64,7.56,7.47,7.39,7.3,7.21,7.1,7,6.79,6.68,6.6,6.52,6.42,7.35,7.26,7.15,7.07,6.98,7.37,7.27,7.18,7.09,7.04,6.95,
Malta,,,,,,,,,,,,,,,,,,,,,,,,,,,,,,,,,,,,,,,,,,,,,,,,,,,,,,,,,,,,,,,,,,,,,,,,,,,,,,9.93,10.09,10.01,10.03,9.97,9.88,9.95,9.87,9.79,9.9,9.81,9.8,9.72,9.64,9.55,9.61,9.44,9.36,9.29,9.24,9.15,9.07,8.99,9.05,8.97,8.94,8.82,8.76,8.67,8.59,8.4,8.27,8.19,7.97,8.02,8.06,7.97,7.89,7.83,7.93,7.84,7.76,7.74,7.69,7.6,7.52,7.44,7.76,7.81,7.72,7.76,7.86,7.8,7.72,7.64,7.56,7.75,7.83,7.81,7.73,8.09,
the Netherlands,,,,,,,,,,,,,,,,,,,,,,,,,,,,,,,,,,,,,,,,,,,,,,,,,,,,,,,,,,,,,,,,,,,,,,,,,,,,,,9.31,9.19,9.3,9.36,9.23,9.39,9.45,9.39,9.33,9.3,9.26,9.72,9.65,9.59,9.47,9.41,9.32,9.84,9.84,9.73,9.72,9.73,9.73,10.12,10.01,9.92,9.96,9.89,9.81,9.75,9.67,9.61,9.8,9.75,9.68,10.01,9.97,9.88,9.88,9.82,9.71,9.9,9.81,9.85,9.82,9.68,9.67,9.91,9.87,9.99,9.9,9.83,9.75,9.99,9.92,9.9,9.9,9.82,9.76,10.09,9.97,
Portugal,,,,,,,,,,,,,,,,,,,,,,,,,,,,,,,,,,,,,,,,,,,,,,,,,,,,,,,,,,,,,,,,,,,,,,,,,,,,,,7.62,7.6,7.88,7.91,7.9,8.05,7.97,7.9,7.87,7.8,7.73,7.68,7.6,7.52,7.9,7.88,7.84,7.9,8.2,8.48,8.4,8.36,8.28,8.3,8.22,8.14,8.09,8.01,8,8.09,8.1,8.05,8.03,7.97,8.28,8.24,8.16,8.13,8.7,8.66,8.58,8.54,8.62,8.56,8.48,8.57,8.57,9.06,8.98,8.92,8.99,8.94,8.89,8.85,8.75,8.66,8.96,8.86,9.01,8.95,8.87,
Slovenia,,,,,,,,,,,,,,,,,,,,,,,,,,,,,,,,,,,,,,,,,,,,,,,,,,,,,,,,,,,,,,,,,,,,,,,,,,,,,,9.82,9.77,9.69,9.61,9.55,9.29,9.49,9.45,9.87,9.8,9.75,9.67,9.59,9.5,9.44,9.44,9.46,9.5,9.42,9.46,9.37,9.28,9.2,9.11,9.03,9.3,9.23,9.14,9.06,9.03,8.9,8.83,8.75,8.69,8.61,9.05,8.97,8.88,8.81,8.73,8.64,9.2,9.38,9.71,9.56,9.48,9.5,9.43,9.35,9.26,9.19,9.11,9.03,9,9.01,9.64,9.67,9.59,9.48,9.37,9.29,
Slovakia,,,,,,,,,,,,,,,,,,,,,,,,,,,,,,,,,,,,,,,,,,,,,,,,,,,,,,,,,,,,,,,,,,,,,,,,,,,,,,8.23,8.21,8.58,8.49,8.41,8.37,8.32,8.74,8.76,8.74,8.66,8.57,8.49,8.43,8.4,8.54,8.46,8.41,8.82,8.73,8.67,8.59,8.84,8.76,8.67,8.6,8.52,8.85,8.77,9.01,8.79,8.76,8.68,8.98,8.88,8.79,8.71,8.6,8.91,8.77,8.68,8.62,8.81,9.04,8.93,9.16,9.04,8.96,8.88,8.81,8.74,8.79,8.7,8.95,9.2,9.09,9.01,8.94,9.1,9.02,8.93,
Supranationals,,,,,,,,,,,,,,,,,,,,,,,,,,,,,,,,,,,,,,,,,,,,,,,,,,,,,,,,,,,,,,,,,,,,,,,,,,,,,,9.12,9.1,9.26,9.23,9.17,9.23,9.28,9.26,9.38,9.44,9.45,9.52,9.43,9.4,9.45,9.54,9.57,9.57,9.66,9.57,9.83,9.88,9.82,9.86,9.78,9.74,9.77,9.7,9.69,9.58,9.67,9.63,9.74,9.64,9.71,9.92,9.82,9.9,9.91,9.89,9.9,9.89,9.84,9.95,9.9,9.85,9.84,9.96,9.9,9.89,10,9.92,9.88,9.86,9.8,9.72,9.71,9.7,9.67,9.62,9.54,
Total,,,,,,,,,,,,,,,,,,,,,,,,,,,,,,,,,,,,,,,,,,,,,,,,,,,,,,,,,,,,,,,,,,,,,,,,,,,,,,8.3,8.36,8.39,8.4,8.35,8.33,8.34,8.36,8.37,8.47,8.5,8.53,8.5,8.48,8.52,8.51,8.47,8.48,8.52,8.53,8.54,8.59,8.61,8.62,8.58,8.55,8.56,8.58,8.55,8.52,8.57,8.61,8.63,8.65,8.68,8.69,8.64,8.64,8.68,8.68,8.65,8.63,8.64,8.66,8.68,8.71,8.7,8.69,8.7,8.7,8.67,8.66,8.61,8.6,8.65,8.61,8.59,8.61,8.61,8.62,8.57,
Remaining Weighted Average Maturity (WAM) in years ,,,,,,,,,,,,,,,,,,,,,,,,,,,,,,,,,,,,,,,,,,,,,,,,,,,,,,,,,,,,,,,,,,,,,,,,,,,,,,,,,,,,,,,,,,,,,,,,,,,,,,,,,,,,,,,,,,,,,,,,,,,,,,,,,,,,,,,,,,,
Figures may be subject to revision.,,,,,,,,,,,,,,,,,,,,,,,,,,,,,,,,,,,,,,,,,,,,,,,,,,,,,,,,,,,,,,,,,,,,,,,,,,,,,,,,,,,,,,,,,,,,,,,,,,,,,,,,,,,,,,,,,,,,,,,,,,,,,,,,,,,,,,,,,,,
Disclaimer: Prior to August 2021 the WAM of the eligible universe was published on a semi-annual basis and legacy data remains available under the following link https://www.ecb.europa.eu/mopo/pdf/PSPP_weighted_average_maturity.xlsx,,,,,,,,,,,,,,,,,,,,,,,,,,,,,,,,,,,,,,,,,,,,,,,,,,,,,,,,,,,,,,,,,,,,,,,,,,,,,,,,,,,,,,,,,,,,,,,,,,,,,,,,,,,,,,,,,,,,,,,,,,,,,,,,,,,,,,,,,,,
