event_id,debt_gdp,primary_balance_gdp,r_effective,g_nominal,captivity_score,forward_r_minus_g_5y,quadrant
GB-1976,True,True,True,True,False,False,False
IT-1992,True,True,True,True,False,False,False
SE-1992,True,True,True,True,False,False,False
SE-1994,True,True,True,True,False,False,False
MX-1994,True,True,True,True,False,False,False
CA-1994,True,True,True,True,False,False,False
RU-1998,True,True,False,True,False,False,False
AR-2001,True,True,True,True,False,False,False
GR-2010,True,True,True,True,False,False,False
GR-2012,True,True,True,True,False,False,False
GR-2015,True,True,True,True,False,False,False
BR-2015,True,True,True,True,False,False,False
TR-2018,True,True,True,True,False,False,False
TR-2021,True,True,True,True,False,False,False
GB-2022,True,True,True,True,True,True,True
AR-2018,True,True,True,True,False,False,False
AR-2019,True,True,True,True,False,False,False
AR-2023,True,True,True,True,False,False,False
JP-2022,True,True,True,True,True,True,True
RU-2014,True,True,True,True,False,False,False
MX-1982,False,True,False,True,False,False,False
GB-1992,True,True,True,True,False,False,False
BR-1999,False,True,False,True,False,False,False
TR-2001,True,True,True,True,False,False,False
IT-2011,True,True,True,True,False,False,False
EA-2012,True,True,True,True,False,False,False
IT-2018,True,True,True,True,True,True,True
FR-2024,True,True,True,True,True,True,True
