country,n,rmse_forward_r,rmse_current_r,bias_forward_r,bias_current_r,forward_better
AU,24,1.2102770333233768,1.0927560922316015,-0.4905224506668116,0.6457002955504328,False
CA,24,1.4704033788345074,0.5395598246210528,-1.3104762319755838,0.08964545197387282,False
CH,20,0.9422848038773681,0.32632037968139527,-0.916122580548738,-0.16152480934369867,False
DE,21,1.0138855107804996,0.5842665274146667,-0.7861502236428154,0.1168392092062193,False
EA,21,1.2335160620859724,0.57906403210796,-1.0697007364436988,-0.04866688746405248,False
FR,21,0.9310361476123914,0.5042343034231307,-0.751818263202741,0.03453437730196545,False
GB,27,2.7438988076083204,2.30981161373087,-2.062589292676736,-1.4246621650834637,False
GR,21,1.5855913428982282,0.5080922601456223,0.7865853758149293,-0.05908516976594479,False
IT,21,0.850451177107378,0.4227609318073185,-0.6396467658944553,-0.08308047741894901,False
JP,24,0.3033403147104674,0.216653298114345,-0.28618868335612996,0.1809261495673092,False
NL,21,0.8067417884815071,0.48281015026980173,-0.6370774917543238,0.2591325857634766,False
SE,20,1.3420989672160104,0.922396398677427,-1.0512087662310745,-0.6016890998342276,False
US,83,1.4863354332772394,2.0269176211099182,-0.3357849057350531,1.0127779773133545,True
