country,quarter,horizon_years,quadrant,captivity_score,real_bond_return_ann,real_gold_return_ann,gold_minus_bond_ann
AU,2015-03-31,5,sustainable_free,52.7570691951891,3.303811787415545,,
AU,2015-06-30,5,sustainable_free,52.75711639312383,4.192343196059056,,
AU,2015-09-30,5,sustainable_free,52.757079601598434,3.8624430982016067,,
AU,2015-12-31,5,sustainable_free,52.75482786697921,3.7044961443165603,,
AU,2022-03-31,5,sustainable_free,49.89010989010989,,,
AU,2022-06-30,5,sustainable_free,49.89010989010989,,,
AU,2022-09-30,5,sustainable_free,49.89010989010989,,,
AU,2022-12-31,5,sustainable_free,49.89010989010989,,,
AU,2015-03-31,10,sustainable_free,52.7570691951891,-1.7202945783417078,,
AU,2015-06-30,10,sustainable_free,52.75711639312383,-1.3289875467698886,,
AU,2015-09-30,10,sustainable_free,52.757079601598434,-1.3859629122195294,,
AU,2015-12-31,10,sustainable_free,52.75482786697921,-1.6503749667120315,,
AU,2022-03-31,10,sustainable_free,49.89010989010989,,,
AU,2022-06-30,10,sustainable_free,49.89010989010989,,,
AU,2022-09-30,10,sustainable_free,49.89010989010989,,,
AU,2022-12-31,10,sustainable_free,49.89010989010989,,,
CA,2015-03-31,5,sustainable_free,52.750193353995805,1.1447742821496965,,
CA,2015-06-30,5,sustainable_free,52.75018315750259,2.0056309373432724,,
CA,2015-09-30,5,sustainable_free,52.75010638833976,1.5134257044868704,,
CA,2015-12-31,5,sustainable_free,52.7499831953986,1.0353641589326612,,
CA,2015-03-31,10,sustainable_free,52.750193353995805,-1.9032456482779292,,
CA,2015-06-30,10,sustainable_free,52.75018315750259,-1.8373507550736967,,
CA,2015-09-30,10,sustainable_free,52.75010638833976,-1.9331832026835638,,
CA,2015-12-31,10,sustainable_free,52.7499831953986,-2.192684619364549,,
CH,2016-03-31,5,sustainable_captive,60.44225420911975,-0.7359780265831728,,
CH,2016-06-30,5,sustainable_captive,60.442269283181766,-1.0156554110933524,,
CH,2016-03-31,10,sustainable_captive,60.44225420911975,-1.3531560142890808,,
CH,2016-06-30,10,sustainable_captive,60.442269283181766,-1.3420761518312396,,
DE,2016-03-31,5,sustainable_free,59.55478708307928,-0.7189811498165,,
DE,2016-06-30,5,sustainable_free,59.39446336286357,-1.1826571135168829,,
DE,2024-03-31,5,sustainable_free,32.60208404582018,,,
DE,2024-06-30,5,sustainable_free,32.33042901473117,,,
DE,2024-09-30,5,sustainable_free,32.09514536243848,,,
DE,2024-12-31,5,sustainable_free,31.8991717636777,,,
DE,2016-03-31,10,sustainable_free,59.55478708307928,-4.14061058581674,,
DE,2016-06-30,10,sustainable_free,59.39446336286357,-4.1978200873320155,,
DE,2024-03-31,10,sustainable_free,32.60208404582018,,,
DE,2024-06-30,10,sustainable_free,32.33042901473117,,,
DE,2024-09-30,10,sustainable_free,32.09514536243848,,,
DE,2024-12-31,10,sustainable_free,31.8991717636777,,,
FR,2016-03-31,5,sustainable_free,59.17812454671257,0.1939429763970102,,
FR,2016-06-30,5,sustainable_free,59.20217194232727,-0.3758219157513176,,
FR,2024-03-31,5,sustainable_free,29.268850296271665,,,
FR,2024-06-30,5,sustainable_free,29.064872270640603,,,
FR,2024-09-30,5,sustainable_free,28.919047212264505,,,
FR,2024-12-31,5,sustainable_free,28.79280557080094,,,
FR,2016-03-31,10,sustainable_free,59.17812454671257,-3.2062114352870874,,
FR,2016-06-30,10,sustainable_free,59.20217194232727,-3.2841945989234955,,
FR,2024-03-31,10,sustainable_free,29.268850296271665,,,
FR,2024-06-30,10,sustainable_free,29.064872270640603,,,
FR,2024-09-30,10,sustainable_free,28.919047212264505,,,
FR,2024-12-31,10,sustainable_free,28.79280557080094,,,
GB,2015-03-31,5,sustainable_captive,71.4381906597368,1.6907054077877293,,
GB,2015-06-30,5,sustainable_captive,71.43776982839277,2.8066322156874213,,
GB,2015-09-30,5,sustainable_captive,71.43774069231043,1.9607780259583985,,
GB,2015-12-31,5,sustainable_captive,71.43747984424914,2.2753068397225906,,
GB,2021-03-31,5,sustainable_captive,75.6923076923077,-8.11726927888884,,
GB,2021-06-30,5,sustainable_captive,75.6923076923077,-7.739847498961982,,
GB,2021-09-30,5,sustainable_captive,75.6923076923077,-8.148402742177174,,
GB,2021-12-31,5,sustainable_captive,75.6923076923077,,,
GB,2015-03-31,10,sustainable_captive,71.4381906597368,-3.6413252493663673,,
GB,2015-06-30,10,sustainable_captive,71.43776982839277,-3.179006603002832,,
GB,2015-09-30,10,sustainable_captive,71.43774069231043,-3.606387065060157,,
GB,2015-12-31,10,sustainable_captive,71.43747984424914,-3.2384956599570858,,
GB,2021-03-31,10,sustainable_captive,75.6923076923077,,,
GB,2021-06-30,10,sustainable_captive,75.6923076923077,,,
GB,2021-09-30,10,sustainable_captive,75.6923076923077,,,
GB,2021-12-31,10,sustainable_captive,75.6923076923077,,,
GR,2016-03-31,5,unsustainable_captive,69.53758953764728,18.66792972995328,,
GR,2016-06-30,5,unsustainable_captive,69.5237118986305,16.10114164746059,,
GR,2024-03-31,5,sustainable_captive,100.0,,,
GR,2024-06-30,5,sustainable_captive,100.0,,,
GR,2024-09-30,5,sustainable_captive,100.0,,,
GR,2024-12-31,5,sustainable_captive,100.0,,,
GR,2016-03-31,10,unsustainable_captive,69.53758953764728,5.904636932597439,,
GR,2016-06-30,10,unsustainable_captive,69.5237118986305,4.767003689807003,,
GR,2024-03-31,10,sustainable_captive,100.0,,,
GR,2024-06-30,10,sustainable_captive,100.0,,,
GR,2024-09-30,10,sustainable_captive,100.0,,,
GR,2024-12-31,10,sustainable_captive,100.0,,,
IT,2016-03-31,5,sustainable_free,59.40632315232003,2.128340041091348,,
IT,2016-06-30,5,sustainable_free,59.45314848066089,1.9029193165447378,,
IT,2024-03-31,5,unsustainable_free,41.519296127649454,,,
IT,2024-06-30,5,unsustainable_free,41.3543115188532,,,
IT,2024-09-30,5,unsustainable_free,41.188406780699225,,,
IT,2024-12-31,5,sustainable_free,41.027807423029365,,,
IT,2016-03-31,10,sustainable_free,59.40632315232003,-1.6563392693333512,,
IT,2016-06-30,10,sustainable_free,59.45314848066089,-1.6553420554621168,,
IT,2024-03-31,10,unsustainable_free,41.519296127649454,,,
IT,2024-06-30,10,unsustainable_free,41.3543115188532,,,
IT,2024-09-30,10,unsustainable_free,41.188406780699225,,,
IT,2024-12-31,10,sustainable_free,41.027807423029365,,,
JP,2015-03-31,5,unsustainable_free,56.04397054337296,0.17136872797434144,,
JP,2015-06-30,5,unsustainable_free,56.0439714289714,0.37939636593007364,,
JP,2015-09-30,5,unsustainable_free,56.04397244653762,0.26263462987066166,,
JP,2015-12-31,5,unsustainable_free,56.04397334604718,0.12494901951007886,,
JP,2021-03-31,5,sustainable_captive,78.54945054945055,-5.289479820403253,,
JP,2021-06-30,5,sustainable_captive,78.54945054945055,-6.004331386419636,,
JP,2021-09-30,5,sustainable_captive,68.06981554101202,-6.38957163273981,,
JP,2021-12-31,5,sustainable_captive,64.68778280542986,,,
JP,2015-03-31,10,unsustainable_free,56.04397054337296,-1.9164197298332852,,
JP,2015-06-30,10,unsustainable_free,56.0439714289714,-1.84436881768546,,
JP,2015-09-30,10,unsustainable_free,56.04397244653762,-2.068170373203859,,
JP,2015-12-31,10,unsustainable_free,56.04397334604718,-2.545443029397454,,
JP,2021-03-31,10,sustainable_captive,78.54945054945055,,,
JP,2021-06-30,10,sustainable_captive,78.54945054945055,,,
JP,2021-09-30,10,sustainable_captive,68.06981554101202,,,
JP,2021-12-31,10,sustainable_captive,64.68778280542986,,,
NL,2016-03-31,5,sustainable_free,59.70838722210202,-0.44954021056875515,,
NL,2016-06-30,5,sustainable_free,59.70978587366413,-0.9103913219017823,,
NL,2024-03-31,5,sustainable_free,40.0318530686913,,,
NL,2024-06-30,5,sustainable_free,40.00332646028164,,,
NL,2024-09-30,5,sustainable_free,39.735300962997776,,,
NL,2024-12-31,5,sustainable_free,39.415592499087495,,,
NL,2016-03-31,10,sustainable_free,59.70838722210202,-4.272536391671078,,
NL,2016-06-30,10,sustainable_free,59.70978587366413,-4.370705615942638,,
NL,2024-03-31,10,sustainable_free,40.0318530686913,,,
NL,2024-06-30,10,sustainable_free,40.00332646028164,,,
NL,2024-09-30,10,sustainable_free,39.735300962997776,,,
NL,2024-12-31,10,sustainable_free,39.415592499087495,,,
SE,2016-03-31,5,sustainable_free,49.45544420680683,-0.44203601428922656,,
SE,2016-06-30,5,sustainable_free,49.4562793369172,-0.9385071189095484,,
SE,2016-03-31,10,sustainable_free,49.45544420680683,-3.316621322795821,,
SE,2016-06-30,10,sustainable_free,49.4562793369172,-3.573002091507771,,
US,2015-03-31,5,sustainable_free,59.78114493850289,2.491068183242029,,
US,2015-06-30,5,sustainable_free,59.9466903703508,3.4170054132274474,,
US,2015-09-30,5,sustainable_captive,60.02367311426384,2.541872409397583,,
US,2015-12-31,5,sustainable_free,59.74997500052001,2.2823678702481587,,
US,2017-03-31,5,sustainable_free,50.257684432580064,-1.3180824827374815,,
US,2017-06-30,5,sustainable_free,50.13706482376805,-3.058929191544868,,
US,2017-09-30,5,sustainable_free,49.7792895261025,-4.221998281644124,,
US,2017-12-31,5,sustainable_free,49.87440956474977,-4.1399512613974565,,
US,2019-03-31,5,sustainable_free,48.636855899086186,-4.761285895264122,,
US,2019-06-30,5,sustainable_free,48.39134126447565,-5.534097350644518,,
US,2019-09-30,5,sustainable_free,47.91342818935896,-5.08590736052038,,
US,2019-12-31,5,sustainable_free,48.84792230514908,-5.8104569141959495,,
US,2021-03-31,5,sustainable_free,54.58971560437388,-5.1526211388521315,,
US,2021-06-30,5,sustainable_free,54.74466182181124,-5.408505102297678,,
US,2021-09-30,5,sustainable_free,55.87923622720493,-6.337814063787417,,
US,2021-12-31,5,sustainable_free,56.184611147411935,,,
US,2023-03-31,5,sustainable_free,56.40645239419085,,,
US,2023-06-30,5,sustainable_free,55.71250363092995,,,
US,2023-09-30,5,sustainable_free,55.04715633561119,,,
US,2023-12-31,5,sustainable_free,53.89820657964652,,,
US,2025-03-31,5,sustainable_free,51.719536395405534,,,
US,2025-06-30,5,sustainable_free,51.99626994467813,,,
US,2025-09-30,5,sustainable_free,51.77227860253422,,,
US,2025-12-31,5,sustainable_free,51.86275838895703,,,
US,2015-03-31,10,sustainable_free,59.78114493850289,-2.419520947481457,,
US,2015-06-30,10,sustainable_free,59.9466903703508,-2.0203661737298706,,
US,2015-09-30,10,sustainable_captive,60.02367311426384,-2.2433011474447095,,
US,2015-12-31,10,sustainable_free,59.74997500052001,-2.0758768256821103,,
US,2017-03-31,10,sustainable_free,50.257684432580064,,,
US,2017-06-30,10,sustainable_free,50.13706482376805,,,
US,2017-09-30,10,sustainable_free,49.7792895261025,,,
US,2017-12-31,10,sustainable_free,49.87440956474977,,,
US,2019-03-31,10,sustainable_free,48.636855899086186,,,
US,2019-06-30,10,sustainable_free,48.39134126447565,,,
US,2019-09-30,10,sustainable_free,47.91342818935896,,,
US,2019-12-31,10,sustainable_free,48.84792230514908,,,
US,2021-03-31,10,sustainable_free,54.58971560437388,,,
US,2021-06-30,10,sustainable_free,54.74466182181124,,,
US,2021-09-30,10,sustainable_free,55.87923622720493,,,
US,2021-12-31,10,sustainable_free,56.184611147411935,,,
US,2023-03-31,10,sustainable_free,56.40645239419085,,,
US,2023-06-30,10,sustainable_free,55.71250363092995,,,
US,2023-09-30,10,sustainable_free,55.04715633561119,,,
US,2023-12-31,10,sustainable_free,53.89820657964652,,,
US,2025-03-31,10,sustainable_free,51.719536395405534,,,
US,2025-06-30,10,sustainable_free,51.99626994467813,,,
US,2025-09-30,10,sustainable_free,51.77227860253422,,,
US,2025-12-31,10,sustainable_free,51.86275838895703,,,
