event_id,country,type,indicator,available,warned,lead_quarters,share_of_window_on_warning_side
GB-1976,GB,IMF-program,debt_gdp,True,False,,0.0
GB-1976,GB,IMF-program,primary_balance_gdp,True,True,12.0,0.4
GB-1976,GB,IMF-program,r_minus_g,True,False,,0.0
GB-1976,GB,IMF-program,avg_coupon_gap,True,True,20.0,1.0
GB-1976,GB,IMF-program,forward_r_minus_g_5y,False,,,
GB-1976,GB,IMF-program,captivity_score,True,False,,0.0
GB-1976,GB,IMF-program,foreign_share,True,False,,0.0
GB-1976,GB,IMF-program,bill_share,False,,,
GB-1976,GB,IMF-program,policy_rate_minus_inflation,True,True,20.0,0.8
GB-1976,GB,IMF-program,breakeven_10y,False,,,
GB-1976,GB,IMF-program,term_premium_proxy,True,True,20.0,0.9
GB-1976,GB,IMF-program,cb_holdings_change_4q,False,,,
GB-1976,GB,IMF-program,issuance_shortening,False,,,
GB-1976,GB,IMF-program,fx_vs_usd_12m,True,True,2.0,0.1
GB-1976,GB,IMF-program,fx_broad_reer_12m,False,,,
GB-1976,GB,IMF-program,gold_local_ccy_12m,False,,,
GB-1976,GB,IMF-program,spread_to_anchor_bp,False,,,
GB-1976,GB,IMF-program,target2_balance_gdp,False,,,
IT-1992,IT,currency,debt_gdp,True,True,20.0,1.0
IT-1992,IT,currency,primary_balance_gdp,True,True,20.0,0.7
IT-1992,IT,currency,r_minus_g,True,True,19.0,0.7
IT-1992,IT,currency,avg_coupon_gap,True,True,20.0,0.65
IT-1992,IT,currency,forward_r_minus_g_5y,False,,,
IT-1992,IT,currency,captivity_score,True,True,6.0,0.75
IT-1992,IT,currency,foreign_share,True,False,,0.0
IT-1992,IT,currency,bill_share,True,True,11.0,1.0
IT-1992,IT,currency,policy_rate_minus_inflation,False,,,
IT-1992,IT,currency,breakeven_10y,False,,,
IT-1992,IT,currency,term_premium_proxy,True,False,,0.0
IT-1992,IT,currency,cb_holdings_change_4q,False,,,
IT-1992,IT,currency,issuance_shortening,True,False,,0.0
IT-1992,IT,currency,fx_vs_usd_12m,True,True,18.0,0.3
IT-1992,IT,currency,fx_broad_reer_12m,False,,,
IT-1992,IT,currency,gold_local_ccy_12m,False,,,
IT-1992,IT,currency,spread_to_anchor_bp,True,True,20.0,1.0
IT-1992,IT,currency,target2_balance_gdp,False,,,
SE-1992,SE,currency,debt_gdp,True,False,,0.0
SE-1992,SE,currency,primary_balance_gdp,True,False,,0.0
SE-1992,SE,currency,r_minus_g,True,True,20.0,1.0
SE-1992,SE,currency,avg_coupon_gap,True,True,18.0,0.2
SE-1992,SE,currency,forward_r_minus_g_5y,False,,,
SE-1992,SE,currency,captivity_score,True,True,6.0,1.0
SE-1992,SE,currency,foreign_share,True,False,,0.0
SE-1992,SE,currency,bill_share,False,,,
SE-1992,SE,currency,policy_rate_minus_inflation,True,True,5.0,0.05
SE-1992,SE,currency,breakeven_10y,False,,,
SE-1992,SE,currency,term_premium_proxy,True,True,20.0,0.1
SE-1992,SE,currency,cb_holdings_change_4q,False,,,
SE-1992,SE,currency,issuance_shortening,False,,,
SE-1992,SE,currency,fx_vs_usd_12m,True,False,,0.0
SE-1992,SE,currency,fx_broad_reer_12m,False,,,
SE-1992,SE,currency,gold_local_ccy_12m,False,,,
SE-1992,SE,currency,spread_to_anchor_bp,False,,,
SE-1992,SE,currency,target2_balance_gdp,False,,,
SE-1994,SE,successful-consolidation,debt_gdp,True,False,,0.0
SE-1994,SE,successful-consolidation,primary_balance_gdp,True,True,8.0,0.4
SE-1994,SE,successful-consolidation,r_minus_g,True,True,20.0,1.0
SE-1994,SE,successful-consolidation,avg_coupon_gap,True,True,19.0,0.2
SE-1994,SE,successful-consolidation,forward_r_minus_g_5y,False,,,
SE-1994,SE,successful-consolidation,captivity_score,True,True,14.0,1.0
SE-1994,SE,successful-consolidation,foreign_share,True,False,,0.0
SE-1994,SE,successful-consolidation,bill_share,False,,,
SE-1994,SE,successful-consolidation,policy_rate_minus_inflation,True,True,13.0,0.05
SE-1994,SE,successful-consolidation,breakeven_10y,False,,,
SE-1994,SE,successful-consolidation,term_premium_proxy,True,True,1.0,0.05
SE-1994,SE,successful-consolidation,cb_holdings_change_4q,False,,,
SE-1994,SE,successful-consolidation,issuance_shortening,False,,,
SE-1994,SE,successful-consolidation,fx_vs_usd_12m,True,True,7.0,0.25
SE-1994,SE,successful-consolidation,fx_broad_reer_12m,False,,,
SE-1994,SE,successful-consolidation,gold_local_ccy_12m,False,,,
SE-1994,SE,successful-consolidation,spread_to_anchor_bp,False,,,
SE-1994,SE,successful-consolidation,target2_balance_gdp,False,,,
MX-1994,MX,currency,debt_gdp,True,False,,0.0
MX-1994,MX,currency,primary_balance_gdp,True,False,,0.0
MX-1994,MX,currency,r_minus_g,True,False,,0.0
MX-1994,MX,currency,avg_coupon_gap,False,,,
MX-1994,MX,currency,forward_r_minus_g_5y,False,,,
MX-1994,MX,currency,captivity_score,True,True,3.0,1.0
MX-1994,MX,currency,foreign_share,True,True,3.0,1.0
MX-1994,MX,currency,bill_share,False,,,
MX-1994,MX,currency,policy_rate_minus_inflation,False,,,
MX-1994,MX,currency,breakeven_10y,False,,,
MX-1994,MX,currency,term_premium_proxy,False,,,
MX-1994,MX,currency,cb_holdings_change_4q,False,,,
MX-1994,MX,currency,issuance_shortening,False,,,
MX-1994,MX,currency,fx_vs_usd_12m,True,True,20.0,0.2
MX-1994,MX,currency,fx_broad_reer_12m,False,,,
MX-1994,MX,currency,gold_local_ccy_12m,False,,,
MX-1994,MX,currency,spread_to_anchor_bp,False,,,
MX-1994,MX,currency,target2_balance_gdp,False,,,
CA-1994,CA,successful-consolidation,debt_gdp,True,True,10.0,0.5
CA-1994,CA,successful-consolidation,primary_balance_gdp,True,False,,0.0
CA-1994,CA,successful-consolidation,r_minus_g,True,True,20.0,1.0
CA-1994,CA,successful-consolidation,avg_coupon_gap,True,False,,0.0
CA-1994,CA,successful-consolidation,forward_r_minus_g_5y,False,,,
CA-1994,CA,successful-consolidation,captivity_score,True,True,3.0,1.0
CA-1994,CA,successful-consolidation,foreign_share,True,False,,0.0
CA-1994,CA,successful-consolidation,bill_share,False,,,
CA-1994,CA,successful-consolidation,policy_rate_minus_inflation,True,False,,0.0
CA-1994,CA,successful-consolidation,breakeven_10y,False,,,
CA-1994,CA,successful-consolidation,term_premium_proxy,True,True,11.0,0.45
CA-1994,CA,successful-consolidation,cb_holdings_change_4q,False,,,
CA-1994,CA,successful-consolidation,issuance_shortening,False,,,
CA-1994,CA,successful-consolidation,fx_vs_usd_12m,True,False,,0.0
CA-1994,CA,successful-consolidation,fx_broad_reer_12m,False,,,
CA-1994,CA,successful-consolidation,gold_local_ccy_12m,False,,,
CA-1994,CA,successful-consolidation,spread_to_anchor_bp,False,,,
CA-1994,CA,successful-consolidation,target2_balance_gdp,False,,,
RU-1998,RU,default,debt_gdp,True,True,2.0,0.3333333333333333
RU-1998,RU,default,primary_balance_gdp,True,True,2.0,1.0
RU-1998,RU,default,r_minus_g,True,False,,0.0
RU-1998,RU,default,avg_coupon_gap,False,,,
RU-1998,RU,default,forward_r_minus_g_5y,False,,,
RU-1998,RU,default,captivity_score,True,True,2.0,1.0
RU-1998,RU,default,foreign_share,True,False,,0.0
RU-1998,RU,default,bill_share,False,,,
RU-1998,RU,default,policy_rate_minus_inflation,True,True,20.0,0.45
RU-1998,RU,default,breakeven_10y,False,,,
RU-1998,RU,default,term_premium_proxy,False,,,
RU-1998,RU,default,cb_holdings_change_4q,False,,,
RU-1998,RU,default,issuance_shortening,False,,,
RU-1998,RU,default,fx_vs_usd_12m,True,True,20.0,0.7
RU-1998,RU,default,fx_broad_reer_12m,True,False,,0.0
RU-1998,RU,default,gold_local_ccy_12m,False,,,
RU-1998,RU,default,spread_to_anchor_bp,False,,,
RU-1998,RU,default,target2_balance_gdp,False,,,
AR-2001,AR,default,debt_gdp,True,False,,0.0
AR-2001,AR,default,primary_balance_gdp,True,True,20.0,0.35
AR-2001,AR,default,r_minus_g,True,True,19.0,0.85
AR-2001,AR,default,avg_coupon_gap,False,,,
AR-2001,AR,default,forward_r_minus_g_5y,False,,,
AR-2001,AR,default,captivity_score,True,True,3.0,1.0
AR-2001,AR,default,foreign_share,True,True,3.0,1.0
AR-2001,AR,default,bill_share,False,,,
AR-2001,AR,default,policy_rate_minus_inflation,True,False,,0.0
AR-2001,AR,default,breakeven_10y,False,,,
AR-2001,AR,default,term_premium_proxy,False,,,
AR-2001,AR,default,cb_holdings_change_4q,False,,,
AR-2001,AR,default,issuance_shortening,False,,,
AR-2001,AR,default,fx_vs_usd_12m,True,False,,0.0
AR-2001,AR,default,fx_broad_reer_12m,True,False,,0.0
AR-2001,AR,default,gold_local_ccy_12m,False,,,
AR-2001,AR,default,spread_to_anchor_bp,False,,,
AR-2001,AR,default,target2_balance_gdp,False,,,
GR-2010,GR,IMF-program,debt_gdp,True,True,20.0,1.0
GR-2010,GR,IMF-program,primary_balance_gdp,True,True,20.0,1.0
GR-2010,GR,IMF-program,r_minus_g,True,True,19.0,0.45
GR-2010,GR,IMF-program,avg_coupon_gap,True,True,12.0,0.4
GR-2010,GR,IMF-program,forward_r_minus_g_5y,False,,,
GR-2010,GR,IMF-program,captivity_score,True,False,,0.0
GR-2010,GR,IMF-program,foreign_share,True,False,,0.0
GR-2010,GR,IMF-program,bill_share,True,False,,0.0
GR-2010,GR,IMF-program,policy_rate_minus_inflation,True,True,20.0,0.5
GR-2010,GR,IMF-program,breakeven_10y,False,,,
GR-2010,GR,IMF-program,term_premium_proxy,True,True,16.0,0.35
GR-2010,GR,IMF-program,cb_holdings_change_4q,True,False,,0.0
GR-2010,GR,IMF-program,issuance_shortening,True,True,3.0,0.05
GR-2010,GR,IMF-program,fx_vs_usd_12m,True,False,,0.0
GR-2010,GR,IMF-program,fx_broad_reer_12m,True,False,,0.0
GR-2010,GR,IMF-program,gold_local_ccy_12m,False,,,
GR-2010,GR,IMF-program,spread_to_anchor_bp,True,True,6.0,0.2
GR-2010,GR,IMF-program,target2_balance_gdp,True,True,2.0,0.25
GR-2012,GR,default,debt_gdp,True,True,20.0,1.0
GR-2012,GR,default,primary_balance_gdp,True,True,20.0,1.0
GR-2012,GR,default,r_minus_g,True,True,14.0,0.7
GR-2012,GR,default,avg_coupon_gap,True,True,19.0,0.75
GR-2012,GR,default,forward_r_minus_g_5y,False,,,
GR-2012,GR,default,captivity_score,True,False,,0.0
GR-2012,GR,default,foreign_share,True,False,,0.0
GR-2012,GR,default,bill_share,True,False,,0.0
GR-2012,GR,default,policy_rate_minus_inflation,True,True,16.0,0.6
GR-2012,GR,default,breakeven_10y,False,,,
GR-2012,GR,default,term_premium_proxy,True,True,13.0,0.65
GR-2012,GR,default,cb_holdings_change_4q,True,True,7.0,0.2
GR-2012,GR,default,issuance_shortening,True,True,10.0,0.05
GR-2012,GR,default,fx_vs_usd_12m,True,False,,0.0
GR-2012,GR,default,fx_broad_reer_12m,True,False,,0.0
GR-2012,GR,default,gold_local_ccy_12m,False,,,
GR-2012,GR,default,spread_to_anchor_bp,True,True,13.0,0.55
GR-2012,GR,default,target2_balance_gdp,True,True,9.0,0.6
GR-2015,GR,default,debt_gdp,True,True,20.0,1.0
GR-2015,GR,default,primary_balance_gdp,True,True,20.0,0.95
GR-2015,GR,default,r_minus_g,True,True,20.0,1.0
GR-2015,GR,default,avg_coupon_gap,True,True,20.0,1.0
GR-2015,GR,default,forward_r_minus_g_5y,False,,,
GR-2015,GR,default,captivity_score,True,False,,0.0
GR-2015,GR,default,foreign_share,True,False,,0.0
GR-2015,GR,default,bill_share,True,False,,0.0
GR-2015,GR,default,policy_rate_minus_inflation,True,True,20.0,0.55
GR-2015,GR,default,breakeven_10y,False,,,
GR-2015,GR,default,term_premium_proxy,True,True,20.0,1.0
GR-2015,GR,default,cb_holdings_change_4q,True,True,20.0,0.85
GR-2015,GR,default,issuance_shortening,True,True,13.0,0.6
GR-2015,GR,default,fx_vs_usd_12m,True,True,1.0,0.05
GR-2015,GR,default,fx_broad_reer_12m,True,False,,0.0
GR-2015,GR,default,gold_local_ccy_12m,False,,,
GR-2015,GR,default,spread_to_anchor_bp,True,True,20.0,1.0
GR-2015,GR,default,target2_balance_gdp,True,True,20.0,0.9
BR-2015,BR,currency,debt_gdp,True,False,,0.0
BR-2015,BR,currency,primary_balance_gdp,True,False,,0.0
BR-2015,BR,currency,r_minus_g,True,True,20.0,0.8
BR-2015,BR,currency,avg_coupon_gap,False,,,
BR-2015,BR,currency,forward_r_minus_g_5y,False,,,
BR-2015,BR,currency,captivity_score,True,False,,0.0
BR-2015,BR,currency,foreign_share,True,False,,0.0
BR-2015,BR,currency,bill_share,False,,,
BR-2015,BR,currency,policy_rate_minus_inflation,True,False,,0.0
BR-2015,BR,currency,breakeven_10y,False,,,
BR-2015,BR,currency,term_premium_proxy,False,,,
BR-2015,BR,currency,cb_holdings_change_4q,False,,,
BR-2015,BR,currency,issuance_shortening,False,,,
BR-2015,BR,currency,fx_vs_usd_12m,True,True,13.0,0.3
BR-2015,BR,currency,fx_broad_reer_12m,True,True,11.0,0.05
BR-2015,BR,currency,gold_local_ccy_12m,False,,,
BR-2015,BR,currency,spread_to_anchor_bp,False,,,
BR-2015,BR,currency,target2_balance_gdp,False,,,
TR-2018,TR,currency,debt_gdp,True,False,,0.0
TR-2018,TR,currency,primary_balance_gdp,True,True,2.0,0.1
TR-2018,TR,currency,r_minus_g,True,False,,0.0
TR-2018,TR,currency,avg_coupon_gap,False,,,
TR-2018,TR,currency,forward_r_minus_g_5y,False,,,
TR-2018,TR,currency,captivity_score,True,True,6.0,1.0
TR-2018,TR,currency,foreign_share,True,False,,0.0
TR-2018,TR,currency,bill_share,False,,,
TR-2018,TR,currency,policy_rate_minus_inflation,True,True,20.0,0.7
TR-2018,TR,currency,breakeven_10y,False,,,
TR-2018,TR,currency,term_premium_proxy,False,,,
TR-2018,TR,currency,cb_holdings_change_4q,False,,,
TR-2018,TR,currency,issuance_shortening,False,,,
TR-2018,TR,currency,fx_vs_usd_12m,True,True,20.0,0.75
TR-2018,TR,currency,fx_broad_reer_12m,True,True,18.0,0.25
TR-2018,TR,currency,gold_local_ccy_12m,False,,,
TR-2018,TR,currency,spread_to_anchor_bp,False,,,
TR-2018,TR,currency,target2_balance_gdp,False,,,
TR-2021,TR,currency,debt_gdp,True,False,,0.0
TR-2021,TR,currency,primary_balance_gdp,True,True,14.0,0.7
TR-2021,TR,currency,r_minus_g,True,False,,0.0
TR-2021,TR,currency,avg_coupon_gap,False,,,
TR-2021,TR,currency,forward_r_minus_g_5y,False,,,
TR-2021,TR,currency,captivity_score,True,True,18.0,0.5
TR-2021,TR,currency,foreign_share,True,False,,0.0
TR-2021,TR,currency,bill_share,False,,,
TR-2021,TR,currency,policy_rate_minus_inflation,True,True,19.0,0.5
TR-2021,TR,currency,breakeven_10y,False,,,
TR-2021,TR,currency,term_premium_proxy,False,,,
TR-2021,TR,currency,cb_holdings_change_4q,False,,,
TR-2021,TR,currency,issuance_shortening,False,,,
TR-2021,TR,currency,fx_vs_usd_12m,True,True,19.0,0.75
TR-2021,TR,currency,fx_broad_reer_12m,True,True,18.0,0.5
TR-2021,TR,currency,gold_local_ccy_12m,False,,,
TR-2021,TR,currency,spread_to_anchor_bp,False,,,
TR-2021,TR,currency,target2_balance_gdp,False,,,
GB-2022,GB,bond-market,debt_gdp,True,True,20.0,1.0
GB-2022,GB,bond-market,primary_balance_gdp,True,True,10.0,0.5
GB-2022,GB,bond-market,r_minus_g,True,True,9.0,0.25
GB-2022,GB,bond-market,avg_coupon_gap,True,False,,0.0
GB-2022,GB,bond-market,forward_r_minus_g_5y,True,False,,0.0
GB-2022,GB,bond-market,captivity_score,True,True,20.0,0.3333333333333333
GB-2022,GB,bond-market,foreign_share,True,False,,0.0
GB-2022,GB,bond-market,bill_share,False,,,
GB-2022,GB,bond-market,policy_rate_minus_inflation,True,True,20.0,1.0
GB-2022,GB,bond-market,breakeven_10y,True,True,20.0,1.0
GB-2022,GB,bond-market,term_premium_proxy,True,False,,0.0
GB-2022,GB,bond-market,cb_holdings_change_4q,True,True,6.0,1.0
GB-2022,GB,bond-market,issuance_shortening,False,,,
GB-2022,GB,bond-market,fx_vs_usd_12m,True,True,1.0,0.05
GB-2022,GB,bond-market,fx_broad_reer_12m,True,False,,0.0
GB-2022,GB,bond-market,gold_local_ccy_12m,False,,,
GB-2022,GB,bond-market,spread_to_anchor_bp,False,,,
GB-2022,GB,bond-market,target2_balance_gdp,False,,,
AR-2018,AR,currency,debt_gdp,True,False,,0.0
AR-2018,AR,currency,primary_balance_gdp,True,True,20.0,1.0
AR-2018,AR,currency,r_minus_g,True,False,,0.0
AR-2018,AR,currency,avg_coupon_gap,False,,,
AR-2018,AR,currency,forward_r_minus_g_5y,False,,,
AR-2018,AR,currency,captivity_score,True,True,5.0,1.0
AR-2018,AR,currency,foreign_share,True,False,,0.0
AR-2018,AR,currency,bill_share,False,,,
AR-2018,AR,currency,policy_rate_minus_inflation,True,True,20.0,0.35
AR-2018,AR,currency,breakeven_10y,False,,,
AR-2018,AR,currency,term_premium_proxy,False,,,
AR-2018,AR,currency,cb_holdings_change_4q,False,,,
AR-2018,AR,currency,issuance_shortening,False,,,
AR-2018,AR,currency,fx_vs_usd_12m,True,True,20.0,0.85
AR-2018,AR,currency,fx_broad_reer_12m,True,True,18.0,0.4
AR-2018,AR,currency,gold_local_ccy_12m,False,,,
AR-2018,AR,currency,spread_to_anchor_bp,False,,,
AR-2018,AR,currency,target2_balance_gdp,False,,,
AR-2019,AR,default,debt_gdp,True,False,,0.0
AR-2019,AR,default,primary_balance_gdp,True,True,20.0,1.0
AR-2019,AR,default,r_minus_g,True,False,,0.0
AR-2019,AR,default,avg_coupon_gap,False,,,
AR-2019,AR,default,forward_r_minus_g_5y,False,,,
AR-2019,AR,default,captivity_score,True,True,10.0,1.0
AR-2019,AR,default,foreign_share,True,False,,0.0
AR-2019,AR,default,bill_share,False,,,
AR-2019,AR,default,policy_rate_minus_inflation,True,True,13.0,0.2
AR-2019,AR,default,breakeven_10y,False,,,
AR-2019,AR,default,term_premium_proxy,False,,,
AR-2019,AR,default,cb_holdings_change_4q,False,,,
AR-2019,AR,default,issuance_shortening,False,,,
AR-2019,AR,default,fx_vs_usd_12m,True,True,20.0,0.85
AR-2019,AR,default,fx_broad_reer_12m,True,True,20.0,0.45
AR-2019,AR,default,gold_local_ccy_12m,False,,,
AR-2019,AR,default,spread_to_anchor_bp,False,,,
AR-2019,AR,default,target2_balance_gdp,False,,,
AR-2023,AR,inflation,debt_gdp,True,True,15.0,0.35
AR-2023,AR,inflation,primary_balance_gdp,True,True,20.0,1.0
AR-2023,AR,inflation,r_minus_g,True,False,,0.0
AR-2023,AR,inflation,avg_coupon_gap,False,,,
AR-2023,AR,inflation,forward_r_minus_g_5y,False,,,
AR-2023,AR,inflation,captivity_score,False,,,
AR-2023,AR,inflation,foreign_share,False,,,
AR-2023,AR,inflation,bill_share,False,,,
AR-2023,AR,inflation,policy_rate_minus_inflation,True,True,15.0,0.65
AR-2023,AR,inflation,breakeven_10y,False,,,
AR-2023,AR,inflation,term_premium_proxy,False,,,
AR-2023,AR,inflation,cb_holdings_change_4q,False,,,
AR-2023,AR,inflation,issuance_shortening,False,,,
AR-2023,AR,inflation,fx_vs_usd_12m,True,True,20.0,1.0
AR-2023,AR,inflation,fx_broad_reer_12m,True,True,20.0,0.1
AR-2023,AR,inflation,gold_local_ccy_12m,False,,,
AR-2023,AR,inflation,spread_to_anchor_bp,False,,,
AR-2023,AR,inflation,target2_balance_gdp,False,,,
JP-2022,JP,currency,debt_gdp,True,True,20.0,1.0
JP-2022,JP,currency,primary_balance_gdp,True,True,20.0,1.0
JP-2022,JP,currency,r_minus_g,True,True,15.0,0.55
JP-2022,JP,currency,avg_coupon_gap,True,False,,0.0
JP-2022,JP,currency,forward_r_minus_g_5y,True,True,18.0,0.375
JP-2022,JP,currency,captivity_score,True,False,,0.0
JP-2022,JP,currency,foreign_share,True,False,,0.0
JP-2022,JP,currency,bill_share,True,True,4.0,1.0
JP-2022,JP,currency,policy_rate_minus_inflation,True,True,20.0,0.8
JP-2022,JP,currency,breakeven_10y,False,,,
JP-2022,JP,currency,term_premium_proxy,True,False,,0.0
JP-2022,JP,currency,cb_holdings_change_4q,False,,,
JP-2022,JP,currency,issuance_shortening,False,,,
JP-2022,JP,currency,fx_vs_usd_12m,True,True,20.0,0.15
JP-2022,JP,currency,fx_broad_reer_12m,True,True,20.0,0.15
JP-2022,JP,currency,gold_local_ccy_12m,False,,,
JP-2022,JP,currency,spread_to_anchor_bp,False,,,
JP-2022,JP,currency,target2_balance_gdp,False,,,
RU-2014,RU,currency,debt_gdp,True,False,,0.0
RU-2014,RU,currency,primary_balance_gdp,True,True,20.0,0.6
RU-2014,RU,currency,r_minus_g,True,True,20.0,0.1
RU-2014,RU,currency,avg_coupon_gap,True,True,20.0,1.0
RU-2014,RU,currency,forward_r_minus_g_5y,False,,,
RU-2014,RU,currency,captivity_score,True,True,3.0,1.0
RU-2014,RU,currency,foreign_share,True,False,,0.0
RU-2014,RU,currency,bill_share,False,,,
RU-2014,RU,currency,policy_rate_minus_inflation,True,True,20.0,0.4
RU-2014,RU,currency,breakeven_10y,False,,,
RU-2014,RU,currency,term_premium_proxy,True,True,5.0,0.1
RU-2014,RU,currency,cb_holdings_change_4q,False,,,
RU-2014,RU,currency,issuance_shortening,False,,,
RU-2014,RU,currency,fx_vs_usd_12m,True,True,10.0,0.15
RU-2014,RU,currency,fx_broad_reer_12m,True,True,3.0,0.05
RU-2014,RU,currency,gold_local_ccy_12m,False,,,
RU-2014,RU,currency,spread_to_anchor_bp,False,,,
RU-2014,RU,currency,target2_balance_gdp,False,,,
MX-1982,MX,default,debt_gdp,False,,,
MX-1982,MX,default,primary_balance_gdp,True,False,,0.0
MX-1982,MX,default,r_minus_g,False,,,
MX-1982,MX,default,avg_coupon_gap,False,,,
MX-1982,MX,default,forward_r_minus_g_5y,False,,,
MX-1982,MX,default,captivity_score,False,,,
MX-1982,MX,default,foreign_share,False,,,
MX-1982,MX,default,bill_share,False,,,
MX-1982,MX,default,policy_rate_minus_inflation,False,,,
MX-1982,MX,default,breakeven_10y,False,,,
MX-1982,MX,default,term_premium_proxy,False,,,
MX-1982,MX,default,cb_holdings_change_4q,False,,,
MX-1982,MX,default,issuance_shortening,False,,,
MX-1982,MX,default,fx_vs_usd_12m,True,False,,0.0
MX-1982,MX,default,fx_broad_reer_12m,False,,,
MX-1982,MX,default,gold_local_ccy_12m,False,,,
MX-1982,MX,default,spread_to_anchor_bp,False,,,
MX-1982,MX,default,target2_balance_gdp,False,,,
GB-1992,GB,currency,debt_gdp,True,False,,0.0
GB-1992,GB,currency,primary_balance_gdp,True,True,2.0,0.1
GB-1992,GB,currency,r_minus_g,True,True,20.0,0.75
GB-1992,GB,currency,avg_coupon_gap,True,True,10.0,0.05
GB-1992,GB,currency,forward_r_minus_g_5y,False,,,
GB-1992,GB,currency,captivity_score,False,,,
GB-1992,GB,currency,foreign_share,False,,,
GB-1992,GB,currency,bill_share,False,,,
GB-1992,GB,currency,policy_rate_minus_inflation,True,False,,0.0
GB-1992,GB,currency,breakeven_10y,True,True,20.0,1.0
GB-1992,GB,currency,term_premium_proxy,True,False,,0.0
GB-1992,GB,currency,cb_holdings_change_4q,False,,,
GB-1992,GB,currency,issuance_shortening,False,,,
GB-1992,GB,currency,fx_vs_usd_12m,True,True,14.0,0.1
GB-1992,GB,currency,fx_broad_reer_12m,False,,,
GB-1992,GB,currency,gold_local_ccy_12m,False,,,
GB-1992,GB,currency,spread_to_anchor_bp,False,,,
GB-1992,GB,currency,target2_balance_gdp,False,,,
BR-1999,BR,currency,debt_gdp,False,,,
BR-1999,BR,currency,primary_balance_gdp,True,True,12.0,1.0
BR-1999,BR,currency,r_minus_g,False,,,
BR-1999,BR,currency,avg_coupon_gap,False,,,
BR-1999,BR,currency,forward_r_minus_g_5y,False,,,
BR-1999,BR,currency,captivity_score,False,,,
BR-1999,BR,currency,foreign_share,False,,,
BR-1999,BR,currency,bill_share,False,,,
BR-1999,BR,currency,policy_rate_minus_inflation,True,True,18.0,0.15
BR-1999,BR,currency,breakeven_10y,False,,,
BR-1999,BR,currency,term_premium_proxy,False,,,
BR-1999,BR,currency,cb_holdings_change_4q,False,,,
BR-1999,BR,currency,issuance_shortening,False,,,
BR-1999,BR,currency,fx_vs_usd_12m,True,True,20.0,0.3
BR-1999,BR,currency,fx_broad_reer_12m,True,False,,0.0
BR-1999,BR,currency,gold_local_ccy_12m,False,,,
BR-1999,BR,currency,spread_to_anchor_bp,False,,,
BR-1999,BR,currency,target2_balance_gdp,False,,,
TR-2001,TR,currency,debt_gdp,True,False,,0.0
TR-2001,TR,currency,primary_balance_gdp,True,False,,0.0
TR-2001,TR,currency,r_minus_g,True,True,18.0,0.625
TR-2001,TR,currency,avg_coupon_gap,False,,,
TR-2001,TR,currency,forward_r_minus_g_5y,False,,,
TR-2001,TR,currency,captivity_score,False,,,
TR-2001,TR,currency,foreign_share,False,,,
TR-2001,TR,currency,bill_share,False,,,
TR-2001,TR,currency,policy_rate_minus_inflation,False,,,
TR-2001,TR,currency,breakeven_10y,False,,,
TR-2001,TR,currency,term_premium_proxy,False,,,
TR-2001,TR,currency,cb_holdings_change_4q,False,,,
TR-2001,TR,currency,issuance_shortening,False,,,
TR-2001,TR,currency,fx_vs_usd_12m,True,True,20.0,1.0
TR-2001,TR,currency,fx_broad_reer_12m,True,False,,0.0
TR-2001,TR,currency,gold_local_ccy_12m,False,,,
TR-2001,TR,currency,spread_to_anchor_bp,False,,,
TR-2001,TR,currency,target2_balance_gdp,False,,,
IT-2011,IT,bond-market,debt_gdp,True,True,20.0,1.0
IT-2011,IT,bond-market,primary_balance_gdp,True,True,8.0,0.3
IT-2011,IT,bond-market,r_minus_g,True,True,20.0,1.0
IT-2011,IT,bond-market,avg_coupon_gap,True,True,17.0,0.6
IT-2011,IT,bond-market,forward_r_minus_g_5y,False,,,
IT-2011,IT,bond-market,captivity_score,True,False,,0.0
IT-2011,IT,bond-market,foreign_share,True,False,,0.0
IT-2011,IT,bond-market,bill_share,True,False,,0.0
IT-2011,IT,bond-market,policy_rate_minus_inflation,True,True,7.0,0.35
IT-2011,IT,bond-market,breakeven_10y,False,,,
IT-2011,IT,bond-market,term_premium_proxy,True,True,10.0,0.5
IT-2011,IT,bond-market,cb_holdings_change_4q,True,True,20.0,0.1
IT-2011,IT,bond-market,issuance_shortening,True,False,,0.0
IT-2011,IT,bond-market,fx_vs_usd_12m,True,False,,0.0
IT-2011,IT,bond-market,fx_broad_reer_12m,True,False,,0.0
IT-2011,IT,bond-market,gold_local_ccy_12m,False,,,
IT-2011,IT,bond-market,spread_to_anchor_bp,True,False,,0.0
IT-2011,IT,bond-market,target2_balance_gdp,True,False,,0.0
EA-2012,EA,bond-market,debt_gdp,True,False,,0.0
EA-2012,EA,bond-market,primary_balance_gdp,True,True,10.0,0.5
EA-2012,EA,bond-market,r_minus_g,True,True,12.0,0.6
EA-2012,EA,bond-market,avg_coupon_gap,True,True,17.0,0.15
EA-2012,EA,bond-market,forward_r_minus_g_5y,False,,,
EA-2012,EA,bond-market,captivity_score,True,False,,0.0
EA-2012,EA,bond-market,foreign_share,True,False,,0.0
EA-2012,EA,bond-market,bill_share,True,False,,0.0
EA-2012,EA,bond-market,policy_rate_minus_inflation,True,True,6.0,0.3
EA-2012,EA,bond-market,breakeven_10y,False,,,
EA-2012,EA,bond-market,term_premium_proxy,True,True,11.0,0.55
EA-2012,EA,bond-market,cb_holdings_change_4q,True,True,19.0,0.45
EA-2012,EA,bond-market,issuance_shortening,True,True,11.0,0.3
EA-2012,EA,bond-market,fx_vs_usd_12m,True,True,10.0,0.15
EA-2012,EA,bond-market,fx_broad_reer_12m,True,True,5.0,0.15
EA-2012,EA,bond-market,gold_local_ccy_12m,False,,,
EA-2012,EA,bond-market,spread_to_anchor_bp,False,,,
EA-2012,EA,bond-market,target2_balance_gdp,False,,,
IT-2018,IT,bond-market,debt_gdp,True,True,20.0,1.0
IT-2018,IT,bond-market,primary_balance_gdp,True,False,,0.0
IT-2018,IT,bond-market,r_minus_g,True,True,20.0,1.0
IT-2018,IT,bond-market,avg_coupon_gap,True,True,20.0,0.15
IT-2018,IT,bond-market,forward_r_minus_g_5y,True,True,9.0,1.0
IT-2018,IT,bond-market,captivity_score,True,True,9.0,0.35294117647058826
IT-2018,IT,bond-market,foreign_share,True,False,,0.0
IT-2018,IT,bond-market,bill_share,True,False,,0.0
IT-2018,IT,bond-market,policy_rate_minus_inflation,True,True,20.0,0.75
IT-2018,IT,bond-market,breakeven_10y,False,,,
IT-2018,IT,bond-market,term_premium_proxy,True,True,20.0,0.9
IT-2018,IT,bond-market,cb_holdings_change_4q,True,True,12.0,0.6
IT-2018,IT,bond-market,issuance_shortening,True,False,,0.0
IT-2018,IT,bond-market,fx_vs_usd_12m,True,True,17.0,0.4
IT-2018,IT,bond-market,fx_broad_reer_12m,True,False,,0.0
IT-2018,IT,bond-market,gold_local_ccy_12m,False,,,
IT-2018,IT,bond-market,spread_to_anchor_bp,True,True,20.0,0.2
IT-2018,IT,bond-market,target2_balance_gdp,True,True,7.0,0.35
FR-2024,FR,bond-market,debt_gdp,True,True,20.0,1.0
FR-2024,FR,bond-market,primary_balance_gdp,True,True,20.0,1.0
FR-2024,FR,bond-market,r_minus_g,True,True,16.0,0.2
FR-2024,FR,bond-market,avg_coupon_gap,True,True,8.0,0.4
FR-2024,FR,bond-market,forward_r_minus_g_5y,True,False,,0.0
FR-2024,FR,bond-market,captivity_score,True,True,13.0,1.0
FR-2024,FR,bond-market,foreign_share,True,True,13.0,1.0
FR-2024,FR,bond-market,bill_share,True,False,,0.0
FR-2024,FR,bond-market,policy_rate_minus_inflation,True,True,20.0,0.85
FR-2024,FR,bond-market,breakeven_10y,False,,,
FR-2024,FR,bond-market,term_premium_proxy,True,True,8.0,0.05
FR-2024,FR,bond-market,cb_holdings_change_4q,True,True,20.0,0.45
FR-2024,FR,bond-market,issuance_shortening,True,True,16.0,0.5
FR-2024,FR,bond-market,fx_vs_usd_12m,True,False,,0.0
FR-2024,FR,bond-market,fx_broad_reer_12m,True,False,,0.0
FR-2024,FR,bond-market,gold_local_ccy_12m,False,,,
FR-2024,FR,bond-market,spread_to_anchor_bp,True,False,,0.0
FR-2024,FR,bond-market,target2_balance_gdp,True,False,,0.0
