event_id,country,type,quarters_with_quadrant,share_unsustainable_free,share_unsustainable,modal_quadrant,max_stage,captivity_score
GB-1976,GB,IMF-program,0,,,,0.0,61.78461538461538
IT-1992,IT,currency,0,,,,0.0,60.03751981323049
SE-1992,SE,currency,0,,,,0.0,43.93846153846153
SE-1994,SE,successful-consolidation,0,,,,0.0,
MX-1994,MX,currency,0,,,,0.0,13.23076923076923
CA-1994,CA,successful-consolidation,0,,,,0.0,46.33846153846153
RU-1998,RU,default,0,,,,,56.92307692307692
AR-2001,AR,default,0,,,,0.0,15.446153846153845
GR-2010,GR,IMF-program,0,,,,0.0,67.88592756738296
GR-2012,GR,default,0,,,,0.0,66.7140541474469
GR-2015,GR,default,0,,,,0.0,60.9032567298304
BR-2015,BR,currency,0,,,,0.0,63.07692307692308
TR-2018,TR,currency,0,,,,0.0,47.75384615384616
TR-2021,TR,currency,0,,,,0.0,66.4
GB-2022,GB,bond-market,4,0.0,0.0,sustainable_captive,0.0,75.6923076923077
AR-2018,AR,currency,0,,,,0.0,44.30769230769231
AR-2019,AR,default,0,,,,0.0,44.30769230769231
AR-2023,AR,inflation,0,,,,0.0,
JP-2022,JP,currency,4,0.0,0.0,sustainable_captive,0.0,64.68778280542986
RU-2014,RU,currency,0,,,,0.0,42.33846153846153
MX-1982,MX,default,0,,,,0.0,
GB-1992,GB,currency,0,,,,0.0,
BR-1999,BR,currency,0,,,,0.0,
TR-2001,TR,currency,0,,,,0.0,
IT-2011,IT,bond-market,0,,,,0.0,65.28160906201086
EA-2012,EA,bond-market,0,,,,0.0,64.13689228025544
IT-2018,IT,bond-market,1,0.0,0.0,sustainable_free,0.0,51.79605611780904
FR-2024,FR,bond-market,1,0.0,0.0,sustainable_free,0.0,29.268850296271665
