series_id,country,concept,date,value,vintage
AR.cb_gov_share.MANUAL,AR,cb_gov_share,2001-06-30,2.0,2026-10-07T00:00:00
AR.cb_gov_share.MANUAL,AR,cb_gov_share,2017-12-31,15.0,2026-10-07T00:00:00
AR.foreign_share.MANUAL,AR,foreign_share,2001-06-30,55.0,2026-10-07T00:00:00
AR.foreign_share.MANUAL,AR,foreign_share,2017-12-31,35.0,2026-10-07T00:00:00
AU.avg_maturity_years.MANUAL,AU,avg_maturity_years,2015-06-30,6.5,2026-10-07T00:00:00
AU.avg_maturity_years.MANUAL,AU,avg_maturity_years,2019-06-30,7.2,2026-10-07T00:00:00
AU.avg_maturity_years.MANUAL,AU,avg_maturity_years,2022-06-30,7.2,2026-10-07T00:00:00
AU.avg_maturity_years.MANUAL,AU,avg_maturity_years,2024-06-30,7.0,2026-10-07T00:00:00
AU.cb_gov_share.MANUAL,AU,cb_gov_share,2017-06-30,5.0,2026-10-07T00:00:00
AU.cb_gov_share.MANUAL,AU,cb_gov_share,2020-06-30,10.0,2026-10-07T00:00:00
AU.cb_gov_share.MANUAL,AU,cb_gov_share,2021-06-30,30.0,2026-10-07T00:00:00
AU.cb_gov_share.MANUAL,AU,cb_gov_share,2022-06-30,35.0,2026-10-07T00:00:00
AU.cb_gov_share.MANUAL,AU,cb_gov_share,2024-06-30,28.0,2026-10-07T00:00:00
AU.cb_gov_share.MANUAL,AU,cb_gov_share,2025-06-30,24.0,2026-10-07T00:00:00
AU.foreign_share.MANUAL,AU,foreign_share,2017-06-30,55.0,2026-10-07T00:00:00
AU.foreign_share.MANUAL,AU,foreign_share,2020-06-30,48.0,2026-10-07T00:00:00
AU.foreign_share.MANUAL,AU,foreign_share,2022-06-30,42.0,2026-10-07T00:00:00
AU.foreign_share.MANUAL,AU,foreign_share,2024-06-30,45.0,2026-10-07T00:00:00
BR.cb_gov_share.MANUAL,BR,cb_gov_share,2014-12-31,20.0,2026-10-07T00:00:00
BR.foreign_share.MANUAL,BR,foreign_share,2014-12-31,19.0,2026-10-07T00:00:00
CA.avg_maturity_years.MANUAL,CA,avg_maturity_years,2015-03-31,6.5,2026-10-07T00:00:00
CA.avg_maturity_years.MANUAL,CA,avg_maturity_years,2019-03-31,6.0,2026-10-07T00:00:00
CA.avg_maturity_years.MANUAL,CA,avg_maturity_years,2022-03-31,7.0,2026-10-07T00:00:00
CA.avg_maturity_years.MANUAL,CA,avg_maturity_years,2024-03-31,6.8,2026-10-07T00:00:00
CA.cb_gov_share.MANUAL,CA,cb_gov_share,1994-12-31,6.0,2026-10-07T00:00:00
CA.cb_gov_share.MANUAL,CA,cb_gov_share,2017-12-31,14.0,2026-10-07T00:00:00
CA.cb_gov_share.MANUAL,CA,cb_gov_share,2020-12-31,38.0,2026-10-07T00:00:00
CA.cb_gov_share.MANUAL,CA,cb_gov_share,2021-12-31,42.0,2026-10-07T00:00:00
CA.cb_gov_share.MANUAL,CA,cb_gov_share,2023-12-31,30.0,2026-10-07T00:00:00
CA.cb_gov_share.MANUAL,CA,cb_gov_share,2025-06-30,22.0,2026-10-07T00:00:00
CA.foreign_share.MANUAL,CA,foreign_share,1994-12-31,25.0,2026-10-07T00:00:00
CA.foreign_share.MANUAL,CA,foreign_share,2017-12-31,28.0,2026-10-07T00:00:00
CA.foreign_share.MANUAL,CA,foreign_share,2021-12-31,22.0,2026-10-07T00:00:00
CA.foreign_share.MANUAL,CA,foreign_share,2024-12-31,28.0,2026-10-07T00:00:00
CH.avg_maturity_years.MANUAL,CH,avg_maturity_years,2016-12-31,10.0,2026-10-07T00:00:00
CH.avg_maturity_years.MANUAL,CH,avg_maturity_years,2020-12-31,11.0,2026-10-07T00:00:00
CH.avg_maturity_years.MANUAL,CH,avg_maturity_years,2024-12-31,11.0,2026-10-07T00:00:00
CH.cb_gov_share.MANUAL,CH,cb_gov_share,2017-12-31,0.0,2026-10-07T00:00:00
CH.cb_gov_share.MANUAL,CH,cb_gov_share,2024-12-31,0.0,2026-10-07T00:00:00
CH.foreign_share.MANUAL,CH,foreign_share,2017-12-31,15.0,2026-10-07T00:00:00
CH.foreign_share.MANUAL,CH,foreign_share,2024-12-31,15.0,2026-10-07T00:00:00
DE.avg_maturity_years.MANUAL,DE,avg_maturity_years,2016-12-31,6.5,2026-10-07T00:00:00
DE.avg_maturity_years.MANUAL,DE,avg_maturity_years,2020-12-31,6.8,2026-10-07T00:00:00
DE.avg_maturity_years.MANUAL,DE,avg_maturity_years,2024-12-31,7.0,2026-10-07T00:00:00
DE.foreign_share.MANUAL,DE,foreign_share,2017-12-31,50.0,2026-10-07T00:00:00
DE.foreign_share.MANUAL,DE,foreign_share,2021-12-31,45.0,2026-10-07T00:00:00
DE.foreign_share.MANUAL,DE,foreign_share,2024-12-31,47.0,2026-10-07T00:00:00
EA.ecb_backstop_active.MANUAL,EA,ecb_backstop_active,2009-12-31,0.0,2026-10-07T00:00:00
EA.ecb_backstop_active.MANUAL,EA,ecb_backstop_active,2010-06-30,1.0,2026-10-07T00:00:00
EA.ecb_backstop_active.MANUAL,EA,ecb_backstop_active,2012-09-30,1.0,2026-10-07T00:00:00
EA.ecb_backstop_active.MANUAL,EA,ecb_backstop_active,2014-12-31,1.0,2026-10-07T00:00:00
EA.ecb_backstop_active.MANUAL,EA,ecb_backstop_active,2019-12-31,1.0,2026-10-07T00:00:00
EA.ecb_backstop_active.MANUAL,EA,ecb_backstop_active,2020-03-31,1.0,2026-10-07T00:00:00
EA.ecb_backstop_active.MANUAL,EA,ecb_backstop_active,2022-09-30,1.0,2026-10-07T00:00:00
EA.ecb_backstop_active.MANUAL,EA,ecb_backstop_active,2025-12-31,1.0,2026-10-07T00:00:00
FR.avg_maturity_years.MANUAL,FR,avg_maturity_years,2016-12-31,7.5,2026-10-07T00:00:00
FR.avg_maturity_years.MANUAL,FR,avg_maturity_years,2020-12-31,8.2,2026-10-07T00:00:00
FR.avg_maturity_years.MANUAL,FR,avg_maturity_years,2024-12-31,8.5,2026-10-07T00:00:00
FR.foreign_share.MANUAL,FR,foreign_share,2017-12-31,55.0,2026-10-07T00:00:00
FR.foreign_share.MANUAL,FR,foreign_share,2021-12-31,50.0,2026-10-07T00:00:00
FR.foreign_share.MANUAL,FR,foreign_share,2024-12-31,54.0,2026-10-07T00:00:00
GB.avg_maturity_years.MANUAL,GB,avg_maturity_years,2015-12-31,15.0,2026-10-07T00:00:00
GB.avg_maturity_years.MANUAL,GB,avg_maturity_years,2018-12-31,15.5,2026-10-07T00:00:00
GB.avg_maturity_years.MANUAL,GB,avg_maturity_years,2021-12-31,15.0,2026-10-07T00:00:00
GB.avg_maturity_years.MANUAL,GB,avg_maturity_years,2023-12-31,14.5,2026-10-07T00:00:00
GB.cb_gov_share.MANUAL,GB,cb_gov_share,1975-12-31,8.0,2026-10-07T00:00:00
GB.cb_gov_share.MANUAL,GB,cb_gov_share,2017-12-31,24.0,2026-10-07T00:00:00
GB.cb_gov_share.MANUAL,GB,cb_gov_share,2020-12-31,33.0,2026-10-07T00:00:00
GB.cb_gov_share.MANUAL,GB,cb_gov_share,2021-12-31,34.0,2026-10-07T00:00:00
GB.cb_gov_share.MANUAL,GB,cb_gov_share,2023-12-31,30.0,2026-10-07T00:00:00
GB.cb_gov_share.MANUAL,GB,cb_gov_share,2024-12-31,26.0,2026-10-07T00:00:00
GB.cb_gov_share.MANUAL,GB,cb_gov_share,2025-09-30,22.0,2026-10-07T00:00:00
GB.foreign_share.MANUAL,GB,foreign_share,1975-12-31,10.0,2026-10-07T00:00:00
GB.foreign_share.MANUAL,GB,foreign_share,2017-12-31,27.0,2026-10-07T00:00:00
GB.foreign_share.MANUAL,GB,foreign_share,2021-12-31,28.0,2026-10-07T00:00:00
GB.foreign_share.MANUAL,GB,foreign_share,2024-12-31,32.0,2026-10-07T00:00:00
GR.avg_maturity_years.MANUAL,GR,avg_maturity_years,2016-12-31,17.0,2026-10-07T00:00:00
GR.avg_maturity_years.MANUAL,GR,avg_maturity_years,2020-12-31,19.5,2026-10-07T00:00:00
GR.avg_maturity_years.MANUAL,GR,avg_maturity_years,2024-12-31,18.5,2026-10-07T00:00:00
GR.cb_gov_share.MANUAL,GR,cb_gov_share,2009-12-31,2.0,2026-10-07T00:00:00
GR.foreign_share.MANUAL,GR,foreign_share,2009-12-31,75.0,2026-10-07T00:00:00
GR.foreign_share.MANUAL,GR,foreign_share,2017-12-31,80.0,2026-10-07T00:00:00
GR.foreign_share.MANUAL,GR,foreign_share,2024-12-31,75.0,2026-10-07T00:00:00
IT.avg_maturity_years.MANUAL,IT,avg_maturity_years,2016-12-31,6.8,2026-10-07T00:00:00
IT.avg_maturity_years.MANUAL,IT,avg_maturity_years,2020-12-31,6.9,2026-10-07T00:00:00
IT.avg_maturity_years.MANUAL,IT,avg_maturity_years,2024-12-31,7.1,2026-10-07T00:00:00
IT.cb_gov_share.MANUAL,IT,cb_gov_share,1991-12-31,12.0,2026-10-07T00:00:00
IT.foreign_share.MANUAL,IT,foreign_share,1991-12-31,5.0,2026-10-07T00:00:00
IT.foreign_share.MANUAL,IT,foreign_share,2017-12-31,32.0,2026-10-07T00:00:00
IT.foreign_share.MANUAL,IT,foreign_share,2021-12-31,27.0,2026-10-07T00:00:00
IT.foreign_share.MANUAL,IT,foreign_share,2024-12-31,30.0,2026-10-07T00:00:00
JP.avg_maturity_years.MANUAL,JP,avg_maturity_years,2015-03-31,8.0,2026-10-07T00:00:00
JP.avg_maturity_years.MANUAL,JP,avg_maturity_years,2018-03-31,9.0,2026-10-07T00:00:00
JP.avg_maturity_years.MANUAL,JP,avg_maturity_years,2021-03-31,9.2,2026-10-07T00:00:00
JP.avg_maturity_years.MANUAL,JP,avg_maturity_years,2024-03-31,9.4,2026-10-07T00:00:00
JP.cb_gov_share.MANUAL,JP,cb_gov_share,2017-03-31,40.0,2026-10-07T00:00:00
JP.cb_gov_share.MANUAL,JP,cb_gov_share,2019-03-31,43.0,2026-10-07T00:00:00
JP.cb_gov_share.MANUAL,JP,cb_gov_share,2021-03-31,44.0,2026-10-07T00:00:00
JP.cb_gov_share.MANUAL,JP,cb_gov_share,2023-03-31,47.0,2026-10-07T00:00:00
JP.cb_gov_share.MANUAL,JP,cb_gov_share,2024-03-31,48.0,2026-10-07T00:00:00
JP.cb_gov_share.MANUAL,JP,cb_gov_share,2025-03-31,46.0,2026-10-07T00:00:00
JP.foreign_share.MANUAL,JP,foreign_share,2017-03-31,10.5,2026-10-07T00:00:00
JP.foreign_share.MANUAL,JP,foreign_share,2019-03-31,12.5,2026-10-07T00:00:00
JP.foreign_share.MANUAL,JP,foreign_share,2021-03-31,13.0,2026-10-07T00:00:00
JP.foreign_share.MANUAL,JP,foreign_share,2023-03-31,13.5,2026-10-07T00:00:00
JP.foreign_share.MANUAL,JP,foreign_share,2025-03-31,13.0,2026-10-07T00:00:00
MX.cb_gov_share.MANUAL,MX,cb_gov_share,1994-06-30,5.0,2026-10-07T00:00:00
MX.foreign_share.MANUAL,MX,foreign_share,1994-06-30,60.0,2026-10-07T00:00:00
NL.avg_maturity_years.MANUAL,NL,avg_maturity_years,2016-12-31,6.5,2026-10-07T00:00:00
NL.avg_maturity_years.MANUAL,NL,avg_maturity_years,2020-12-31,8.0,2026-10-07T00:00:00
NL.avg_maturity_years.MANUAL,NL,avg_maturity_years,2024-12-31,8.5,2026-10-07T00:00:00
NL.foreign_share.MANUAL,NL,foreign_share,2017-12-31,45.0,2026-10-07T00:00:00
NL.foreign_share.MANUAL,NL,foreign_share,2024-12-31,42.0,2026-10-07T00:00:00
RU.cb_gov_share.MANUAL,RU,cb_gov_share,1998-06-30,25.0,2026-10-07T00:00:00
RU.cb_gov_share.MANUAL,RU,cb_gov_share,2014-06-30,1.0,2026-10-07T00:00:00
RU.foreign_share.MANUAL,RU,foreign_share,1998-06-30,30.0,2026-10-07T00:00:00
RU.foreign_share.MANUAL,RU,foreign_share,2014-06-30,25.0,2026-10-07T00:00:00
SE.avg_maturity_years.MANUAL,SE,avg_maturity_years,2016-12-31,5.0,2026-10-07T00:00:00
SE.avg_maturity_years.MANUAL,SE,avg_maturity_years,2024-12-31,5.5,2026-10-07T00:00:00
SE.cb_gov_share.MANUAL,SE,cb_gov_share,1991-12-31,3.0,2026-10-07T00:00:00
SE.foreign_share.MANUAL,SE,foreign_share,1991-12-31,25.0,2026-10-07T00:00:00
TR.cb_gov_share.MANUAL,TR,cb_gov_share,2017-12-31,2.0,2026-10-07T00:00:00
TR.cb_gov_share.MANUAL,TR,cb_gov_share,2020-12-31,8.0,2026-10-07T00:00:00
TR.foreign_share.MANUAL,TR,foreign_share,2017-12-31,20.0,2026-10-07T00:00:00
TR.foreign_share.MANUAL,TR,foreign_share,2020-12-31,5.0,2026-10-07T00:00:00
US.avg_maturity_years.MANUAL,US,avg_maturity_years,2015-12-31,5.8,2026-10-07T00:00:00
US.avg_maturity_years.MANUAL,US,avg_maturity_years,2017-12-31,5.9,2026-10-07T00:00:00
US.avg_maturity_years.MANUAL,US,avg_maturity_years,2019-12-31,5.8,2026-10-07T00:00:00
US.avg_maturity_years.MANUAL,US,avg_maturity_years,2021-12-31,5.9,2026-10-07T00:00:00
US.avg_maturity_years.MANUAL,US,avg_maturity_years,2023-12-31,6.0,2026-10-07T00:00:00
US.avg_maturity_years.MANUAL,US,avg_maturity_years,2025-06-30,6.0,2026-10-07T00:00:00
