country,quarter,kind,from,to
US,2015-09-30,quadrant,sustainable_free,sustainable_captive
US,2015-12-31,quadrant,sustainable_captive,sustainable_free
GB,2023-06-30,quadrant,sustainable_captive,unsustainable_captive
JP,2016-09-30,quadrant,unsustainable_free,unsustainable_captive
JP,2018-09-30,quadrant,unsustainable_captive,sustainable_captive
CA,2020-03-31,quadrant,sustainable_free,sustainable_captive
CA,2022-12-31,quadrant,sustainable_captive,sustainable_free
CH,2016-12-31,quadrant,sustainable_captive,sustainable_free
EA,2016-09-30,quadrant,sustainable_captive,sustainable_free
FR,2023-03-31,quadrant,sustainable_free,unsustainable_free
FR,2023-06-30,quadrant,unsustainable_free,sustainable_free
FR,2023-03-31,stage,0.0,3.0
FR,2023-06-30,stage,3.0,0.0
IT,2020-06-30,quadrant,sustainable_free,unsustainable_free
IT,2024-12-31,quadrant,unsustainable_free,sustainable_free
IT,2022-06-30,stage,0.0,3.0
IT,2024-12-31,stage,3.0,6.0
IT,2025-09-30,stage,6.0,0.0
GR,2016-09-30,quadrant,unsustainable_captive,sustainable_captive
GR,2016-03-31,stage,0.0,3.0
GR,2016-12-31,stage,3.0,6.0
GR,2017-03-31,stage,6.0,0.0
GR,2022-06-30,stage,0.0,3.0
GR,2023-09-30,stage,3.0,6.0
GR,2024-06-30,stage,6.0,0.0
