observation_date,NGDPSAXDCAUQ
1959-07-01,3978
1959-10-01,4094
1960-01-01,4173
1960-04-01,4385
1960-07-01,4407
1960-10-01,4435
1961-01-01,4427
1961-04-01,4329
1961-07-01,4337
1961-10-01,4374
1962-01-01,4505
1962-04-01,4602
1962-07-01,4659
1962-10-01,4789
1963-01-01,4933
1963-04-01,4897
1963-07-01,5158
1963-10-01,5265
1964-01-01,5327
1964-04-01,5509
1964-07-01,5593
1964-10-01,5773
1965-01-01,5860
1965-04-01,5974
1965-07-01,5994
1965-10-01,6066
1966-01-01,6102
1966-04-01,6260
1966-07-01,6546
1966-10-01,6711
1967-01-01,6948
1967-04-01,6998
1967-07-01,7105
1967-10-01,7246
1968-01-01,7357
1968-04-01,7543
1968-07-01,7767
1968-10-01,8181
1969-01-01,8296
1969-04-01,8558
1969-07-01,8871
1969-10-01,9087
1970-01-01,9312
1970-04-01,9670
1970-07-01,9732
1970-10-01,9895
1971-01-01,10276
1971-04-01,10508
1971-07-01,10917
1971-10-01,10933
1972-01-01,11135
1972-04-01,11559
1972-07-01,11718
1972-10-01,12108
1973-01-01,12715
1973-04-01,13312
1973-07-01,14057
1973-10-01,14990
1974-01-01,15520
1974-04-01,15790
1974-07-01,16776
1974-10-01,17671
1975-01-01,18025
1975-04-01,18857
1975-07-01,19430
1975-10-01,20366
1976-01-01,21334
1976-04-01,22271
1976-07-01,23047
1976-10-01,23781
1977-01-01,24315
1977-04-01,25138
1977-07-01,25477
1977-10-01,25765
1978-01-01,26616
1978-04-01,27410
1978-07-01,28330
1978-10-01,29074
1979-01-01,30538
1979-04-01,31004
1979-07-01,32077
1979-10-01,33356
1980-01-01,34271
1980-04-01,35041
1980-07-01,36201
1980-10-01,37857
1981-01-01,38613
1981-04-01,40046
1981-07-01,42221
1981-10-01,43418
1982-01-01,44350
1982-04-01,46041
1982-07-01,46625
1982-10-01,47349
1983-01-01,47764
1983-04-01,48275
1983-07-01,51060
1983-10-01,52468
1984-01-01,54635
1984-04-01,55881
1984-07-01,56554
1984-10-01,57489
1985-01-01,59696
1985-04-01,62027
1985-07-01,63470
1985-10-01,64702
1986-01-01,65930
1986-04-01,67109
1986-07-01,68344
1986-10-01,70627
1987-01-01,72426
1987-04-01,75158
1987-07-01,77563
1987-10-01,79885
1988-01-01,82781
1988-04-01,84832
1988-07-01,87858
1988-10-01,90704
1989-01-01,93346
1989-04-01,96967
1989-07-01,98843
1989-10-01,100572
1990-01-01,102416
1990-04-01,104350
1990-07-01,103743
1990-10-01,104978
1991-01-01,103577
1991-04-01,103644
1991-07-01,104412
1991-10-01,105379
1992-01-01,106904
1992-04-01,107308
1992-07-01,108345
1992-10-01,110532
1993-01-01,112418
1993-04-01,113569
1993-07-01,113412
1993-10-01,115809
1994-01-01,118168
1994-04-01,119684
1994-07-01,123211
1994-10-01,122607
1995-01-01,124759
1995-04-01,126463
1995-07-01,129151
1995-10-01,131805
1996-01-01,133403
1996-04-01,135520
1996-07-01,136195
1996-10-01,138118
1997-01-01,139428
1997-04-01,142996
1997-07-01,143905
1997-10-01,147713
1998-01-01,148837
1998-04-01,150058
1998-07-01,152693
1998-10-01,155604
1999-01-01,157064
1999-04-01,158008
1999-07-01,160796
1999-10-01,163667
2000-01-01,168609
2000-04-01,170877
2000-07-01,175087
2000-10-01,174185
2001-01-01,179072
2001-04-01,180944
2001-07-01,184644
2001-10-01,187128
2002-01-01,191283
2002-04-01,194628
2002-07-01,197252
2002-10-01,200513
2003-01-01,202718
2003-04-01,204723
2003-07-01,209410
2003-10-01,214651
2004-01-01,218830
2004-04-01,222301
2004-07-01,225359
2004-10-01,229282
2005-01-01,233622
2005-04-01,238588
2005-07-01,244070
2005-10-01,249514
2006-01-01,252541
2006-04-01,255662
2006-07-01,263291
2006-10-01,270313
2007-01-01,277251
2007-04-01,281047
2007-07-01,285756
2007-10-01,291134
2008-01-01,298941
2008-04-01,306405
2008-07-01,316454
2008-10-01,316999
2009-01-01,318486
2009-04-01,313601
2009-07-01,314930
2009-10-01,322034
2010-01-01,329518
2010-04-01,340846
2010-07-01,346092
2010-10-01,352167
2011-01-01,358057
2011-04-01,366764
2011-07-01,373654
2011-10-01,374540
2012-01-01,375450
2012-04-01,380648
2012-07-01,381897
2012-10-01,383445
2013-01-01,387241
2013-04-01,391539
2013-07-01,395816
2013-10-01,401760
2014-01-01,404936
2014-04-01,404557
2014-07-01,404443
2014-10-01,406872
2015-01-01,409824
2015-04-01,409034
2015-07-01,413563
2015-10-01,413634
2016-01-01,416026
2016-04-01,421048
2016-07-01,426451
2016-10-01,440557
2017-01-01,448451
2017-04-01,448548
2017-07-01,454310
2017-10-01,456789
2018-01-01,465636
2018-04-01,472128
2018-07-01,479462
2018-10-01,484356
2019-01-01,491395
2019-04-01,499255
2019-07-01,505943
2019-10-01,505061
2020-01-01,506043
2020-04-01,470136
2020-07-01,490274
2020-10-01,512904
2021-01-01,533375
2021-04-01,553526
2021-07-01,551707
2021-10-01,569630
2022-01-01,594428
2022-04-01,624002
2022-07-01,632391
2022-10-01,640409
2023-01-01,652162
2023-04-01,651258
2023-07-01,659064
2023-10-01,666922
2024-01-01,675490
2024-04-01,678722
2024-07-01,681462
2024-10-01,689738
2025-01-01,699150
2025-04-01,705456
2025-07-01,718591
2025-10-01,732456
2026-01-01,736777
2026-04-01,742502
