observation_date,NGDPSAXDCCAQ
1961-01-01,10150
1961-04-01,10374
1961-07-01,10651
1961-10-01,10851
1962-01-01,11156
1962-04-01,11283
1962-07-01,11517
1962-10-01,11783
1963-01-01,11896
1963-04-01,12139
1963-07-01,12338
1963-10-01,12840
1964-01-01,13144
1964-04-01,13355
1964-07-01,13645
1964-10-01,13831
1965-01-01,14317
1965-04-01,14664
1965-07-01,15016
1965-10-01,15554
1966-01-01,16080
1966-04-01,16622
1966-07-01,16841
1966-10-01,17162
1967-01-01,17371
1967-04-01,17936
1967-07-01,18095
1967-10-01,18410
1968-01-01,18829
1968-04-01,19413
1968-07-01,19862
1968-10-01,20370
1969-01-01,20949
1969-04-01,21369
1969-07-01,21785
1969-10-01,22327
1970-01-01,22844
1970-04-01,23056
1970-07-01,23524
1970-10-01,23729
1971-01-01,24072
1971-04-01,25078
1971-07-01,25906
1971-10-01,26609
1972-01-01,27037
1972-04-01,28066
1972-07-01,28596
1972-10-01,29822
1973-01-01,31189
1973-04-01,32510
1973-07-01,33631
1973-10-01,35636
1974-01-01,37325
1974-04-01,38990
1974-07-01,40561
1974-10-01,41300
1975-01-01,41861
1975-04-01,43406
1975-07-01,45554
1975-10-01,47107
1976-01-01,49062
1976-04-01,51563
1976-07-01,52112
1976-10-01,53249
1977-01-01,54978
1977-04-01,56202
1977-07-01,57431
1977-10-01,58990
1978-01-01,60330
1978-04-01,62171
1978-07-01,63801
1978-10-01,65773
1979-01-01,67850
1979-04-01,71043
1979-07-01,73230
1979-10-01,75485
1980-01-01,77446
1980-04-01,79307
1980-07-01,81191
1980-10-01,84838
1981-01-01,88998
1981-04-01,91998
1981-07-01,93205
1981-10-01,94157
1982-01-01,95751
1982-04-01,96629
1982-07-01,97390
1982-10-01,98411
1983-01-01,100809
1983-04-01,103951
1983-07-01,107240
1983-10-01,109316
1984-01-01,111960
1984-04-01,114888
1984-07-01,116295
1984-10-01,118843
1985-01-01,121524
1985-04-01,123838
1985-07-01,125968
1985-10-01,128697
1986-01-01,129653
1986-04-01,130961
1986-07-01,132555
1986-10-01,133461
1987-01-01,138121
1987-04-01,141855
1987-07-01,145420
1987-10-01,148940
1988-01-01,152737
1988-04-01,155292
1988-07-01,157848
1988-10-01,161017
1989-01-01,164040
1989-04-01,167448
1989-07-01,169783
1989-10-01,170308
1990-01-01,172982
1990-04-01,173906
1990-07-01,174421
1990-10-01,174192
1991-01-01,173502
1991-04-01,175393
1991-07-01,176199
1991-10-01,176679
1992-01-01,177502
1992-04-01,178686
1992-07-01,180415
1992-10-01,181833
1993-01-01,183488
1993-04-01,186340
1993-07-01,187517
1993-10-01,189692
1994-01-01,193164
1994-04-01,195915
1994-07-01,200196
1994-10-01,202697
1995-01-01,205993
1995-04-01,207214
1995-07-01,208244
1995-10-01,210170
1996-01-01,211052
1996-04-01,213226
1996-07-01,216136
1996-10-01,219420
1997-01-01,222937
1997-04-01,224853
1997-07-01,228141
1997-10-01,230995
1998-01-01,233653
1998-04-01,233803
1998-07-01,234718
1998-10-01,238374
1999-01-01,243810
1999-04-01,248543
1999-07-01,255327
1999-10-01,260247
2000-01-01,267547
2000-04-01,274862
2000-07-01,280442
2000-10-01,283220
2001-01-01,287481
2001-04-01,288215
2001-07-01,284701
2001-10-01,284146
2002-01-01,289660
2002-04-01,296473
2002-07-01,301036
2002-10-01,306525
2003-01-01,312522
2003-04-01,309430
2003-07-01,314574
2003-10-01,318221
2004-01-01,324054
2004-04-01,332037
2004-07-01,337870
2004-10-01,341770
2005-01-01,345081
2005-04-01,349902
2005-07-01,359248
2005-10-01,367359
2006-01-01,369000
2006-04-01,372679
2006-07-01,376234
2006-10-01,378691
2007-01-01,386819
2007-04-01,394153
2007-07-01,395562
2007-10-01,401127
2008-01-01,409324
2008-04-01,419362
2008-07-01,423628
2008-10-01,404727
2009-01-01,389308
2009-04-01,387122
2009-07-01,391981
2009-10-01,402923
2010-01-01,411008
2010-04-01,413310
2010-07-01,416343
2010-10-01,425387
2011-01-01,434488
2011-04-01,439963
2011-07-01,446437
2011-10-01,453175
2012-01-01,453780
2012-04-01,454746
2012-07-01,457659
2012-10-01,461016
2013-01-01,469211
2013-04-01,471648
2013-07-01,478107
2013-10-01,483281
2014-01-01,490863
2014-04-01,497101
2014-07-01,503448
2014-10-01,503486
2015-01-01,496075
2015-04-01,496230
2015-07-01,500216
2015-10-01,497920
2016-01-01,499605
2016-04-01,500538
2016-07-01,508855
2016-10-01,516537
2017-01-01,526987
2017-04-01,532505
2017-07-01,535438
2017-10-01,545711
2018-01-01,551767
2018-04-01,560017
2018-07-01,564738
2018-10-01,559153
2019-01-01,567228
2019-04-01,578170
2019-07-01,580619
2019-10-01,587546
2020-01-01,572004
2020-04-01,503983
2020-07-01,561621
2020-10-01,582919
2021-01-01,607847
2021-04-01,622004
2021-07-01,640826
2021-10-01,665141
2022-01-01,694460
2022-04-01,724571
2022-07-01,722188
2022-10-01,722940
2023-01-01,728107
2023-04-01,733800
2023-07-01,749416
2023-10-01,753878
2024-01-01,759077
2024-04-01,772227
2024-07-01,783013
2024-10-01,794234
2025-01-01,806113
2025-04-01,802815
2025-07-01,815184
2025-10-01,821145
2026-01-01,832123
2026-04-01,859430
