country,concept,date,value,source,confidence,notes
JP,cb_gov_share,2017-03-31,40.0,"BoJ Flow of Funds / MoF JGB Newsletter: BoJ share of JGBs incl. T-bills",approximate,
JP,cb_gov_share,2019-03-31,43.0,"BoJ Flow of Funds / MoF JGB Newsletter",approximate,
JP,cb_gov_share,2021-03-31,44.0,"BoJ Flow of Funds / MoF JGB Newsletter",approximate,
JP,cb_gov_share,2023-03-31,47.0,"BoJ Flow of Funds / MoF JGB Newsletter",approximate,
JP,cb_gov_share,2024-03-31,48.0,"BoJ Flow of Funds / MoF JGB Newsletter",approximate,
JP,cb_gov_share,2025-03-31,46.0,"BoJ Flow of Funds / MoF JGB Newsletter (BoJ balance sheet runoff from Aug 2024)",approximate,
JP,foreign_share,2017-03-31,10.5,"BoJ Flow of Funds: overseas share of JGBs incl. T-bills",approximate,
JP,foreign_share,2019-03-31,12.5,"BoJ Flow of Funds",approximate,
JP,foreign_share,2021-03-31,13.0,"BoJ Flow of Funds",approximate,
JP,foreign_share,2023-03-31,13.5,"BoJ Flow of Funds",approximate,
JP,foreign_share,2025-03-31,13.0,"BoJ Flow of Funds",approximate,
AU,cb_gov_share,2017-06-30,5.0,"RBA holdings of AGS / AOFM data hub",approximate,
AU,cb_gov_share,2020-06-30,10.0,"RBA / AOFM",approximate,
AU,cb_gov_share,2021-06-30,30.0,"RBA / AOFM (bond purchase program + yield target)",approximate,
AU,cb_gov_share,2022-06-30,35.0,"RBA / AOFM",approximate,
AU,cb_gov_share,2024-06-30,28.0,"RBA / AOFM (runoff)",approximate,
AU,cb_gov_share,2025-06-30,24.0,"RBA / AOFM",approximate,
AU,foreign_share,2017-06-30,55.0,"ABS 5302.0 non-resident holdings of Commonwealth government securities",approximate,
AU,foreign_share,2020-06-30,48.0,"ABS 5302.0",approximate,
AU,foreign_share,2022-06-30,42.0,"ABS 5302.0",approximate,
AU,foreign_share,2024-06-30,45.0,"ABS 5302.0",approximate,
CA,cb_gov_share,2017-12-31,14.0,"Bank of Canada holdings of GoC securities / StatCan",approximate,
CA,cb_gov_share,2020-12-31,38.0,"Bank of Canada (GBPP)",approximate,
CA,cb_gov_share,2021-12-31,42.0,"Bank of Canada",approximate,
CA,cb_gov_share,2023-12-31,30.0,"Bank of Canada (QT)",approximate,
CA,cb_gov_share,2025-06-30,22.0,"Bank of Canada",approximate,
CA,foreign_share,2017-12-31,28.0,"StatCan Canada's international transactions in securities",approximate,
CA,foreign_share,2021-12-31,22.0,"StatCan",approximate,
CA,foreign_share,2024-12-31,28.0,"StatCan",approximate,
GB,cb_gov_share,2017-12-31,24.0,"BoE APF gilt holdings (~GBP 435bn) / DMO gilts in issue",approximate,
GB,cb_gov_share,2020-12-31,33.0,"BoE APF (~GBP 745bn) / DMO",approximate,
GB,cb_gov_share,2021-12-31,34.0,"BoE APF (GBP 875bn peak) / DMO",approximate,
GB,cb_gov_share,2023-12-31,30.0,"BoE APF (~GBP 740bn) / DMO",approximate,
GB,cb_gov_share,2024-12-31,26.0,"BoE APF (~GBP 650bn) / DMO",approximate,
GB,cb_gov_share,2025-09-30,22.0,"BoE APF (~GBP 560bn) / DMO",approximate,
GB,foreign_share,2017-12-31,27.0,"DMO distribution of gilt holdings: overseas",approximate,
GB,foreign_share,2021-12-31,28.0,"DMO",approximate,
GB,foreign_share,2024-12-31,32.0,"DMO",approximate,
CH,cb_gov_share,2017-12-31,0.0,"SNB holds no Confederation bonds",high,
CH,cb_gov_share,2024-12-31,0.0,"SNB",high,
CH,foreign_share,2017-12-31,15.0,"SNB / FFA",approximate,
CH,foreign_share,2024-12-31,15.0,"SNB / FFA",approximate,
DE,foreign_share,2017-12-31,50.0,"Bundesbank securities holdings statistics: non-resident share of Bunds",approximate,
DE,foreign_share,2021-12-31,45.0,"Bundesbank",approximate,
DE,foreign_share,2024-12-31,47.0,"Bundesbank",approximate,
FR,foreign_share,2017-12-31,55.0,"AFT / Banque de France: non-resident holders of OATs",approximate,
FR,foreign_share,2021-12-31,50.0,"AFT",approximate,
FR,foreign_share,2024-12-31,54.0,"AFT",approximate,
IT,foreign_share,2017-12-31,32.0,"Bank of Italy Financial Stability Report: non-resident share of Italian government securities",approximate,
IT,foreign_share,2021-12-31,27.0,"Bank of Italy",approximate,
IT,foreign_share,2024-12-31,30.0,"Bank of Italy",approximate,
NL,foreign_share,2017-12-31,45.0,"DNB / DSTA",approximate,
NL,foreign_share,2024-12-31,42.0,"DNB / DSTA",approximate,
GR,foreign_share,2017-12-31,80.0,"PDMA: official sector (EFSF/ESM/EU/IMF) plus private non-residents",approximate,
GR,foreign_share,2024-12-31,75.0,"PDMA",approximate,
