DATAFLOW,MEASURE,DATA_ITEM,TSEST,REGION,FREQ,TIME_PERIOD,OBS_VALUE,UNIT_MEASURE,UNIT_MULT,OBS_STATUS,OBS_COMMENT
ABS:ANA_AGG(1.0.0),M2,GPM_PCA,20,AUS,Q,2026-Q2,0,PCT,0,,
ABS:ANA_AGG(1.0.0),M3,GPM_PCA,20,AUS,Q,2026-Q2,26507,AUD,0,,
ABS:ANA_AGG(1.0.0),M5,GPM_PHW,20,AUS,Q,2026-Q2,99.7,IN,0,,
ABS:ANA_AGG(1.0.0),M5,GVA_MKT_PHW,30,AUS,Q,2026-Q2,100.5,IN,0,,
ABS:ANA_AGG(1.0.0),M6,GPM_MKT_HRW,10,AUS,Q,2026-Q2,6.5,PCT,0,,
ABS:ANA_AGG(1.0.0),M1,GPM,20,AUS,Q,2026-Q2,699461,AUD,6,,
ABS:ANA_AGG(1.0.0),M4,GPM,10,AUS,Q,2026-Q2,4.1,PCT,0,,
ABS:ANA_AGG(1.0.0),M1,GPM_PCA,30,AUS,Q,2026-Q2,24991,AUD,0,,
ABS:ANA_AGG(1.0.0),M1,NNDI_PCA,10,AUS,Q,2026-Q2,19596,AUD,0,,
ABS:ANA_AGG(1.0.0),M2,NNDI_PCA,10,AUS,Q,2026-Q2,5.4,PCT,0,,
ABS:ANA_AGG(1.0.0),M7,HSR,20,AUS,Q,2026-Q2,6.5,PROP,0,,
ABS:ANA_AGG(1.0.0),M1,GVA_MKT,30,AUS,Q,2026-Q2,470281,AUD,6,,
ABS:ANA_AGG(1.0.0),M1,NNDI,10,AUS,Q,2026-Q2,548785,AUD,6,,
ABS:ANA_AGG(1.0.0),M2,GVA_MKT,30,AUS,Q,2026-Q2,0.6,PCT,0,,
ABS:ANA_AGG(1.0.0),M1,NNDI_PCA,20,AUS,Q,2026-Q2,19409,AUD,0,,
ABS:ANA_AGG(1.0.0),M5,GPM,10,AUS,Q,2026-Q2,105.6,IN,0,,
ABS:ANA_AGG(1.0.0),M5,GPM_PHW,30,AUS,Q,2026-Q2,99.8,IN,0,,
ABS:ANA_AGG(1.0.0),M6,GVA_MKT_PHW,20,AUS,Q,2026-Q2,0.2,PCT,0,,
ABS:ANA_AGG(1.0.0),M7,HSR,10,AUS,Q,2026-Q2,3.1,PROP,0,,
ABS:ANA_AGG(1.0.0),M1,GPM,10,AUS,Q,2026-Q2,703981,AUD,6,,
ABS:ANA_AGG(1.0.0),M2,GPM,20,AUS,Q,2026-Q2,0.4,PCT,0,,
ABS:ANA_AGG(1.0.0),M2,GNI,10,AUS,Q,2026-Q2,4.7,PCT,0,,
ABS:ANA_AGG(1.0.0),M3,GNI,20,AUS,Q,2026-Q2,721089,AUD,6,,
ABS:ANA_AGG(1.0.0),M3,GPM_PCA,10,AUS,Q,2026-Q2,26461,AUD,0,,
ABS:ANA_AGG(1.0.0),M3,GPM_PCA,30,AUS,Q,2026-Q2,26558,AUD,0,,
ABS:ANA_AGG(1.0.0),M5,GPM_HRW,10,AUS,Q,2026-Q2,107.4,IN,0,,
ABS:ANA_AGG(1.0.0),M5,GPM_MKT_HRW,10,AUS,Q,2026-Q2,105.5,IN,0,,
ABS:ANA_AGG(1.0.0),M5,GPM_PHW,10,AUS,Q,2026-Q2,97.9,IN,0,,
ABS:ANA_AGG(1.0.0),M6,GPM_MKT_HRW,20,AUS,Q,2026-Q2,0.4,PCT,0,,
ABS:ANA_AGG(1.0.0),M6,GPM_PHW,20,AUS,Q,2026-Q2,0,PCT,0,,
ABS:ANA_AGG(1.0.0),M1,GNI,20,AUS,Q,2026-Q2,670018,AUD,6,,
ABS:ANA_AGG(1.0.0),M2,GNI,30,AUS,Q,2026-Q2,0.4,PCT,0,,
ABS:ANA_AGG(1.0.0),M3,GPM,10,AUS,Q,2026-Q2,741055,AUD,6,,
ABS:ANA_AGG(1.0.0),M3,SAV,20,AUS,Q,2026-Q2,24230,AUD,6,,
ABS:ANA_AGG(1.0.0),M2,GPM_PCA,10,AUS,Q,2026-Q2,4.5,PCT,0,,
ABS:ANA_AGG(1.0.0),M5,GPM_HRW,20,AUS,Q,2026-Q2,104.7,IN,0,,
ABS:ANA_AGG(1.0.0),M5,DFD,20,AUS,Q,2026-Q2,107.3,IN,0,,
ABS:ANA_AGG(1.0.0),M6,RULC_LAB_98,30,AUS,Q,2026-Q2,0.5,PCT,0,,
ABS:ANA_AGG(1.0.0),M6,TTR,10,AUS,Q,2026-Q2,-5.2,PCT,0,,
ABS:ANA_AGG(1.0.0),M7,HSR,30,AUS,Q,2026-Q2,6.6,PROP,0,,
ABS:ANA_AGG(1.0.0),M1,NDP,30,AUS,Q,2026-Q2,573684,AUD,6,,
ABS:ANA_AGG(1.0.0),M1,RDI,10,AUS,Q,2026-Q2,692130,AUD,6,,
ABS:ANA_AGG(1.0.0),M1,NNDI,20,AUS,Q,2026-Q2,543655,AUD,6,,
ABS:ANA_AGG(1.0.0),M2,GPM,30,AUS,Q,2026-Q2,0.4,PCT,0,,
ABS:ANA_AGG(1.0.0),M3,GNI,30,AUS,Q,2026-Q2,721471,AUD,6,,
ABS:ANA_AGG(1.0.0),M3,SAV,10,AUS,Q,2026-Q2,23203,AUD,6,,
ABS:ANA_AGG(1.0.0),M6,DFD,10,AUS,Q,2026-Q2,0.6,PCT,0,,
ABS:ANA_AGG(1.0.0),M6,DFD,20,AUS,Q,2026-Q2,0.6,PCT,0,,
ABS:ANA_AGG(1.0.0),M5,RULC_LAB,30,AUS,Q,2026-Q2,103.2,IN,0,,
ABS:ANA_AGG(1.0.0),M2,RDI,30,AUS,Q,2026-Q2,0.4,PCT,0,,
ABS:ANA_AGG(1.0.0),M2,NNDI,10,AUS,Q,2026-Q2,5.8,PCT,0,,
ABS:ANA_AGG(1.0.0),M2,NNDI,20,AUS,Q,2026-Q2,0,PCT,0,,
ABS:ANA_AGG(1.0.0),M1,GPM_PCA,20,AUS,Q,2026-Q2,24971,AUD,0,,
ABS:ANA_AGG(1.0.0),M6,GPM_HRW,10,AUS,Q,2026-Q2,8.5,PCT,0,,
ABS:ANA_AGG(1.0.0),M6,GPM_MKT_HRW,30,AUS,Q,2026-Q2,0.8,PCT,0,,
ABS:ANA_AGG(1.0.0),M5,TTR,20,AUS,Q,2026-Q2,94.8,IN,0,,
ABS:ANA_AGG(1.0.0),M6,GPM_PHW,10,AUS,Q,2026-Q2,-3.4,PCT,0,,
ABS:ANA_AGG(1.0.0),M6,GVA_MKT_PHW,30,AUS,Q,2026-Q2,-0.1,PCT,0,,
ABS:ANA_AGG(1.0.0),M1,GNI,10,AUS,Q,2026-Q2,675437,AUD,6,,
ABS:ANA_AGG(1.0.0),M3,GPM,20,AUS,Q,2026-Q2,742502,AUD,6,,
ABS:ANA_AGG(1.0.0),M6,GPM_HRW,30,AUS,Q,2026-Q2,0.6,PCT,0,,
ABS:ANA_AGG(1.0.0),M1,NNDI,30,AUS,Q,2026-Q2,544404,AUD,6,,
ABS:ANA_AGG(1.0.0),M2,NDP,10,AUS,Q,2026-Q2,5.8,PCT,0,,
ABS:ANA_AGG(1.0.0),M2,RDI,20,AUS,Q,2026-Q2,0,PCT,0,,
ABS:ANA_AGG(1.0.0),M5,DFD,10,AUS,Q,2026-Q2,107.3,IN,0,,
ABS:ANA_AGG(1.0.0),M5,TTR,30,AUS,Q,2026-Q2,95.3,IN,0,,
ABS:ANA_AGG(1.0.0),M6,TTR,20,AUS,Q,2026-Q2,-1.6,PCT,0,,
ABS:ANA_AGG(1.0.0),M1,GVA_MKT,10,AUS,Q,2026-Q2,470147,AUD,6,,
ABS:ANA_AGG(1.0.0),M1,NDP,10,AUS,Q,2026-Q2,577848,AUD,6,,
ABS:ANA_AGG(1.0.0),M1,NDP,20,AUS,Q,2026-Q2,573328,AUD,6,,
ABS:ANA_AGG(1.0.0),M1,RDI,20,AUS,Q,2026-Q2,690389,AUD,6,,
ABS:ANA_AGG(1.0.0),M2,NNDI,30,AUS,Q,2026-Q2,0.3,PCT,0,,
ABS:ANA_AGG(1.0.0),M2,NNDI_PCA,30,AUS,Q,2026-Q2,0,PCT,0,,
ABS:ANA_AGG(1.0.0),M5,GVA_MKT_PHW,10,AUS,Q,2026-Q2,98.8,IN,0,,
ABS:ANA_AGG(1.0.0),M6,GPM,20,AUS,Q,2026-Q2,-0.6,PCT,0,,
ABS:ANA_AGG(1.0.0),M2,NDP,20,AUS,Q,2026-Q2,0.4,PCT,0,,
ABS:ANA_AGG(1.0.0),M3,GPM,30,AUS,Q,2026-Q2,743733,AUD,6,,
ABS:ANA_AGG(1.0.0),M5,GPM_HRW,30,AUS,Q,2026-Q2,104.7,IN,0,,
ABS:ANA_AGG(1.0.0),M6,GPM_HRW,20,AUS,Q,2026-Q2,0.4,PCT,0,,
ABS:ANA_AGG(1.0.0),M5,GPM,20,AUS,Q,2026-Q2,105.6,IN,0,,
ABS:ANA_AGG(1.0.0),M5,GPM_MKT_HRW,30,AUS,Q,2026-Q2,103.8,IN,0,,
ABS:ANA_AGG(1.0.0),M6,GPM_PHW,30,AUS,Q,2026-Q2,-0.2,PCT,0,,
ABS:ANA_AGG(1.0.0),M2,GVA_MKT,20,AUS,Q,2026-Q2,0.6,PCT,0,,
ABS:ANA_AGG(1.0.0),M4,GPM,20,AUS,Q,2026-Q2,0.8,PCT,0,,
ABS:ANA_AGG(1.0.0),M1,GPM_PCA,10,AUS,Q,2026-Q2,25137,AUD,0,,
ABS:ANA_AGG(1.0.0),M2,NNDI_PCA,20,AUS,Q,2026-Q2,-0.4,PCT,0,,
ABS:ANA_AGG(1.0.0),M5,GVA_MKT_PHW,20,AUS,Q,2026-Q2,100.4,IN,0,,
ABS:ANA_AGG(1.0.0),M6,GPM,10,AUS,Q,2026-Q2,-0.6,PCT,0,,
ABS:ANA_AGG(1.0.0),M5,RULC_LAB_98,30,AUS,Q,2026-Q2,103.9,IN,0,,
ABS:ANA_AGG(1.0.0),M5,TTR,10,AUS,Q,2026-Q2,93.2,IN,0,,
ABS:ANA_AGG(1.0.0),M1,GPM,30,AUS,Q,2026-Q2,699757,AUD,6,,
ABS:ANA_AGG(1.0.0),M1,GVA_MKT,20,AUS,Q,2026-Q2,470004,AUD,6,,
ABS:ANA_AGG(1.0.0),M2,NDP,30,AUS,Q,2026-Q2,0.4,PCT,0,,
ABS:ANA_AGG(1.0.0),M2,RDI,10,AUS,Q,2026-Q2,3.5,PCT,0,,
ABS:ANA_AGG(1.0.0),M2,GPM_PCA,30,AUS,Q,2026-Q2,0.1,PCT,0,,
ABS:ANA_AGG(1.0.0),M5,GPM_MKT_HRW,20,AUS,Q,2026-Q2,103.7,IN,0,,
ABS:ANA_AGG(1.0.0),M6,RULC_LAB,30,AUS,Q,2026-Q2,0.4,PCT,0,,
ABS:ANA_AGG(1.0.0),M6,TTR,30,AUS,Q,2026-Q2,-0.8,PCT,0,,
ABS:ANA_AGG(1.0.0),M1,RDI,30,AUS,Q,2026-Q2,691741,AUD,6,,
ABS:ANA_AGG(1.0.0),M1,GNI,30,AUS,Q,2026-Q2,670817,AUD,6,,
ABS:ANA_AGG(1.0.0),M2,GVA_MKT,10,AUS,Q,2026-Q2,4.8,PCT,0,,
ABS:ANA_AGG(1.0.0),M3,GNI,10,AUS,Q,2026-Q2,720253,AUD,6,,
ABS:ANA_AGG(1.0.0),M3,SAV,30,AUS,Q,2026-Q2,25023,AUD,6,,
ABS:ANA_AGG(1.0.0),M1,NNDI_PCA,30,AUS,Q,2026-Q2,19442,AUD,0,,
ABS:ANA_AGG(1.0.0),M6,GVA_MKT_PHW,10,AUS,Q,2026-Q2,-1.7,PCT,0,,
ABS:ANA_AGG(1.0.0),M2,GPM,10,AUS,Q,2026-Q2,4.8,PCT,0,,
ABS:ANA_AGG(1.0.0),M2,GNI,20,AUS,Q,2026-Q2,0.1,PCT,0,,
ABS:ANA_AGG(1.0.0),M4,GPM,30,AUS,Q,2026-Q2,0.9,PCT,0,,
