DATAFLOW,MEASURE,DATA_ITEM,TSEST,FREQ,TIME_PERIOD,OBS_VALUE,UNIT_MEASURE,UNIT_MULT,OBS_STATUS,OBS_COMMENT
ABS:BOP(1.0.0),5,1000,10,Q,2026-Q2,97.5,IN,0,,
ABS:BOP(1.0.0),2,120,10,Q,2026-Q2,-167634,AUD,6,,
ABS:BOP(1.0.0),1,1400,10,Q,2026-Q2,43664,AUD,6,,
ABS:BOP(1.0.0),1,2050,10,Q,2026-Q2,-129017,AUD,6,,
ABS:BOP(1.0.0),1,3450,10,Q,2026-Q2,-511,AUD,6,,
ABS:BOP(1.0.0),3,4200,10,Q,2026-Q2,93.4,IN,0,,
ABS:BOP(1.0.0),2,4450,10,Q,2026-Q2,1410,AUD,6,,
ABS:BOP(1.0.0),1,4658,10,Q,2026-Q2,61,AUD,6,,
ABS:BOP(1.0.0),1,4710,10,Q,2026-Q2,,AUD,6,q,
ABS:BOP(1.0.0),1,4777,10,Q,2026-Q2,0,AUD,6,,
ABS:BOP(1.0.0),1,5112,10,Q,2026-Q2,414,AUD,6,,
ABS:BOP(1.0.0),1,5273,10,Q,2026-Q2,100,AUD,6,,
ABS:BOP(1.0.0),1,6100,10,Q,2026-Q2,-399,AUD,6,,
ABS:BOP(1.0.0),2,6150,10,Q,2026-Q2,-7518,AUD,6,,
ABS:BOP(1.0.0),1,6757,10,Q,2026-Q2,-9,AUD,6,,
ABS:BOP(1.0.0),1,6860,10,Q,2026-Q2,-32,AUD,6,,
ABS:BOP(1.0.0),1,7064,10,Q,2026-Q2,-261,AUD,6,,
ABS:BOP(1.0.0),1,7220,10,Q,2026-Q2,-1509,AUD,6,,
ABS:BOP(1.0.0),2,7300,10,Q,2026-Q2,-559,AUD,6,,
ABS:BOP(1.0.0),1,7330,10,Q,2026-Q2,,AUD,6,q,
ABS:BOP(1.0.0),1,8110,10,Q,2026-Q2,3922,AUD,6,,
ABS:BOP(1.0.0),1,8170,10,Q,2026-Q2,771,AUD,6,,
ABS:BOP(1.0.0),1,8400,10,Q,2026-Q2,65,AUD,6,,
ABS:BOP(1.0.0),1,8540,10,Q,2026-Q2,0,AUD,6,,
ABS:BOP(1.0.0),1,8710,10,Q,2026-Q2,30738,AUD,6,,
ABS:BOP(1.0.0),1,8840,10,Q,2026-Q2,219882,AUD,6,,
ABS:BOP(1.0.0),1,100,20,Q,2026-Q2,-27220,AUD,6,,
ABS:BOP(1.0.0),1,1050,20,Q,2026-Q2,119212,AUD,6,,
ABS:BOP(1.0.0),2,110,20,Q,2026-Q2,173452,AUD,6,,
ABS:BOP(1.0.0),3,1150,20,Q,2026-Q2,138.3,IN,0,,
ABS:BOP(1.0.0),2,1650,20,Q,2026-Q2,1433,AUD,6,,
ABS:BOP(1.0.0),3,1700,20,Q,2026-Q2,100.4,IN,0,,
ABS:BOP(1.0.0),1,1780,20,Q,2026-Q2,,AUD,6,n,
ABS:BOP(1.0.0),2,2300,20,Q,2026-Q2,-6222,AUD,6,,
ABS:BOP(1.0.0),3,2350,20,Q,2026-Q2,98.6,IN,0,,
ABS:BOP(1.0.0),2,2850,20,Q,2026-Q2,-697,AUD,6,,
ABS:BOP(1.0.0),3,2900,20,Q,2026-Q2,151.9,IN,0,,
ABS:BOP(1.0.0),1,3100,20,Q,2026-Q2,-6542,AUD,6,,
ABS:BOP(1.0.0),3,3450,20,Q,2026-Q2,107.6,IN,0,,
ABS:BOP(1.0.0),2,4100,20,Q,2026-Q2,6,AUD,6,,
ABS:BOP(1.0.0),3,4150,20,Q,2026-Q2,104.7,IN,0,,
ABS:BOP(1.0.0),2,4550,20,Q,2026-Q2,11502,AUD,6,,
ABS:BOP(1.0.0),1,6300,20,Q,2026-Q2,-213,AUD,6,,
ABS:BOP(1.0.0),2,6350,20,Q,2026-Q2,-40,AUD,6,,
ABS:BOP(1.0.0),1,8100,20,Q,2026-Q2,-253,AUD,6,,
ABS:BOP(1.0.0),1,170,30,Q,2026-Q2,4782,AUD,6,,
ABS:BOP(1.0.0),1,5450,30,Q,2026-Q2,22675,AUD,6,,
ABS:BOP(1.0.0),1,6250,30,Q,2026-Q2,-4549,AUD,6,,
ABS:BOP(1.0.0),1,110,10,Q,2026-Q2,172885,AUD,6,,
ABS:BOP(1.0.0),1,1800,10,Q,2026-Q2,1185,AUD,6,,
ABS:BOP(1.0.0),1,2600,10,Q,2026-Q2,-4188,AUD,6,,
ABS:BOP(1.0.0),1,3150,10,Q,2026-Q2,-1413,AUD,6,,
ABS:BOP(1.0.0),1,4400,10,Q,2026-Q2,19391,AUD,6,,
ABS:BOP(1.0.0),2,4650,10,Q,2026-Q2,238,AUD,6,,
ABS:BOP(1.0.0),3,4650,10,Q,2026-Q2,109.8,IN,0,,
ABS:BOP(1.0.0),1,4870,10,Q,2026-Q2,53,AUD,6,,
ABS:BOP(1.0.0),1,5050,10,Q,2026-Q2,2608,AUD,6,,
ABS:BOP(1.0.0),1,5123,10,Q,2026-Q2,31,AUD,6,,
ABS:BOP(1.0.0),1,5211,10,Q,2026-Q2,4,AUD,6,,
ABS:BOP(1.0.0),1,5300,10,Q,2026-Q2,279,AUD,6,,
ABS:BOP(1.0.0),2,5300,10,Q,2026-Q2,251,AUD,6,,
ABS:BOP(1.0.0),5,6000,10,Q,2026-Q2,101.7,IN,0,,
ABS:BOP(1.0.0),2,6400,10,Q,2026-Q2,-15364,AUD,6,,
ABS:BOP(1.0.0),3,6450,10,Q,2026-Q2,98.7,IN,0,,
ABS:BOP(1.0.0),1,6658,10,Q,2026-Q2,-105,AUD,6,,
ABS:BOP(1.0.0),1,6777,10,Q,2026-Q2,0,AUD,6,,
ABS:BOP(1.0.0),1,6920,10,Q,2026-Q2,-183,AUD,6,,
ABS:BOP(1.0.0),1,7112,10,Q,2026-Q2,-613,AUD,6,,
ABS:BOP(1.0.0),1,7133,10,Q,2026-Q2,-1,AUD,6,,
ABS:BOP(1.0.0),1,7272,10,Q,2026-Q2,-1,AUD,6,,
ABS:BOP(1.0.0),1,7273,10,Q,2026-Q2,-27,AUD,6,,
ABS:BOP(1.0.0),1,8240,10,Q,2026-Q2,-412,AUD,6,,
ABS:BOP(1.0.0),1,8250,10,Q,2026-Q2,-412,AUD,6,,
ABS:BOP(1.0.0),1,8600,10,Q,2026-Q2,-2372,AUD,6,,
ABS:BOP(1.0.0),1,8810,10,Q,2026-Q2,-3128,AUD,6,,
ABS:BOP(1.0.0),1,8815,10,Q,2026-Q2,18268,AUD,6,,
ABS:BOP(1.0.0),2,1100,20,Q,2026-Q2,17250,AUD,6,,
ABS:BOP(1.0.0),3,120,20,Q,2026-Q2,106.1,IN,0,,
ABS:BOP(1.0.0),1,1600,20,Q,2026-Q2,4034,AUD,6,,
ABS:BOP(1.0.0),2,1800,20,Q,2026-Q2,1038,AUD,6,,
ABS:BOP(1.0.0),3,1850,20,Q,2026-Q2,88.7,IN,0,,
ABS:BOP(1.0.0),1,2250,20,Q,2026-Q2,-11688,AUD,6,,
ABS:BOP(1.0.0),1,2800,20,Q,2026-Q2,-59456,AUD,6,,
ABS:BOP(1.0.0),2,3150,20,Q,2026-Q2,-1504,AUD,6,,
ABS:BOP(1.0.0),3,3150,20,Q,2026-Q2,98.9,IN,0,,
ABS:BOP(1.0.0),3,3200,20,Q,2026-Q2,88.1,IN,0,,
ABS:BOP(1.0.0),1,4050,20,Q,2026-Q2,0,AUD,6,,
ABS:BOP(1.0.0),2,4400,20,Q,2026-Q2,19592,AUD,6,,
ABS:BOP(1.0.0),3,4400,20,Q,2026-Q2,110.6,IN,0,,
ABS:BOP(1.0.0),3,6100,20,Q,2026-Q2,99.6,IN,0,,
ABS:BOP(1.0.0),2,6550,20,Q,2026-Q2,-18960,AUD,6,,
ABS:BOP(1.0.0),3,6550,20,Q,2026-Q2,106.7,IN,0,,
ABS:BOP(1.0.0),1,4250,30,Q,2026-Q2,126,AUD,6,,
ABS:BOP(1.0.0),1,7450,30,Q,2026-Q2,-20926,AUD,6,,
ABS:BOP(1.0.0),1,8450,10,A,2026,-4784,AUD,6,,
ABS:BOP(1.0.0),1,8610,10,A,2026,-35,AUD,6,,
ABS:BOP(1.0.0),1,8720,10,A,2026,-204130,AUD,6,,
ABS:BOP(1.0.0),1,8845,10,A,2026,-688698,AUD,6,,
ABS:BOP(1.0.0),1,2450,30,Q,2026-Q2,-28983,AUD,6,,
ABS:BOP(1.0.0),1,1150,10,Q,2026-Q2,7884,AUD,6,,
ABS:BOP(1.0.0),1,120,10,Q,2026-Q2,-179248,AUD,6,,
ABS:BOP(1.0.0),1,2300,10,Q,2026-Q2,-5319,AUD,6,,
ABS:BOP(1.0.0),1,3200,10,Q,2026-Q2,-648,AUD,6,,
ABS:BOP(1.0.0),1,3400,10,Q,2026-Q2,-16067,AUD,6,,
ABS:BOP(1.0.0),3,4250,10,Q,2026-Q2,97.3,IN,0,,
ABS:BOP(1.0.0),1,4778,10,Q,2026-Q2,37,AUD,6,,
ABS:BOP(1.0.0),1,4860,10,Q,2026-Q2,32,AUD,6,,
ABS:BOP(1.0.0),1,4921,10,Q,2026-Q2,30,AUD,6,,
ABS:BOP(1.0.0),1,5000,10,Q,2026-Q2,492,AUD,6,,
ABS:BOP(1.0.0),1,5065,10,Q,2026-Q2,1297,AUD,6,,
ABS:BOP(1.0.0),1,5283,10,Q,2026-Q2,2,AUD,6,,
ABS:BOP(1.0.0),1,5350,10,Q,2026-Q2,772,AUD,6,,
ABS:BOP(1.0.0),2,6100,10,Q,2026-Q2,-401,AUD,6,,
ABS:BOP(1.0.0),1,6400,10,Q,2026-Q2,-15252,AUD,6,,
ABS:BOP(1.0.0),1,6776,10,Q,2026-Q2,0,AUD,6,,
ABS:BOP(1.0.0),1,6912,10,Q,2026-Q2,-113,AUD,6,,
ABS:BOP(1.0.0),1,7050,10,Q,2026-Q2,-6425,AUD,6,,
ABS:BOP(1.0.0),1,7132,10,Q,2026-Q2,-40,AUD,6,,
ABS:BOP(1.0.0),1,7215,10,Q,2026-Q2,-44,AUD,6,,
ABS:BOP(1.0.0),1,7300,10,Q,2026-Q2,-541,AUD,6,,
ABS:BOP(1.0.0),3,7300,10,Q,2026-Q2,96.8,IN,0,,
ABS:BOP(1.0.0),1,8120,10,Q,2026-Q2,1956,AUD,6,,
ABS:BOP(1.0.0),1,8530,10,Q,2026-Q2,0,AUD,6,,
ABS:BOP(1.0.0),1,8845,10,Q,2026-Q2,-217150,AUD,6,,
ABS:BOP(1.0.0),3,110,20,Q,2026-Q2,100.6,IN,0,,
ABS:BOP(1.0.0),3,1450,20,Q,2026-Q2,79.5,IN,0,,
ABS:BOP(1.0.0),2,1700,20,Q,2026-Q2,6929,AUD,6,,
ABS:BOP(1.0.0),2,1780,20,Q,2026-Q2,,AUD,6,n,
ABS:BOP(1.0.0),1,1900,20,Q,2026-Q2,18694,AUD,6,,
ABS:BOP(1.0.0),3,2300,20,Q,2026-Q2,93.7,IN,0,,
ABS:BOP(1.0.0),1,2500,20,Q,2026-Q2,-9364,AUD,6,,
ABS:BOP(1.0.0),2,2600,20,Q,2026-Q2,-5587,AUD,6,,
ABS:BOP(1.0.0),3,2600,20,Q,2026-Q2,82.4,IN,0,,
ABS:BOP(1.0.0),1,2850,20,Q,2026-Q2,-904,AUD,6,,
ABS:BOP(1.0.0),3,3500,20,Q,2026-Q2,125.7,IN,0,,
ABS:BOP(1.0.0),2,4150,20,Q,2026-Q2,2228,AUD,6,,
ABS:BOP(1.0.0),2,4350,20,Q,2026-Q2,394,AUD,6,,
ABS:BOP(1.0.0),1,6050,20,Q,2026-Q2,0,AUD,6,,
ABS:BOP(1.0.0),2,6050,20,Q,2026-Q2,0,AUD,6,,
ABS:BOP(1.0.0),1,8700,20,Q,2026-Q2,-21863,AUD,6,,
ABS:BOP(1.0.0),1,180,30,Q,2026-Q2,-9706,AUD,6,,
ABS:BOP(1.0.0),1,8815,10,A,2026,67753,AUD,6,,
ABS:BOP(1.0.0),1,8850,10,A,2026,58539,AUD,6,,
ABS:BOP(1.0.0),1,1700,10,Q,2026-Q2,7108,AUD,6,,
ABS:BOP(1.0.0),1,2850,10,Q,2026-Q2,-889,AUD,6,,
ABS:BOP(1.0.0),1,4150,10,Q,2026-Q2,2175,AUD,6,,
ABS:BOP(1.0.0),2,4150,10,Q,2026-Q2,2069,AUD,6,,
ABS:BOP(1.0.0),3,4150,10,Q,2026-Q2,105.1,IN,0,,
ABS:BOP(1.0.0),2,4500,10,Q,2026-Q2,16083,AUD,6,,
ABS:BOP(1.0.0),3,4500,10,Q,2026-Q2,111.2,IN,0,,
ABS:BOP(1.0.0),1,4600,10,Q,2026-Q2,51,AUD,6,,
ABS:BOP(1.0.0),1,4757,10,Q,2026-Q2,0,AUD,6,,
ABS:BOP(1.0.0),1,5133,10,Q,2026-Q2,41,AUD,6,,
ABS:BOP(1.0.0),1,5220,10,Q,2026-Q2,178,AUD,6,,
ABS:BOP(1.0.0),1,5274,10,Q,2026-Q2,96,AUD,6,,
ABS:BOP(1.0.0),3,6200,10,Q,2026-Q2,98,IN,0,,
ABS:BOP(1.0.0),2,6550,10,Q,2026-Q2,-19441,AUD,6,,
ABS:BOP(1.0.0),2,6650,10,Q,2026-Q2,-334,AUD,6,,
ABS:BOP(1.0.0),3,6650,10,Q,2026-Q2,104.8,IN,0,,
ABS:BOP(1.0.0),1,6700,10,Q,2026-Q2,-880,AUD,6,,
ABS:BOP(1.0.0),2,6700,10,Q,2026-Q2,-879,AUD,6,,
ABS:BOP(1.0.0),1,6760,10,Q,2026-Q2,0,AUD,6,,
ABS:BOP(1.0.0),1,6850,10,Q,2026-Q2,-231,AUD,6,,
ABS:BOP(1.0.0),1,6870,10,Q,2026-Q2,-199,AUD,6,,
ABS:BOP(1.0.0),1,6950,10,Q,2026-Q2,-8908,AUD,6,,
ABS:BOP(1.0.0),1,7122,10,Q,2026-Q2,-2,AUD,6,,
ABS:BOP(1.0.0),1,7210,10,Q,2026-Q2,-354,AUD,6,,
ABS:BOP(1.0.0),1,7250,10,Q,2026-Q2,-276,AUD,6,,
ABS:BOP(1.0.0),1,7282,10,Q,2026-Q2,-32,AUD,6,,
ABS:BOP(1.0.0),1,8650,10,Q,2026-Q2,-2361,AUD,6,,
ABS:BOP(1.0.0),1,8670,10,Q,2026-Q2,0,AUD,6,,
ABS:BOP(1.0.0),1,8700,10,Q,2026-Q2,-17885,AUD,6,,
ABS:BOP(1.0.0),1,8835,10,Q,2026-Q2,2731,AUD,6,,
ABS:BOP(1.0.0),1,8900,10,Q,2026-Q2,19507,AUD,6,,
ABS:BOP(1.0.0),1,110,20,Q,2026-Q2,174487,AUD,6,,
ABS:BOP(1.0.0),1,1350,20,Q,2026-Q2,99944,AUD,6,,
ABS:BOP(1.0.0),2,1350,20,Q,2026-Q2,113331,AUD,6,,
ABS:BOP(1.0.0),2,2050,20,Q,2026-Q2,-123050,AUD,6,,
ABS:BOP(1.0.0),3,2050,20,Q,2026-Q2,105,IN,0,,
ABS:BOP(1.0.0),3,2850,20,Q,2026-Q2,129.7,IN,0,,
ABS:BOP(1.0.0),3,2950,20,Q,2026-Q2,131.6,IN,0,,
ABS:BOP(1.0.0),1,3050,20,Q,2026-Q2,-284,AUD,6,,
ABS:BOP(1.0.0),1,3400,20,Q,2026-Q2,-15883,AUD,6,,
ABS:BOP(1.0.0),2,3400,20,Q,2026-Q2,-13982,AUD,6,,
ABS:BOP(1.0.0),3,3400,20,Q,2026-Q2,113.6,IN,0,,
ABS:BOP(1.0.0),1,4350,20,Q,2026-Q2,473,AUD,6,,
ABS:BOP(1.0.0),2,6300,20,Q,2026-Q2,-208,AUD,6,,
ABS:BOP(1.0.0),2,6400,20,Q,2026-Q2,-15860,AUD,6,,
ABS:BOP(1.0.0),3,6400,20,Q,2026-Q2,99.2,IN,0,,
ABS:BOP(1.0.0),1,1000,30,Q,2026-Q2,136735,AUD,6,,
ABS:BOP(1.0.0),1,4000,30,Q,2026-Q2,36615,AUD,6,,
ABS:BOP(1.0.0),1,120,10,A,2026,-688525,AUD,6,,
ABS:BOP(1.0.0),1,8900,10,A,2026,11886,AUD,6,,
ABS:BOP(1.0.0),1,4050,10,Q,2026-Q2,0,AUD,6,,
ABS:BOP(1.0.0),2,4250,10,Q,2026-Q2,134,AUD,6,,
ABS:BOP(1.0.0),2,4550,10,Q,2026-Q2,11454,AUD,6,,
ABS:BOP(1.0.0),1,4650,10,Q,2026-Q2,261,AUD,6,,
ABS:BOP(1.0.0),1,4756,10,Q,2026-Q2,2643,AUD,6,,
ABS:BOP(1.0.0),1,4900,10,Q,2026-Q2,1096,AUD,6,,
ABS:BOP(1.0.0),1,4912,10,Q,2026-Q2,112,AUD,6,,
ABS:BOP(1.0.0),1,5070,10,Q,2026-Q2,97,AUD,6,,
ABS:BOP(1.0.0),1,5132,10,Q,2026-Q2,0,AUD,6,,
ABS:BOP(1.0.0),1,5260,10,Q,2026-Q2,4,AUD,6,,
ABS:BOP(1.0.0),3,6100,10,Q,2026-Q2,99.6,IN,0,,
ABS:BOP(1.0.0),1,6150,10,Q,2026-Q2,-7211,AUD,6,,
ABS:BOP(1.0.0),2,6200,10,Q,2026-Q2,-2385,AUD,6,,
ABS:BOP(1.0.0),1,6510,10,Q,2026-Q2,-14187,AUD,6,,
ABS:BOP(1.0.0),1,6656,10,Q,2026-Q2,-67,AUD,6,,
ABS:BOP(1.0.0),1,6660,10,Q,2026-Q2,-75,AUD,6,,
ABS:BOP(1.0.0),1,6720,10,Q,2026-Q2,,AUD,6,q,
ABS:BOP(1.0.0),1,6775,10,Q,2026-Q2,-396,AUD,6,,
ABS:BOP(1.0.0),1,6921,10,Q,2026-Q2,-67,AUD,6,,
ABS:BOP(1.0.0),1,7110,10,Q,2026-Q2,-707,AUD,6,,
ABS:BOP(1.0.0),1,7200,10,Q,2026-Q2,-1863,AUD,6,,
ABS:BOP(1.0.0),1,7274,10,Q,2026-Q2,-49,AUD,6,,
ABS:BOP(1.0.0),1,8100,10,Q,2026-Q2,-555,AUD,6,,
ABS:BOP(1.0.0),1,8550,10,Q,2026-Q2,0,AUD,6,,
ABS:BOP(1.0.0),1,1000,20,Q,2026-Q2,138091,AUD,6,,
ABS:BOP(1.0.0),3,1200,20,Q,2026-Q2,86.7,IN,0,,
ABS:BOP(1.0.0),1,1400,20,Q,2026-Q2,41998,AUD,6,,
ABS:BOP(1.0.0),3,1780,20,Q,2026-Q2,,IN,0,n,
ABS:BOP(1.0.0),2,1900,20,Q,2026-Q2,9335,AUD,6,,
ABS:BOP(1.0.0),3,2550,20,Q,2026-Q2,99.3,IN,0,,
ABS:BOP(1.0.0),1,2600,20,Q,2026-Q2,-4603,AUD,6,,
ABS:BOP(1.0.0),2,2650,20,Q,2026-Q2,-2091,AUD,6,,
ABS:BOP(1.0.0),3,3250,20,Q,2026-Q2,90.3,IN,0,,
ABS:BOP(1.0.0),2,3350,20,Q,2026-Q2,-1614,AUD,6,,
ABS:BOP(1.0.0),1,3450,20,Q,2026-Q2,-511,AUD,6,,
ABS:BOP(1.0.0),3,4350,20,Q,2026-Q2,120,IN,0,,
ABS:BOP(1.0.0),2,6000,20,Q,2026-Q2,-42868,AUD,6,,
ABS:BOP(1.0.0),1,6100,20,Q,2026-Q2,-399,AUD,6,,
ABS:BOP(1.0.0),1,100,30,Q,2026-Q2,-27574,AUD,6,,
ABS:BOP(1.0.0),1,1350,30,Q,2026-Q2,97074,AUD,6,,
ABS:BOP(1.0.0),1,8110,10,A,2026,15101,AUD,6,,
ABS:BOP(1.0.0),1,8825,10,A,2026,-266425,AUD,6,,
ABS:BOP(1.0.0),1,4050,30,Q,2026-Q2,0,AUD,6,,
ABS:BOP(1.0.0),1,100,10,Q,2026-Q2,-24803,AUD,6,,
ABS:BOP(1.0.0),1,1450,10,Q,2026-Q2,19217,AUD,6,,
ABS:BOP(1.0.0),1,1780,10,Q,2026-Q2,,AUD,6,n,
ABS:BOP(1.0.0),1,2100,10,Q,2026-Q2,-37431,AUD,6,,
ABS:BOP(1.0.0),1,2550,10,Q,2026-Q2,-6315,AUD,6,,
ABS:BOP(1.0.0),1,3500,10,Q,2026-Q2,-804,AUD,6,,
ABS:BOP(1.0.0),3,4300,10,Q,2026-Q2,112.6,IN,0,,
ABS:BOP(1.0.0),1,4350,10,Q,2026-Q2,441,AUD,6,,
ABS:BOP(1.0.0),2,4400,10,Q,2026-Q2,17494,AUD,6,,
ABS:BOP(1.0.0),1,5212,10,Q,2026-Q2,60,AUD,6,,
ABS:BOP(1.0.0),1,5272,10,Q,2026-Q2,109,AUD,6,,
ABS:BOP(1.0.0),2,6050,10,Q,2026-Q2,0,AUD,6,,
ABS:BOP(1.0.0),3,6400,10,Q,2026-Q2,99.3,IN,0,,
ABS:BOP(1.0.0),2,6500,10,Q,2026-Q2,-14363,AUD,6,,
ABS:BOP(1.0.0),1,6756,10,Q,2026-Q2,-4754,AUD,6,,
ABS:BOP(1.0.0),1,7062,10,Q,2026-Q2,-411,AUD,6,,
ABS:BOP(1.0.0),1,7113,10,Q,2026-Q2,-18,AUD,6,,
ABS:BOP(1.0.0),1,7214,10,Q,2026-Q2,-5,AUD,6,,
ABS:BOP(1.0.0),1,7312,10,Q,2026-Q2,,AUD,6,q,
ABS:BOP(1.0.0),1,8130,10,Q,2026-Q2,1966,AUD,6,,
ABS:BOP(1.0.0),1,8520,10,Q,2026-Q2,0,AUD,6,,
ABS:BOP(1.0.0),1,8620,10,Q,2026-Q2,-2361,AUD,6,,
ABS:BOP(1.0.0),1,8805,10,Q,2026-Q2,15140,AUD,6,,
ABS:BOP(1.0.0),1,8850,10,Q,2026-Q2,74855,AUD,6,,
ABS:BOP(1.0.0),2,1050,20,Q,2026-Q2,130581,AUD,6,,
ABS:BOP(1.0.0),1,1150,20,Q,2026-Q2,7717,AUD,6,,
ABS:BOP(1.0.0),2,120,20,Q,2026-Q2,-169188,AUD,6,,
ABS:BOP(1.0.0),1,170,20,Q,2026-Q2,2214,AUD,6,,
ABS:BOP(1.0.0),2,1850,20,Q,2026-Q2,208,AUD,6,,
ABS:BOP(1.0.0),3,2150,20,Q,2026-Q2,108.7,IN,0,,
ABS:BOP(1.0.0),2,2250,20,Q,2026-Q2,-11444,AUD,6,,
ABS:BOP(1.0.0),1,2300,20,Q,2026-Q2,-5832,AUD,6,,
ABS:BOP(1.0.0),1,2350,20,Q,2026-Q2,-2258,AUD,6,,
ABS:BOP(1.0.0),1,2750,20,Q,2026-Q2,-4220,AUD,6,,
ABS:BOP(1.0.0),1,3200,20,Q,2026-Q2,-684,AUD,6,,
ABS:BOP(1.0.0),2,4000,20,Q,2026-Q2,33328,AUD,6,,
ABS:BOP(1.0.0),3,4050,20,Q,2026-Q2,0,IN,0,,
ABS:BOP(1.0.0),1,4100,20,Q,2026-Q2,6,AUD,6,,
ABS:BOP(1.0.0),1,2800,30,Q,2026-Q2,-57495,AUD,6,,
ABS:BOP(1.0.0),1,6300,30,Q,2026-Q2,-201,AUD,6,,
ABS:BOP(1.0.0),1,8710,10,A,2026,118595,AUD,6,,
ABS:BOP(1.0.0),1,8800,10,A,2026,87706,AUD,6,,
ABS:BOP(1.0.0),1,8840,10,A,2026,680854,AUD,6,,
ABS:BOP(1.0.0),5,110,10,Q,2026-Q2,99.7,IN,0,,
ABS:BOP(1.0.0),2,130,10,Q,2026-Q2,5900,AUD,6,,
ABS:BOP(1.0.0),1,1650,10,Q,2026-Q2,1610,AUD,6,,
ABS:BOP(1.0.0),1,1770,10,Q,2026-Q2,,AUD,6,n,
ABS:BOP(1.0.0),2,4000,10,Q,2026-Q2,31023,AUD,6,,
ABS:BOP(1.0.0),2,4200,10,Q,2026-Q2,828,AUD,6,,
ABS:BOP(1.0.0),1,4300,10,Q,2026-Q2,831,AUD,6,,
ABS:BOP(1.0.0),1,4660,10,Q,2026-Q2,12,AUD,6,,
ABS:BOP(1.0.0),1,4700,10,Q,2026-Q2,1400,AUD,6,,
ABS:BOP(1.0.0),1,4779,10,Q,2026-Q2,172,AUD,6,,
ABS:BOP(1.0.0),1,4950,10,Q,2026-Q2,5165,AUD,6,,
ABS:BOP(1.0.0),1,5113,10,Q,2026-Q2,0,AUD,6,,
ABS:BOP(1.0.0),1,5122,10,Q,2026-Q2,26,AUD,6,,
ABS:BOP(1.0.0),1,5213,10,Q,2026-Q2,4,AUD,6,,
ABS:BOP(1.0.0),1,5250,10,Q,2026-Q2,595,AUD,6,,
ABS:BOP(1.0.0),1,5312,10,Q,2026-Q2,,AUD,6,q,
ABS:BOP(1.0.0),3,6150,10,Q,2026-Q2,95.9,IN,0,,
ABS:BOP(1.0.0),1,6350,10,Q,2026-Q2,-48,AUD,6,,
ABS:BOP(1.0.0),3,6350,10,Q,2026-Q2,123.4,IN,0,,
ABS:BOP(1.0.0),2,6450,10,Q,2026-Q2,-1001,AUD,6,,
ABS:BOP(1.0.0),1,6665,10,Q,2026-Q2,-81,AUD,6,,
ABS:BOP(1.0.0),1,6710,10,Q,2026-Q2,,AUD,6,q,
ABS:BOP(1.0.0),1,7063,10,Q,2026-Q2,-69,AUD,6,,
ABS:BOP(1.0.0),1,7260,10,Q,2026-Q2,-3,AUD,6,,
ABS:BOP(1.0.0),1,7320,10,Q,2026-Q2,,AUD,6,q,
ABS:BOP(1.0.0),1,8610,10,Q,2026-Q2,-11,AUD,6,,
ABS:BOP(1.0.0),1,8750,10,Q,2026-Q2,5295,AUD,6,,
ABS:BOP(1.0.0),4,130,20,Q,2026-Q2,94.8,IN,0,,
ABS:BOP(1.0.0),1,1650,20,Q,2026-Q2,1503,AUD,6,,
ABS:BOP(1.0.0),3,1650,20,Q,2026-Q2,104.9,IN,0,,
ABS:BOP(1.0.0),1,180,20,Q,2026-Q2,-7318,AUD,6,,
ABS:BOP(1.0.0),3,2100,20,Q,2026-Q2,98.4,IN,0,,
ABS:BOP(1.0.0),2,2200,20,Q,2026-Q2,-2053,AUD,6,,
ABS:BOP(1.0.0),3,2800,20,Q,2026-Q2,115.1,IN,0,,
ABS:BOP(1.0.0),2,2900,20,Q,2026-Q2,-629,AUD,6,,
ABS:BOP(1.0.0),3,3000,20,Q,2026-Q2,102.5,IN,0,,
ABS:BOP(1.0.0),2,3100,20,Q,2026-Q2,-6619,AUD,6,,
ABS:BOP(1.0.0),3,4100,20,Q,2026-Q2,106.3,IN,0,,
ABS:BOP(1.0.0),2,4200,20,Q,2026-Q2,941,AUD,6,,
ABS:BOP(1.0.0),3,6150,20,Q,2026-Q2,96,IN,0,,
ABS:BOP(1.0.0),2,6250,20,Q,2026-Q2,-4950,AUD,6,,
ABS:BOP(1.0.0),1,6350,20,Q,2026-Q2,-51,AUD,6,,
ABS:BOP(1.0.0),1,7450,20,Q,2026-Q2,-18138,AUD,6,,
ABS:BOP(1.0.0),1,4300,30,Q,2026-Q2,881,AUD,6,,
ABS:BOP(1.0.0),1,130,10,A,2026,-7514,AUD,6,,
ABS:BOP(1.0.0),1,2000,10,A,2026,-507978,AUD,6,,
ABS:BOP(1.0.0),1,4000,10,A,2026,145626,AUD,6,,
ABS:BOP(1.0.0),1,6800,10,Q,2026-Q2,-2095,AUD,6,,
ABS:BOP(1.0.0),1,2100,30,Q,2026-Q2,-37984,AUD,6,,
ABS:BOP(1.0.0),1,6350,30,Q,2026-Q2,-77,AUD,6,,
ABS:BOP(1.0.0),1,1200,10,Q,2026-Q2,3893,AUD,6,,
ABS:BOP(1.0.0),1,180,10,Q,2026-Q2,-9714,AUD,6,,
ABS:BOP(1.0.0),2,2000,10,Q,2026-Q2,-124910,AUD,6,,
ABS:BOP(1.0.0),1,2350,10,Q,2026-Q2,-2026,AUD,6,,
ABS:BOP(1.0.0),1,2800,10,Q,2026-Q2,-60498,AUD,6,,
ABS:BOP(1.0.0),1,3250,10,Q,2026-Q2,-388,AUD,6,,
ABS:BOP(1.0.0),1,4100,10,Q,2026-Q2,6,AUD,6,,
ABS:BOP(1.0.0),3,4100,10,Q,2026-Q2,106.3,IN,0,,
ABS:BOP(1.0.0),3,4505,10,Q,2026-Q2,112.5,IN,0,,
ABS:BOP(1.0.0),1,4920,10,Q,2026-Q2,320,AUD,6,,
ABS:BOP(1.0.0),1,5062,10,Q,2026-Q2,333,AUD,6,,
ABS:BOP(1.0.0),1,5282,10,Q,2026-Q2,186,AUD,6,,
ABS:BOP(1.0.0),1,5400,10,Q,2026-Q2,-398,AUD,6,,
ABS:BOP(1.0.0),2,6250,10,Q,2026-Q2,-4886,AUD,6,,
ABS:BOP(1.0.0),1,6900,10,Q,2026-Q2,-1864,AUD,6,,
ABS:BOP(1.0.0),1,7000,10,Q,2026-Q2,-128,AUD,6,,
ABS:BOP(1.0.0),1,7100,10,Q,2026-Q2,-2355,AUD,6,,
ABS:BOP(1.0.0),1,7123,10,Q,2026-Q2,-37,AUD,6,,
ABS:BOP(1.0.0),1,7283,10,Q,2026-Q2,-3,AUD,6,,
ABS:BOP(1.0.0),1,7450,10,Q,2026-Q2,-17590,AUD,6,,
ABS:BOP(1.0.0),1,8180,10,Q,2026-Q2,1195,AUD,6,,
ABS:BOP(1.0.0),1,8305,10,Q,2026-Q2,-2296,AUD,6,,
ABS:BOP(1.0.0),1,8560,10,Q,2026-Q2,0,AUD,6,,
ABS:BOP(1.0.0),1,8660,10,Q,2026-Q2,0,AUD,6,,
ABS:BOP(1.0.0),1,8830,10,Q,2026-Q2,30617,AUD,6,,
ABS:BOP(1.0.0),2,1300,20,Q,2026-Q2,6998,AUD,6,,
ABS:BOP(1.0.0),3,1400,20,Q,2026-Q2,85.5,IN,0,,
ABS:BOP(1.0.0),2,1750,20,Q,2026-Q2,2415,AUD,6,,
ABS:BOP(1.0.0),1,1770,20,Q,2026-Q2,,AUD,6,n,
ABS:BOP(1.0.0),2,2000,20,Q,2026-Q2,-126321,AUD,6,,
ABS:BOP(1.0.0),1,2100,20,Q,2026-Q2,-38817,AUD,6,,
ABS:BOP(1.0.0),2,2450,20,Q,2026-Q2,-31940,AUD,6,,
ABS:BOP(1.0.0),1,2550,20,Q,2026-Q2,-5984,AUD,6,,
ABS:BOP(1.0.0),1,3000,20,Q,2026-Q2,-5862,AUD,6,,
ABS:BOP(1.0.0),1,4300,20,Q,2026-Q2,861,AUD,6,,
ABS:BOP(1.0.0),3,4300,20,Q,2026-Q2,112.8,IN,0,,
ABS:BOP(1.0.0),3,6350,20,Q,2026-Q2,126.8,IN,0,,
ABS:BOP(1.0.0),1,8820,10,A,2026,-25781,AUD,6,,
ABS:BOP(1.0.0),1,8865,10,A,2026,-302,AUD,6,,
ABS:BOP(1.0.0),1,1550,10,Q,2026-Q2,5001,AUD,6,,
ABS:BOP(1.0.0),1,170,10,Q,2026-Q2,3351,AUD,6,,
ABS:BOP(1.0.0),1,1852,10,Q,2026-Q2,707,AUD,6,,
ABS:BOP(1.0.0),1,2750,10,Q,2026-Q2,-4223,AUD,6,,
ABS:BOP(1.0.0),1,4250,10,Q,2026-Q2,130,AUD,6,,
ABS:BOP(1.0.0),2,4300,10,Q,2026-Q2,738,AUD,6,,
ABS:BOP(1.0.0),1,4505,10,Q,2026-Q2,12936,AUD,6,,
ABS:BOP(1.0.0),1,4670,10,Q,2026-Q2,10,AUD,6,,
ABS:BOP(1.0.0),1,4755,10,Q,2026-Q2,2643,AUD,6,,
ABS:BOP(1.0.0),1,4770,10,Q,2026-Q2,65,AUD,6,,
ABS:BOP(1.0.0),1,4930,10,Q,2026-Q2,286,AUD,6,,
ABS:BOP(1.0.0),1,5150,10,Q,2026-Q2,852,AUD,6,,
ABS:BOP(1.0.0),1,5281,10,Q,2026-Q2,56,AUD,6,,
ABS:BOP(1.0.0),1,5450,10,Q,2026-Q2,20164,AUD,6,,
ABS:BOP(1.0.0),2,6505,10,Q,2026-Q2,-76,AUD,6,,
ABS:BOP(1.0.0),3,6510,10,Q,2026-Q2,99.3,IN,0,,
ABS:BOP(1.0.0),1,6655,10,Q,2026-Q2,-172,AUD,6,,
ABS:BOP(1.0.0),1,6750,10,Q,2026-Q2,-5839,AUD,6,,
ABS:BOP(1.0.0),1,6910,10,Q,2026-Q2,-1367,AUD,6,,
ABS:BOP(1.0.0),1,7130,10,Q,2026-Q2,-100,AUD,6,,
ABS:BOP(1.0.0),1,7280,10,Q,2026-Q2,-82,AUD,6,,
ABS:BOP(1.0.0),1,7311,10,Q,2026-Q2,,AUD,6,q,
ABS:BOP(1.0.0),1,8140,10,Q,2026-Q2,,AUD,6,q,
ABS:BOP(1.0.0),1,8220,10,Q,2026-Q2,-1917,AUD,6,,
ABS:BOP(1.0.0),1,8630,10,Q,2026-Q2,-2361,AUD,6,,
ABS:BOP(1.0.0),3,1000,20,Q,2026-Q2,98.5,IN,0,,
ABS:BOP(1.0.0),1,1200,20,Q,2026-Q2,3537,AUD,6,,
ABS:BOP(1.0.0),2,1250,20,Q,2026-Q2,590,AUD,6,,
ABS:BOP(1.0.0),1,1750,20,Q,2026-Q2,2101,AUD,6,,
ABS:BOP(1.0.0),2,1760,20,Q,2026-Q2,819,AUD,6,,
ABS:BOP(1.0.0),3,1770,20,Q,2026-Q2,,IN,0,n,
ABS:BOP(1.0.0),4,180,20,Q,2026-Q2,107.1,IN,0,,
ABS:BOP(1.0.0),2,2150,20,Q,2026-Q2,-5150,AUD,6,,
ABS:BOP(1.0.0),3,2200,20,Q,2026-Q2,92.9,IN,0,,
ABS:BOP(1.0.0),1,2400,20,Q,2026-Q2,-11533,AUD,6,,
ABS:BOP(1.0.0),2,3000,20,Q,2026-Q2,-5721,AUD,6,,
ABS:BOP(1.0.0),3,3050,20,Q,2026-Q2,98.4,IN,0,,
ABS:BOP(1.0.0),2,3550,20,Q,2026-Q2,-3270,AUD,6,,
ABS:BOP(1.0.0),3,4000,20,Q,2026-Q2,109.2,IN,0,,
ABS:BOP(1.0.0),1,4200,20,Q,2026-Q2,872,AUD,6,,
ABS:BOP(1.0.0),3,6250,20,Q,2026-Q2,94.5,IN,0,,
ABS:BOP(1.0.0),1,6550,30,Q,2026-Q2,-20173,AUD,6,,
ABS:BOP(1.0.0),1,8710,30,Q,2026-Q2,30140,AUD,6,,
ABS:BOP(1.0.0),1,180,10,A,2026,-34921,AUD,6,,
ABS:BOP(1.0.0),1,8520,10,A,2026,0,AUD,6,,
ABS:BOP(1.0.0),1,8805,10,A,2026,63095,AUD,6,,
ABS:BOP(1.0.0),1,8860,10,A,2026,58153,AUD,6,,
ABS:BOP(1.0.0),1,6100,30,Q,2026-Q2,-396,AUD,6,,
ABS:BOP(1.0.0),1,1000,10,Q,2026-Q2,138985,AUD,6,,
ABS:BOP(1.0.0),2,1000,10,Q,2026-Q2,142511,AUD,6,,
ABS:BOP(1.0.0),1,2150,10,Q,2026-Q2,-5235,AUD,6,,
ABS:BOP(1.0.0),1,2200,10,Q,2026-Q2,-1914,AUD,6,,
ABS:BOP(1.0.0),1,3000,10,Q,2026-Q2,-5760,AUD,6,,
ABS:BOP(1.0.0),1,3050,10,Q,2026-Q2,-283,AUD,6,,
ABS:BOP(1.0.0),1,4000,10,Q,2026-Q2,33900,AUD,6,,
ABS:BOP(1.0.0),3,4350,10,Q,2026-Q2,119.5,IN,0,,
ABS:BOP(1.0.0),1,4655,10,Q,2026-Q2,129,AUD,6,,
ABS:BOP(1.0.0),1,4656,10,Q,2026-Q2,68,AUD,6,,
ABS:BOP(1.0.0),3,4700,10,Q,2026-Q2,108.2,IN,0,,
ABS:BOP(1.0.0),1,4910,10,Q,2026-Q2,490,AUD,6,,
ABS:BOP(1.0.0),1,4911,10,Q,2026-Q2,378,AUD,6,,
ABS:BOP(1.0.0),1,5100,10,Q,2026-Q2,2065,AUD,6,,
ABS:BOP(1.0.0),1,5130,10,Q,2026-Q2,41,AUD,6,,
ABS:BOP(1.0.0),1,5270,10,Q,2026-Q2,347,AUD,6,,
ABS:BOP(1.0.0),1,5311,10,Q,2026-Q2,,AUD,6,q,
ABS:BOP(1.0.0),2,6000,10,Q,2026-Q2,-42723,AUD,6,,
ABS:BOP(1.0.0),3,6050,10,Q,2026-Q2,0,IN,0,,
ABS:BOP(1.0.0),1,6500,10,Q,2026-Q2,-14264,AUD,6,,
ABS:BOP(1.0.0),1,6779,10,Q,2026-Q2,-261,AUD,6,,
ABS:BOP(1.0.0),1,7061,10,Q,2026-Q2,-115,AUD,6,,
ABS:BOP(1.0.0),1,7114,10,Q,2026-Q2,-75,AUD,6,,
ABS:BOP(1.0.0),1,7213,10,Q,2026-Q2,-3,AUD,6,,
ABS:BOP(1.0.0),1,8510,10,Q,2026-Q2,76,AUD,6,,
ABS:BOP(1.0.0),1,8800,10,Q,2026-Q2,7591,AUD,6,,
ABS:BOP(1.0.0),1,8855,10,Q,2026-Q2,27844,AUD,6,,
ABS:BOP(1.0.0),1,130,20,Q,2026-Q2,-5104,AUD,6,,
ABS:BOP(1.0.0),2,130,20,Q,2026-Q2,4264,AUD,6,,
ABS:BOP(1.0.0),2,1500,20,Q,2026-Q2,20168,AUD,6,,
ABS:BOP(1.0.0),2,1550,20,Q,2026-Q2,3588,AUD,6,,
ABS:BOP(1.0.0),3,1550,20,Q,2026-Q2,132.2,IN,0,,
ABS:BOP(1.0.0),1,2700,20,Q,2026-Q2,-4671,AUD,6,,
ABS:BOP(1.0.0),2,2700,20,Q,2026-Q2,-4387,AUD,6,,
ABS:BOP(1.0.0),3,2750,20,Q,2026-Q2,99.7,IN,0,,
ABS:BOP(1.0.0),1,3250,20,Q,2026-Q2,-404,AUD,6,,
ABS:BOP(1.0.0),1,6150,20,Q,2026-Q2,-7343,AUD,6,,
ABS:BOP(1.0.0),2,6200,20,Q,2026-Q2,-2449,AUD,6,,
ABS:BOP(1.0.0),4,170,30,Q,2026-Q2,93.5,IN,0,,
ABS:BOP(1.0.0),1,4150,30,Q,2026-Q2,2341,AUD,6,,
ABS:BOP(1.0.0),1,6400,30,Q,2026-Q2,-18466,AUD,6,,
ABS:BOP(1.0.0),1,100,10,A,2026,-94854,AUD,6,,
ABS:BOP(1.0.0),1,6000,10,A,2026,-180547,AUD,6,,
ABS:BOP(1.0.0),1,8100,10,A,2026,-1805,AUD,6,,
ABS:BOP(1.0.0),1,1760,10,Q,2026-Q2,835,AUD,6,,
ABS:BOP(1.0.0),1,2500,10,Q,2026-Q2,-9364,AUD,6,,
ABS:BOP(1.0.0),1,3550,10,Q,2026-Q2,-6617,AUD,6,,
ABS:BOP(1.0.0),2,4050,10,Q,2026-Q2,0,AUD,6,,
ABS:BOP(1.0.0),1,4500,10,Q,2026-Q2,17890,AUD,6,,
ABS:BOP(1.0.0),1,4675,10,Q,2026-Q2,0,AUD,6,,
ABS:BOP(1.0.0),1,4775,10,Q,2026-Q2,228,AUD,6,,
ABS:BOP(1.0.0),1,5061,10,Q,2026-Q2,368,AUD,6,,
ABS:BOP(1.0.0),1,5131,10,Q,2026-Q2,0,AUD,6,,
ABS:BOP(1.0.0),1,5200,10,Q,2026-Q2,257,AUD,6,,
ABS:BOP(1.0.0),1,6200,10,Q,2026-Q2,-2338,AUD,6,,
ABS:BOP(1.0.0),1,6505,10,Q,2026-Q2,-77,AUD,6,,
ABS:BOP(1.0.0),3,6505,10,Q,2026-Q2,101.1,IN,0,,
ABS:BOP(1.0.0),1,6670,10,Q,2026-Q2,-22,AUD,6,,
ABS:BOP(1.0.0),3,6700,10,Q,2026-Q2,100.2,IN,0,,
ABS:BOP(1.0.0),1,6922,10,Q,2026-Q2,-116,AUD,6,,
ABS:BOP(1.0.0),1,7070,10,Q,2026-Q2,-2198,AUD,6,,
ABS:BOP(1.0.0),1,7120,10,Q,2026-Q2,-39,AUD,6,,
ABS:BOP(1.0.0),1,7124,10,Q,2026-Q2,0,AUD,6,,
ABS:BOP(1.0.0),1,8150,10,Q,2026-Q2,,AUD,6,q,
ABS:BOP(1.0.0),1,8210,10,Q,2026-Q2,-4477,AUD,6,,
ABS:BOP(1.0.0),1,8280,10,Q,2026-Q2,-1561,AUD,6,,
ABS:BOP(1.0.0),2,1000,20,Q,2026-Q2,140124,AUD,6,,
ABS:BOP(1.0.0),3,1250,20,Q,2026-Q2,158.4,IN,0,,
ABS:BOP(1.0.0),1,1450,20,Q,2026-Q2,19666,AUD,6,,
ABS:BOP(1.0.0),3,1600,20,Q,2026-Q2,103.7,IN,0,,
ABS:BOP(1.0.0),3,1760,20,Q,2026-Q2,96.6,IN,0,,
ABS:BOP(1.0.0),1,1850,20,Q,2026-Q2,185,AUD,6,,
ABS:BOP(1.0.0),3,1900,20,Q,2026-Q2,200.3,IN,0,,
ABS:BOP(1.0.0),1,2150,20,Q,2026-Q2,-5597,AUD,6,,
ABS:BOP(1.0.0),2,2400,20,Q,2026-Q2,-12304,AUD,6,,
ABS:BOP(1.0.0),2,2750,20,Q,2026-Q2,-4234,AUD,6,,
ABS:BOP(1.0.0),2,3300,20,Q,2026-Q2,-1250,AUD,6,,
ABS:BOP(1.0.0),1,4150,20,Q,2026-Q2,2332,AUD,6,,
ABS:BOP(1.0.0),1,6200,20,Q,2026-Q2,-2403,AUD,6,,
ABS:BOP(1.0.0),1,8210,20,Q,2026-Q2,-4102,AUD,6,,
ABS:BOP(1.0.0),4,130,30,Q,2026-Q2,95.3,IN,0,,
ABS:BOP(1.0.0),1,1850,30,Q,2026-Q2,188,AUD,6,,
ABS:BOP(1.0.0),1,8720,30,Q,2026-Q2,-52411,AUD,6,,
ABS:BOP(1.0.0),1,8700,10,A,2026,-85535,AUD,6,,
ABS:BOP(1.0.0),1,8835,10,A,2026,-7844,AUD,6,,
ABS:BOP(1.0.0),1,1100,30,Q,2026-Q2,19392,AUD,6,,
ABS:BOP(1.0.0),1,4100,30,Q,2026-Q2,5,AUD,6,,
ABS:BOP(1.0.0),5,120,10,Q,2026-Q2,106.3,IN,0,,
ABS:BOP(1.0.0),1,1250,10,Q,2026-Q2,1020,AUD,6,,
ABS:BOP(1.0.0),1,1600,10,Q,2026-Q2,3987,AUD,6,,
ABS:BOP(1.0.0),1,1851,10,Q,2026-Q2,-522,AUD,6,,
ABS:BOP(1.0.0),1,1900,10,Q,2026-Q2,18694,AUD,6,,
ABS:BOP(1.0.0),1,2400,10,Q,2026-Q2,-10901,AUD,6,,
ABS:BOP(1.0.0),1,3300,10,Q,2026-Q2,-1135,AUD,6,,
ABS:BOP(1.0.0),3,4050,10,Q,2026-Q2,0,IN,0,,
ABS:BOP(1.0.0),1,4510,10,Q,2026-Q2,4954,AUD,6,,
ABS:BOP(1.0.0),2,4510,10,Q,2026-Q2,4582,AUD,6,,
ABS:BOP(1.0.0),3,4510,10,Q,2026-Q2,108.1,IN,0,,
ABS:BOP(1.0.0),1,4665,10,Q,2026-Q2,110,AUD,6,,
ABS:BOP(1.0.0),1,4800,10,Q,2026-Q2,1181,AUD,6,,
ABS:BOP(1.0.0),1,5114,10,Q,2026-Q2,112,AUD,6,,
ABS:BOP(1.0.0),1,5121,10,Q,2026-Q2,0,AUD,6,,
ABS:BOP(1.0.0),1,5145,10,Q,2026-Q2,708,AUD,6,,
ABS:BOP(1.0.0),1,5214,10,Q,2026-Q2,0,AUD,6,,
ABS:BOP(1.0.0),1,6300,10,Q,2026-Q2,-213,AUD,6,,
ABS:BOP(1.0.0),2,6300,10,Q,2026-Q2,-208,AUD,6,,
ABS:BOP(1.0.0),3,6300,10,Q,2026-Q2,102.6,IN,0,,
ABS:BOP(1.0.0),3,6550,10,Q,2026-Q2,106.7,IN,0,,
ABS:BOP(1.0.0),1,6650,10,Q,2026-Q2,-350,AUD,6,,
ABS:BOP(1.0.0),1,6770,10,Q,2026-Q2,-502,AUD,6,,
ABS:BOP(1.0.0),1,7150,10,Q,2026-Q2,-2139,AUD,6,,
ABS:BOP(1.0.0),1,7270,10,Q,2026-Q2,-191,AUD,6,,
ABS:BOP(1.0.0),1,7400,10,Q,2026-Q2,247,AUD,6,,
ABS:BOP(1.0.0),1,8570,10,Q,2026-Q2,0,AUD,6,,
ABS:BOP(1.0.0),1,8825,10,Q,2026-Q2,-118179,AUD,6,,
ABS:BOP(1.0.0),1,1250,20,Q,2026-Q2,935,AUD,6,,
ABS:BOP(1.0.0),1,1760,20,Q,2026-Q2,791,AUD,6,,
ABS:BOP(1.0.0),1,2050,20,Q,2026-Q2,-129260,AUD,6,,
ABS:BOP(1.0.0),2,2500,20,Q,2026-Q2,-9615,AUD,6,,
ABS:BOP(1.0.0),3,2500,20,Q,2026-Q2,97.4,IN,0,,
ABS:BOP(1.0.0),1,2950,20,Q,2026-Q2,-22340,AUD,6,,
ABS:BOP(1.0.0),2,2950,20,Q,2026-Q2,-16977,AUD,6,,
ABS:BOP(1.0.0),2,3050,20,Q,2026-Q2,-289,AUD,6,,
ABS:BOP(1.0.0),3,3300,20,Q,2026-Q2,90.8,IN,0,,
ABS:BOP(1.0.0),1,3500,20,Q,2026-Q2,-835,AUD,6,,
ABS:BOP(1.0.0),1,4250,20,Q,2026-Q2,126,AUD,6,,
ABS:BOP(1.0.0),2,4250,20,Q,2026-Q2,130,AUD,6,,
ABS:BOP(1.0.0),3,4250,20,Q,2026-Q2,97.3,IN,0,,
ABS:BOP(1.0.0),1,5450,20,Q,2026-Q2,22549,AUD,6,,
ABS:BOP(1.0.0),3,6300,20,Q,2026-Q2,102.5,IN,0,,
ABS:BOP(1.0.0),1,6400,20,Q,2026-Q2,-15735,AUD,6,,
ABS:BOP(1.0.0),1,8720,20,Q,2026-Q2,-52571,AUD,6,,
ABS:BOP(1.0.0),1,110,30,Q,2026-Q2,173351,AUD,6,,
ABS:BOP(1.0.0),1,6150,30,Q,2026-Q2,-7287,AUD,6,,
ABS:BOP(1.0.0),1,170,10,A,2026,27407,AUD,6,,
ABS:BOP(1.0.0),1,6050,30,Q,2026-Q2,0,AUD,6,,
ABS:BOP(1.0.0),1,1050,10,Q,2026-Q2,120106,AUD,6,,
ABS:BOP(1.0.0),1,1750,10,Q,2026-Q2,1979,AUD,6,,
ABS:BOP(1.0.0),5,2000,10,Q,2026-Q2,108.1,IN,0,,
ABS:BOP(1.0.0),1,2250,10,Q,2026-Q2,-12036,AUD,6,,
ABS:BOP(1.0.0),1,2950,10,Q,2026-Q2,-23374,AUD,6,,
ABS:BOP(1.0.0),3,4000,10,Q,2026-Q2,109.3,IN,0,,
ABS:BOP(1.0.0),1,4200,10,Q,2026-Q2,773,AUD,6,,
ABS:BOP(1.0.0),1,4657,10,Q,2026-Q2,0,AUD,6,,
ABS:BOP(1.0.0),1,4765,10,Q,2026-Q2,203,AUD,6,,
ABS:BOP(1.0.0),1,5063,10,Q,2026-Q2,120,AUD,6,,
ABS:BOP(1.0.0),1,5320,10,Q,2026-Q2,,AUD,6,q,
ABS:BOP(1.0.0),3,6250,10,Q,2026-Q2,94.4,IN,0,,
ABS:BOP(1.0.0),2,6350,10,Q,2026-Q2,-39,AUD,6,,
ABS:BOP(1.0.0),1,6450,10,Q,2026-Q2,-988,AUD,6,,
ABS:BOP(1.0.0),1,7140,10,Q,2026-Q2,-48,AUD,6,,
ABS:BOP(1.0.0),1,7271,10,Q,2026-Q2,-114,AUD,6,,
ABS:BOP(1.0.0),1,7350,10,Q,2026-Q2,-403,AUD,6,,
ABS:BOP(1.0.0),1,8230,10,Q,2026-Q2,-2560,AUD,6,,
ABS:BOP(1.0.0),1,8260,10,Q,2026-Q2,-2148,AUD,6,,
ABS:BOP(1.0.0),1,8580,10,Q,2026-Q2,0,AUD,6,,
ABS:BOP(1.0.0),1,8720,10,Q,2026-Q2,-48623,AUD,6,,
ABS:BOP(1.0.0),1,8820,10,Q,2026-Q2,-87562,AUD,6,,
ABS:BOP(1.0.0),3,1350,20,Q,2026-Q2,88.2,IN,0,,
ABS:BOP(1.0.0),2,1450,20,Q,2026-Q2,24727,AUD,6,,
ABS:BOP(1.0.0),1,1550,20,Q,2026-Q2,4744,AUD,6,,
ABS:BOP(1.0.0),4,170,20,Q,2026-Q2,91.6,IN,0,,
ABS:BOP(1.0.0),1,1700,20,Q,2026-Q2,6958,AUD,6,,
ABS:BOP(1.0.0),1,2200,20,Q,2026-Q2,-1908,AUD,6,,
ABS:BOP(1.0.0),3,2400,20,Q,2026-Q2,93.7,IN,0,,
ABS:BOP(1.0.0),2,2800,20,Q,2026-Q2,-51646,AUD,6,,
ABS:BOP(1.0.0),1,3300,20,Q,2026-Q2,-1135,AUD,6,,
ABS:BOP(1.0.0),2,3500,20,Q,2026-Q2,-664,AUD,6,,
ABS:BOP(1.0.0),1,4400,20,Q,2026-Q2,21677,AUD,6,,
ABS:BOP(1.0.0),3,6050,20,Q,2026-Q2,0,IN,0,,
ABS:BOP(1.0.0),1,6250,20,Q,2026-Q2,-4676,AUD,6,,
ABS:BOP(1.0.0),1,8710,20,Q,2026-Q2,30709,AUD,6,,
ABS:BOP(1.0.0),1,130,30,Q,2026-Q2,-4925,AUD,6,,
ABS:BOP(1.0.0),1,4200,30,Q,2026-Q2,854,AUD,6,,
ABS:BOP(1.0.0),1,8100,30,Q,2026-Q2,-378,AUD,6,,
ABS:BOP(1.0.0),1,110,10,A,2026,681011,AUD,6,,
ABS:BOP(1.0.0),1,8400,10,A,2026,46,AUD,6,,
ABS:BOP(1.0.0),1,8810,10,A,2026,-4658,AUD,6,,
ABS:BOP(1.0.0),1,4350,30,Q,2026-Q2,480,AUD,6,,
ABS:BOP(1.0.0),2,110,10,Q,2026-Q2,173534,AUD,6,,
ABS:BOP(1.0.0),1,130,10,Q,2026-Q2,-6363,AUD,6,,
ABS:BOP(1.0.0),1,1350,10,Q,2026-Q2,100711,AUD,6,,
ABS:BOP(1.0.0),1,1500,10,Q,2026-Q2,16960,AUD,6,,
ABS:BOP(1.0.0),1,2650,10,Q,2026-Q2,-2145,AUD,6,,
ABS:BOP(1.0.0),1,3100,10,Q,2026-Q2,-6596,AUD,6,,
ABS:BOP(1.0.0),2,4350,10,Q,2026-Q2,369,AUD,6,,
ABS:BOP(1.0.0),3,4400,10,Q,2026-Q2,110.8,IN,0,,
ABS:BOP(1.0.0),1,4450,10,Q,2026-Q2,1501,AUD,6,,
ABS:BOP(1.0.0),2,4700,10,Q,2026-Q2,1293,AUD,6,,
ABS:BOP(1.0.0),1,4720,10,Q,2026-Q2,,AUD,6,q,
ABS:BOP(1.0.0),1,4776,10,Q,2026-Q2,19,AUD,6,,
ABS:BOP(1.0.0),1,5060,10,Q,2026-Q2,2511,AUD,6,,
ABS:BOP(1.0.0),1,5111,10,Q,2026-Q2,6,AUD,6,,
ABS:BOP(1.0.0),1,5124,10,Q,2026-Q2,6,AUD,6,,
ABS:BOP(1.0.0),1,5210,10,Q,2026-Q2,79,AUD,6,,
ABS:BOP(1.0.0),3,5300,10,Q,2026-Q2,111,IN,0,,
ABS:BOP(1.0.0),1,5310,10,Q,2026-Q2,,AUD,6,q,
ABS:BOP(1.0.0),1,6000,10,Q,2026-Q2,-43614,AUD,6,,
ABS:BOP(1.0.0),3,6000,10,Q,2026-Q2,102.1,IN,0,,
ABS:BOP(1.0.0),1,6050,10,Q,2026-Q2,0,AUD,6,,
ABS:BOP(1.0.0),1,6755,10,Q,2026-Q2,-4763,AUD,6,,
ABS:BOP(1.0.0),1,6778,10,Q,2026-Q2,-135,AUD,6,,
ABS:BOP(1.0.0),1,6911,10,Q,2026-Q2,-1254,AUD,6,,
ABS:BOP(1.0.0),1,7060,10,Q,2026-Q2,-4227,AUD,6,,
ABS:BOP(1.0.0),1,7131,10,Q,2026-Q2,-59,AUD,6,,
ABS:BOP(1.0.0),1,7212,10,Q,2026-Q2,-244,AUD,6,,
ABS:BOP(1.0.0),1,8500,10,Q,2026-Q2,76,AUD,6,,
ABS:BOP(1.0.0),1,8860,10,Q,2026-Q2,47011,AUD,6,,
ABS:BOP(1.0.0),3,1050,20,Q,2026-Q2,91.3,IN,0,,
ABS:BOP(1.0.0),1,1100,20,Q,2026-Q2,19267,AUD,6,,
ABS:BOP(1.0.0),3,1100,20,Q,2026-Q2,111.7,IN,0,,
ABS:BOP(1.0.0),2,1150,20,Q,2026-Q2,5582,AUD,6,,
ABS:BOP(1.0.0),3,1500,20,Q,2026-Q2,88,IN,0,,
ABS:BOP(1.0.0),2,1600,20,Q,2026-Q2,3891,AUD,6,,
ABS:BOP(1.0.0),1,1800,20,Q,2026-Q2,1185,AUD,6,,
ABS:BOP(1.0.0),3,2250,20,Q,2026-Q2,102.1,IN,0,,
ABS:BOP(1.0.0),2,2350,20,Q,2026-Q2,-2290,AUD,6,,
ABS:BOP(1.0.0),3,2700,20,Q,2026-Q2,106.5,IN,0,,
ABS:BOP(1.0.0),3,3100,20,Q,2026-Q2,98.8,IN,0,,
ABS:BOP(1.0.0),1,3150,20,Q,2026-Q2,-1488,AUD,6,,
ABS:BOP(1.0.0),2,3200,20,Q,2026-Q2,-777,AUD,6,,
ABS:BOP(1.0.0),3,3550,20,Q,2026-Q2,202.3,IN,0,,
ABS:BOP(1.0.0),1,4000,20,Q,2026-Q2,36397,AUD,6,,
ABS:BOP(1.0.0),2,4050,20,Q,2026-Q2,0,AUD,6,,
ABS:BOP(1.0.0),2,6150,20,Q,2026-Q2,-7647,AUD,6,,
ABS:BOP(1.0.0),3,6200,20,Q,2026-Q2,98.1,IN,0,,
ABS:BOP(1.0.0),1,6550,20,Q,2026-Q2,-20239,AUD,6,,
ABS:BOP(1.0.0),4,180,30,Q,2026-Q2,103.1,IN,0,,
ABS:BOP(1.0.0),1,2000,30,Q,2026-Q2,-131954,AUD,6,,
ABS:BOP(1.0.0),1,4550,30,Q,2026-Q2,12448,AUD,6,,
ABS:BOP(1.0.0),1,8210,30,Q,2026-Q2,-4213,AUD,6,,
ABS:BOP(1.0.0),1,8700,30,Q,2026-Q2,-22271,AUD,6,,
ABS:BOP(1.0.0),1,8210,10,A,2026,-16906,AUD,6,,
ABS:BOP(1.0.0),1,8510,10,A,2026,81,AUD,6,,
ABS:BOP(1.0.0),1,8750,10,A,2026,82968,AUD,6,,
ABS:BOP(1.0.0),1,1900,30,Q,2026-Q2,20080,AUD,6,,
ABS:BOP(1.0.0),1,1100,10,Q,2026-Q2,19395,AUD,6,,
ABS:BOP(1.0.0),1,1300,10,Q,2026-Q2,6598,AUD,6,,
ABS:BOP(1.0.0),1,1850,10,Q,2026-Q2,185,AUD,6,,
ABS:BOP(1.0.0),1,2000,10,Q,2026-Q2,-135634,AUD,6,,
ABS:BOP(1.0.0),1,2700,10,Q,2026-Q2,-4853,AUD,6,,
ABS:BOP(1.0.0),3,4450,10,Q,2026-Q2,106.4,IN,0,,
ABS:BOP(1.0.0),2,4505,10,Q,2026-Q2,11501,AUD,6,,
ABS:BOP(1.0.0),3,4550,10,Q,2026-Q2,107.6,IN,0,,
ABS:BOP(1.0.0),1,4750,10,Q,2026-Q2,3139,AUD,6,,
ABS:BOP(1.0.0),1,5110,10,Q,2026-Q2,532,AUD,6,,
ABS:BOP(1.0.0),1,5271,10,Q,2026-Q2,42,AUD,6,,
ABS:BOP(1.0.0),3,6500,10,Q,2026-Q2,99.3,IN,0,,
ABS:BOP(1.0.0),2,6510,10,Q,2026-Q2,-14287,AUD,6,,
ABS:BOP(1.0.0),1,6657,10,Q,2026-Q2,0,AUD,6,,
ABS:BOP(1.0.0),1,6765,10,Q,2026-Q2,-178,AUD,6,,
ABS:BOP(1.0.0),1,7111,10,Q,2026-Q2,-1,AUD,6,,
ABS:BOP(1.0.0),1,7145,10,Q,2026-Q2,-1461,AUD,6,,
ABS:BOP(1.0.0),1,7211,10,Q,2026-Q2,-58,AUD,6,,
ABS:BOP(1.0.0),1,7281,10,Q,2026-Q2,-47,AUD,6,,
ABS:BOP(1.0.0),1,7310,10,Q,2026-Q2,,AUD,6,q,
ABS:BOP(1.0.0),1,8160,10,Q,2026-Q2,1966,AUD,6,,
ABS:BOP(1.0.0),1,8450,10,Q,2026-Q2,-2361,AUD,6,,
ABS:BOP(1.0.0),1,8640,10,Q,2026-Q2,0,AUD,6,,
ABS:BOP(1.0.0),1,8680,10,Q,2026-Q2,0,AUD,6,,
ABS:BOP(1.0.0),1,8865,10,Q,2026-Q2,2427,AUD,6,,
ABS:BOP(1.0.0),1,120,20,Q,2026-Q2,-179592,AUD,6,,
ABS:BOP(1.0.0),2,1200,20,Q,2026-Q2,4080,AUD,6,,
ABS:BOP(1.0.0),1,1300,20,Q,2026-Q2,7078,AUD,6,,
ABS:BOP(1.0.0),1,1500,20,Q,2026-Q2,17756,AUD,6,,
ABS:BOP(1.0.0),3,1800,20,Q,2026-Q2,114.2,IN,0,,
ABS:BOP(1.0.0),2,2550,20,Q,2026-Q2,-6027,AUD,6,,
ABS:BOP(1.0.0),1,2650,20,Q,2026-Q2,-2145,AUD,6,,
ABS:BOP(1.0.0),3,2650,20,Q,2026-Q2,102.6,IN,0,,
ABS:BOP(1.0.0),2,3250,20,Q,2026-Q2,-448,AUD,6,,
ABS:BOP(1.0.0),1,3350,20,Q,2026-Q2,-1628,AUD,6,,
ABS:BOP(1.0.0),2,3450,20,Q,2026-Q2,-475,AUD,6,,
ABS:BOP(1.0.0),1,3550,20,Q,2026-Q2,-6617,AUD,6,,
ABS:BOP(1.0.0),1,4550,20,Q,2026-Q2,12382,AUD,6,,
ABS:BOP(1.0.0),1,6000,20,Q,2026-Q2,-43715,AUD,6,,
ABS:BOP(1.0.0),3,6000,20,Q,2026-Q2,102,IN,0,,
ABS:BOP(1.0.0),2,6100,20,Q,2026-Q2,-401,AUD,6,,
ABS:BOP(1.0.0),1,6000,30,Q,2026-Q2,-46322,AUD,6,,
ABS:BOP(1.0.0),1,6200,30,Q,2026-Q2,-2460,AUD,6,,
ABS:BOP(1.0.0),1,8110,30,Q,2026-Q2,3835,AUD,6,,
ABS:BOP(1.0.0),1,1000,10,A,2026,535385,AUD,6,,
ABS:BOP(1.0.0),1,8305,10,A,2026,-4738,AUD,6,,
ABS:BOP(1.0.0),1,8620,10,A,2026,-4784,AUD,6,,
ABS:BOP(1.0.0),1,8830,10,A,2026,240644,AUD,6,,
ABS:BOP(1.0.0),1,8855,10,A,2026,386,AUD,6,,
ABS:BOP(1.0.0),1,2450,10,Q,2026-Q2,-31088,AUD,6,,
ABS:BOP(1.0.0),1,2900,10,Q,2026-Q2,-956,AUD,6,,
ABS:BOP(1.0.0),1,3350,10,Q,2026-Q2,-1674,AUD,6,,
ABS:BOP(1.0.0),5,4000,10,Q,2026-Q2,109.4,IN,0,,
ABS:BOP(1.0.0),2,4100,10,Q,2026-Q2,6,AUD,6,,
ABS:BOP(1.0.0),1,4760,10,Q,2026-Q2,0,AUD,6,,
ABS:BOP(1.0.0),1,4850,10,Q,2026-Q2,85,AUD,6,,
ABS:BOP(1.0.0),1,4922,10,Q,2026-Q2,290,AUD,6,,
ABS:BOP(1.0.0),1,5064,10,Q,2026-Q2,393,AUD,6,,
ABS:BOP(1.0.0),1,5120,10,Q,2026-Q2,63,AUD,6,,
ABS:BOP(1.0.0),1,5140,10,Q,2026-Q2,721,AUD,6,,
ABS:BOP(1.0.0),1,5215,10,Q,2026-Q2,11,AUD,6,,
ABS:BOP(1.0.0),1,5280,10,Q,2026-Q2,244,AUD,6,,
ABS:BOP(1.0.0),1,5330,10,Q,2026-Q2,,AUD,6,q,
ABS:BOP(1.0.0),1,6250,10,Q,2026-Q2,-4612,AUD,6,,
ABS:BOP(1.0.0),1,6600,10,Q,2026-Q2,0,AUD,6,,
ABS:BOP(1.0.0),1,6675,10,Q,2026-Q2,0,AUD,6,,
ABS:BOP(1.0.0),1,6930,10,Q,2026-Q2,-314,AUD,6,,
ABS:BOP(1.0.0),1,7065,10,Q,2026-Q2,-3371,AUD,6,,
ABS:BOP(1.0.0),1,7121,10,Q,2026-Q2,0,AUD,6,,
ABS:BOP(1.0.0),1,8270,10,Q,2026-Q2,-587,AUD,6,,
ABS:BOP(1.0.0),3,1300,20,Q,2026-Q2,101.1,IN,0,,
ABS:BOP(1.0.0),2,1400,20,Q,2026-Q2,49143,AUD,6,,
ABS:BOP(1.0.0),3,1750,20,Q,2026-Q2,87,IN,0,,
ABS:BOP(1.0.0),2,1770,20,Q,2026-Q2,,AUD,6,n,
ABS:BOP(1.0.0),1,2000,20,Q,2026-Q2,-135877,AUD,6,,
ABS:BOP(1.0.0),3,2000,20,Q,2026-Q2,107.6,IN,0,,
ABS:BOP(1.0.0),2,2100,20,Q,2026-Q2,-39464,AUD,6,,
ABS:BOP(1.0.0),1,2450,20,Q,2026-Q2,-30987,AUD,6,,
ABS:BOP(1.0.0),3,2450,20,Q,2026-Q2,97,IN,0,,
ABS:BOP(1.0.0),1,2900,20,Q,2026-Q2,-956,AUD,6,,
ABS:BOP(1.0.0),3,3350,20,Q,2026-Q2,100.8,IN,0,,
ABS:BOP(1.0.0),3,4200,20,Q,2026-Q2,92.7,IN,0,,
ABS:BOP(1.0.0),2,4300,20,Q,2026-Q2,763,AUD,6,,
ABS:BOP(1.0.0),3,4550,20,Q,2026-Q2,107.6,IN,0,,
ABS:BOP(1.0.0),1,8110,20,Q,2026-Q2,3850,AUD,6,,
ABS:BOP(1.0.0),1,120,30,Q,2026-Q2,-178275,AUD,6,,
ABS:BOP(1.0.0),1,4400,30,Q,2026-Q2,21821,AUD,6,,
ABS:BOP(1.0.0),1,3550,30,Q,2026-Q2,-7492,AUD,6,,
