observation_date,CPGRLE01GBM659N
1971-01-01,8.92275799999999997
1971-02-01,9.00165499999999952
1971-03-01,9.00844299999999976
1971-04-01,9.46140600000000020
1971-05-01,9.55535399999999946
1971-06-01,9.85365700000000011
1971-07-01,9.58444500000000055
1971-08-01,9.44014100000000056
1971-09-01,9.22246600000000072
1971-10-01,8.76265899999999931
1971-11-01,8.49359100000000034
1971-12-01,8.06544700000000070
1972-01-01,7.45594199999999852
1972-02-01,7.43531899999999979
1972-03-01,7.02033999999999914
1972-04-01,6.14074700000000018
1972-05-01,5.97958600000000029
1972-06-01,5.87719000000000058
1972-07-01,5.70753199999999961
1972-08-01,6.19290699999999994
1972-09-01,6.66463099999999997
1972-10-01,7.92767200000000027
1972-11-01,7.71408299999999958
1972-12-01,7.79848900000000000
1973-01-01,7.56015499999999996
1973-02-01,7.51035200000000014
1973-03-01,7.64155599999999957
1973-04-01,8.71514100000000091
1973-05-01,8.84474100000000085
1973-06-01,8.96175200000000061
1973-07-01,9.13128099999999954
1973-08-01,8.92198600000000042
1973-09-01,8.91923000000000066
1973-10-01,8.72829299999999897
1973-11-01,9.14727000000000068
1973-12-01,9.22869599999999934
1974-01-01,10.19725999999999999
1974-02-01,10.59183999999999948
1974-03-01,11.24276000000000053
1974-04-01,13.00840999999999958
1974-05-01,13.97552999999999912
1974-06-01,14.20210999999999935
1974-07-01,14.74567999999999834
1974-08-01,14.12457000000000029
1974-09-01,14.72039000000000009
1974-10-01,15.47837999999999958
1974-11-01,16.34786000000000072
1974-12-01,16.63658999999999821
1975-01-01,16.68195000000000050
1975-02-01,17.48977999999999966
1975-03-01,18.21976000000000084
1975-04-01,18.43808999999999898
1975-05-01,22.87492999999999910
1975-06-01,23.84772999999999854
1975-07-01,23.96144999999999925
1975-08-01,25.16475000000000151
1975-09-01,24.92106000000000066
1975-10-01,24.31754000000000104
1975-11-01,23.70720000000000027
1975-12-01,23.60784999999999911
1976-01-01,23.07715999999999923
1976-02-01,22.76509000000000071
1976-03-01,21.52552999999999983
1976-04-01,18.88206999999999880
1976-05-01,14.12822000000000067
1976-06-01,13.01551000000000080
1976-07-01,12.61247999999999969
1976-08-01,12.73940999999999946
1976-09-01,12.52233999999999980
1976-10-01,12.42066999999999943
1976-11-01,12.44394999999999918
1976-12-01,13.13837999999999795
1977-01-01,15.04025999999999996
1977-02-01,15.12252999999999936
1977-03-01,15.77000999999999920
1977-04-01,16.64685000000000059
1977-05-01,16.14564999999999984
1977-06-01,16.27671000000000134
1977-07-01,15.80302999999999969
1977-08-01,16.14933999999999870
1977-09-01,16.00998999999999839
1977-10-01,14.85915999999999926
1977-11-01,14.56408000000000058
1977-12-01,13.78438000000000052
1978-01-01,11.67609999999999992
1978-02-01,10.91422999999999988
1978-03-01,10.50961000000000034
1978-04-01,9.43999299999999941
1978-05-01,9.30205199999999977
1978-06-01,9.04999600000000015
1978-07-01,9.36452199999999912
1978-08-01,9.03721900000000034
1978-09-01,8.90492799999999995
1978-10-01,9.19312500000000021
1978-11-01,8.86759799999999920
1978-12-01,9.23211399999999927
1979-01-01,9.67796000000000056
1979-02-01,10.01928000000000019
1979-03-01,10.02430000000000021
1979-04-01,10.40638000000000041
1979-05-01,10.67727000000000004
1979-06-01,11.23997999999999919
1979-07-01,15.34549999999999947
1979-08-01,15.19884000000000057
1979-09-01,15.89241999999999955
1979-10-01,16.28047999999999718
1979-11-01,16.65850999999999971
1979-12-01,16.27254999999999896
1980-01-01,18.34979999999999833
1980-02-01,19.22753000000000156
1980-03-01,19.82911999999999964
1980-04-01,22.04845999999999862
1980-05-01,22.04222000000000037
1980-06-01,21.33883000000000152
1980-07-01,17.12096000000000018
1980-08-01,16.64870000000000161
1980-09-01,16.19611000000000089
1980-10-01,15.69562999999999953
1980-11-01,15.78924999999999912
1980-12-01,15.61589000000000027
1981-01-01,12.67689000000000021
1981-02-01,11.78299999999999947
1981-03-01,11.68990999999999936
1981-04-01,11.41106000000000087
1981-05-01,11.09848000000000035
1981-06-01,10.70706999999999987
1981-07-01,10.29298000000000002
1981-08-01,10.50031000000000070
1981-09-01,10.32593999999999923
1981-10-01,10.60472999999999999
1981-11-01,11.03694999999999915
1981-12-01,11.43197999999999936
1982-01-01,11.32765000000000022
1982-02-01,10.60041999999999973
1982-03-01,10.24920999999999971
1982-04-01,8.76934499999999950
1982-05-01,8.77376300000000064
1982-06-01,8.72002400000000044
1982-07-01,8.58287400000000034
1982-08-01,8.07127400000000073
1982-09-01,7.26423500000000022
1982-10-01,6.78609500000000043
1982-11-01,5.70688900000000032
1982-12-01,4.33044399999999996
1983-01-01,4.25179300000000016
1983-02-01,4.74089100000000041
1983-03-01,4.19508100000000006
1983-04-01,3.54562400000000011
1983-05-01,3.62767300000000015
1983-06-01,3.73002399999999978
1983-07-01,4.08579399999999993
1983-08-01,4.45786000000000016
1983-09-01,4.91316099999999967
1983-10-01,4.78938500000000023
1983-11-01,4.95038200000000028
1983-12-01,5.72684800000000038
1984-01-01,5.39159899999999936
1984-02-01,5.22395700000000041
1984-03-01,5.13118600000000047
1984-04-01,5.06219600000000014
1984-05-01,4.88885500000000039
1984-06-01,4.99253699999999956
1984-07-01,4.36460399999999993
1984-08-01,5.36955100000000041
1984-09-01,5.53152299999999997
1984-10-01,5.71459100000000042
1984-11-01,5.71180500000000002
1984-12-01,5.26225899999999935
1985-01-01,5.80659800000000015
1985-02-01,6.19296100000000038
1985-03-01,6.83660500000000049
1985-04-01,7.76518300000000039
1985-05-01,7.92330700000000032
1985-06-01,7.94012700000000038
1985-07-01,8.01825499999999991
1985-08-01,6.90808699999999920
1985-09-01,6.28547900000000048
1985-10-01,6.11670400000000036
1985-11-01,6.11587800000000037
1985-12-01,6.41053899999999999
1986-01-01,6.26228700000000060
1986-02-01,5.91866299999999956
1986-03-01,5.38116699999999959
1986-04-01,4.33431100000000047
1986-05-01,4.15533300000000061
1986-06-01,3.71476400000000018
1986-07-01,3.54344200000000020
1986-08-01,3.49664700000000028
1986-09-01,4.04597899999999999
1986-10-01,3.94873599999999980
1986-11-01,4.70475699999999986
1986-12-01,4.96027899999999988
1987-01-01,5.04130799999999990
1987-02-01,4.76527000000000012
1987-03-01,4.73327800000000032
1987-04-01,4.71186300000000013
1987-05-01,4.46455700000000011
1987-06-01,4.81666699999999981
1987-07-01,4.99102900000000016
1987-08-01,4.93519899999999989
1987-09-01,4.97732399999999942
1987-10-01,5.24886400000000020
1987-11-01,4.70393300000000014
1987-12-01,4.17653199999999991
1988-01-01,3.86919099999999982
1988-02-01,4.01248200000000033
1988-03-01,4.19400800000000018
1988-04-01,4.65619300000000003
1988-05-01,4.96448799999999935
1988-06-01,5.17751600000000067
1988-07-01,5.27910400000000024
1988-08-01,6.38091800000000031
1988-09-01,6.44958799999999943
1988-10-01,7.20866499999999810
1988-11-01,7.12968000000000046
1988-12-01,7.60994799999999838
1989-01-01,8.37851500000000016
1989-02-01,8.75902699999999967
1989-03-01,8.72916999999999987
1989-04-01,8.62248999999999910
1989-05-01,8.79770599999999980
1989-06-01,8.77705700000000100
1989-07-01,8.82470399999999877
1989-08-01,7.73358999999999863
1989-09-01,7.94688999999999979
1989-10-01,7.40109100000000009
1989-11-01,7.89408300000000018
1989-12-01,7.86977399999999960
1990-01-01,7.60888800000000032
1990-02-01,7.44997500000000024
1990-03-01,8.23228899999999975
1990-04-01,9.91033299999999961
1990-05-01,10.23908999999999914
1990-06-01,10.40570999999999913
1990-07-01,10.45457000000000036
1990-08-01,10.84703999999999979
1990-09-01,10.85262999999999955
1990-10-01,10.85121000000000002
1990-11-01,9.74788599999999938
1990-12-01,9.60197100000000070
1991-01-01,9.36269399999999941
1991-02-01,9.33356099999999955
1991-03-01,8.63212100000000149
1991-04-01,6.13129700000000000
1991-05-01,5.49663000000000057
1991-06-01,5.36604499999999973
1991-07-01,4.88621100000000030
1991-08-01,4.28534100000000073
1991-09-01,4.21353099999999969
1991-10-01,3.84161799999999998
1991-11-01,4.26899000000000051
1991-12-01,4.32421699999999998
1992-01-01,4.06439100000000053
1992-02-01,3.96081700000000003
1992-03-01,3.71786500000000020
1992-04-01,4.64992200000000011
1992-05-01,4.74557400000000040
1992-06-01,4.46772300000000033
1992-07-01,4.43240400000000001
1992-08-01,4.42663500000000010
1992-09-01,4.31418600000000030
1992-10-01,4.18907499999999988
1992-11-01,3.58653200000000005
1992-12-01,2.83445100000000005
1993-01-01,1.77046199999999998
1993-02-01,1.82310700000000003
1993-03-01,1.81169899999999995
1993-04-01,1.01312599999999997
1993-05-01,1.02524400000000004
1993-06-01,0.92602549999999995
1993-07-01,0.96179280000000000
1993-08-01,1.37413099999999999
1993-09-01,1.39735900000000002
1993-10-01,1.17410499999999995
1993-11-01,1.39510499999999982
1993-12-01,2.06952900000000017
1994-01-01,2.60162400000000016
1994-02-01,2.68674400000000002
1994-03-01,2.72187000000000001
1994-04-01,2.71100399999999997
1994-05-01,2.66305800000000037
1994-06-01,2.67333499999999979
1994-07-01,2.35008499999999998
1994-08-01,2.22791300000000003
1994-09-01,2.07518199999999986
1994-10-01,2.29586699999999988
1994-11-01,2.44933399999999990
1994-12-01,2.73076100000000022
1995-01-01,3.05669900000000005
1995-02-01,3.12157200000000001
1995-03-01,3.18104000000000031
1995-04-01,3.37400300000000009
1995-05-01,3.33274900000000018
1995-06-01,3.66133800000000020
1995-07-01,3.69112000000000018
1995-08-01,3.63188699999999987
1995-09-01,3.80341100000000010
1995-10-01,3.09091899999999997
1995-11-01,3.03574499999999992
1995-12-01,2.97923500000000008
1996-01-01,2.67261600000000010
1996-02-01,2.51066700000000020
1996-03-01,2.56854300000000002
1996-04-01,1.87785299999999999
1996-05-01,1.91906299999999996
1996-06-01,1.75270499999999996
1996-07-01,1.68633799999999989
1996-08-01,1.72359700000000005
1996-09-01,1.80778900000000009
1996-10-01,2.36553000000000013
1996-11-01,2.44742799999999994
1996-12-01,2.44790600000000014
1997-01-01,2.05761299999999991
1997-02-01,1.90995899999999996
1997-03-01,2.03804300000000005
1997-04-01,1.89189199999999991
1997-05-01,1.88679200000000002
1997-06-01,1.74966300000000019
1997-07-01,1.75913399999999998
1997-08-01,1.88679200000000002
1997-09-01,1.74029399999999979
1997-10-01,1.73796799999999996
1997-11-01,2.00267000000000017
1997-12-01,1.86418100000000009
1998-01-01,1.74731199999999998
1998-02-01,1.74029399999999979
1998-03-01,1.59786999999999990
1998-04-01,1.59151200000000004
1998-05-01,1.71957699999999991
1998-06-01,1.58730199999999999
1998-07-01,1.32978700000000005
1998-08-01,1.19047600000000009
1998-09-01,1.44736799999999999
1998-10-01,1.18265400000000009
1998-11-01,1.04712000000000005
1998-12-01,1.17647099999999982
1999-01-01,1.18890400000000018
1999-02-01,1.05263200000000001
1999-03-01,0.91743120000000000
1999-04-01,0.91383809999999999
1999-05-01,0.78023409999999993
1999-06-01,0.91145830000000005
1999-07-01,0.78740159999999992
1999-08-01,0.65359480000000003
1999-09-01,0.51880680000000001
1999-10-01,0.51948050000000001
1999-11-01,0.38860099999999997
1999-12-01,0.25839789999999990
2000-01-01,0.00000000000000000
2000-02-01,0.13020830000000000
2000-03-01,0.12987009999999999
2000-04-01,0.00000000000000000
2000-05-01,0.00000000000000000
2000-06-01,-0.12903229999999999
2000-07-01,-0.13020830000000000
2000-08-01,0.00000000000000000
2000-09-01,0.12903229999999999
2000-10-01,0.25839789999999990
2000-11-01,0.25806449999999997
2000-12-01,0.25773190000000001
2001-01-01,0.52219320000000002
2001-02-01,0.39011699999999999
2001-03-01,0.51880680000000001
2001-04-01,0.77619669999999996
2001-05-01,1.03225799999999990
2001-06-01,1.29198999999999997
2001-07-01,1.56453700000000007
2001-08-01,1.81818199999999996
2001-09-01,1.28865999999999992
2001-10-01,1.15979399999999999
2001-11-01,1.15830100000000003
2001-12-01,1.28534700000000002
2002-01-01,1.68831199999999981
2002-02-01,1.55440399999999990
2002-03-01,1.54838700000000018
2002-04-01,1.41206699999999996
2002-05-01,1.27713900000000002
2002-06-01,1.27550999999999992
2002-07-01,1.54043700000000006
2002-08-01,1.27550999999999992
2002-09-01,1.27226499999999998
2002-10-01,1.65605099999999994
2002-11-01,1.52671800000000002
2002-12-01,1.77665000000000006
2003-01-01,1.53256700000000001
2003-02-01,1.65816300000000005
2003-03-01,1.52477799999999997
2003-04-01,1.51898700000000009
2003-05-01,1.26103399999999999
2003-06-01,1.00755700000000004
2003-07-01,1.26422300000000010
2003-08-01,1.25944599999999984
2003-09-01,1.25628099999999998
2003-10-01,1.12782000000000004
2003-11-01,1.12782000000000004
2003-12-01,0.87281790000000004
2004-01-01,1.13207499999999994
2004-02-01,1.12923499999999999
2004-03-01,1.00125200000000003
2004-04-01,0.99750629999999996
2004-05-01,1.12079700000000004
2004-06-01,1.24688299999999996
2004-07-01,1.12359499999999990
2004-08-01,0.99502489999999999
2004-09-01,0.86848630000000016
2004-10-01,0.86741019999999991
2004-11-01,0.99132589999999998
2004-12-01,1.35970300000000011
2005-01-01,1.24378100000000003
2005-02-01,1.11571799999999999
2005-03-01,1.35944599999999993
2005-04-01,1.35170100000000004
2005-05-01,1.34657000000000004
2005-06-01,1.46882099999999993
2005-07-01,1.84191499999999997
2005-08-01,1.83557600000000010
2005-09-01,1.71031700000000009
2005-10-01,1.70731699999999975
2005-11-01,1.70432400000000017
2005-12-01,1.44735299999999989
2006-01-01,1.69999999999999996
2006-02-01,1.80000000000000004
2006-03-01,1.69999999999999996
2006-04-01,1.69999999999999996
2006-05-01,1.60000000000000009
2006-06-01,1.69999999999999996
2006-07-01,1.39999999999999991
2006-08-01,1.60000000000000009
2006-09-01,1.80000000000000004
2006-10-01,1.80000000000000004
2006-11-01,2.00000000000000000
2006-12-01,2.00000000000000000
2007-01-01,1.89999999999999991
2007-02-01,1.89999999999999991
2007-03-01,2.10000000000000009
2007-04-01,2.00000000000000000
2007-05-01,2.10000000000000009
2007-06-01,2.10000000000000009
2007-07-01,2.00000000000000000
2007-08-01,2.00000000000000000
2007-09-01,1.80000000000000004
2007-10-01,1.89999999999999991
2007-11-01,1.69999999999999996
2007-12-01,1.80000000000000004
2008-01-01,1.69999999999999996
2008-02-01,1.69999999999999996
2008-03-01,1.60000000000000009
2008-04-01,1.80000000000000004
2008-05-01,1.89999999999999991
2008-06-01,1.89999999999999991
2008-07-01,2.20000000000000018
2008-08-01,2.20000000000000018
2008-09-01,2.39999999999999991
2008-10-01,2.10000000000000009
2008-11-01,2.20000000000000018
2008-12-01,1.50000000000000000
2009-01-01,1.60000000000000009
2009-02-01,1.89999999999999991
2009-03-01,1.89999999999999991
2009-04-01,1.69999999999999996
2009-05-01,1.69999999999999996
2009-06-01,1.50000000000000000
2009-07-01,1.60000000000000009
2009-08-01,1.50000000000000000
2009-09-01,1.50000000000000000
2009-10-01,1.39999999999999991
2009-11-01,1.39999999999999991
2009-12-01,1.89999999999999991
2010-01-01,2.10000000000000009
2010-02-01,1.89999999999999991
2010-03-01,1.89999999999999991
2010-04-01,2.00000000000000000
2010-05-01,1.89999999999999991
2010-06-01,2.00000000000000000
2010-07-01,1.80000000000000004
2010-08-01,1.89999999999999991
2010-09-01,1.89999999999999991
2010-10-01,2.00000000000000000
2010-11-01,2.10000000000000009
2010-12-01,2.29999999999999982
2011-01-01,2.50000000000000000
2011-02-01,2.79999999999999982
2011-03-01,2.70000000000000018
2011-04-01,3.10000000000000009
2011-05-01,2.79999999999999982
2011-06-01,2.50000000000000000
2011-07-01,2.70000000000000018
2011-08-01,2.70000000000000018
2011-09-01,2.89999999999999991
2011-10-01,2.89999999999999991
2011-11-01,2.79999999999999982
2011-12-01,2.60000000000000009
2012-01-01,2.39999999999999991
2012-02-01,2.20000000000000018
2012-03-01,2.20000000000000018
2012-04-01,2.00000000000000000
2012-05-01,2.00000000000000000
2012-06-01,2.00000000000000000
2012-07-01,2.10000000000000009
2012-08-01,1.89999999999999991
2012-09-01,2.00000000000000000
2012-10-01,2.29999999999999982
2012-11-01,2.39999999999999991
2012-12-01,2.10000000000000009
2013-01-01,2.00000000000000000
2013-02-01,2.00000000000000000
2013-03-01,2.10000000000000009
2013-04-01,1.80000000000000004
2013-05-01,2.00000000000000000
2013-06-01,2.10000000000000009
2013-07-01,1.89999999999999991
2013-08-01,1.80000000000000004
2013-09-01,1.89999999999999991
2013-10-01,1.60000000000000009
2013-11-01,1.69999999999999996
2013-12-01,1.60000000000000009
2014-01-01,1.50000000000000000
2014-02-01,1.60000000000000009
2014-03-01,1.50000000000000000
2014-04-01,1.80000000000000004
2014-05-01,1.50000000000000000
2014-06-01,1.89999999999999991
2014-07-01,1.69999999999999996
2014-08-01,1.80000000000000004
2014-09-01,1.50000000000000000
2014-10-01,1.50000000000000000
2014-11-01,1.30000000000000004
2014-12-01,1.39999999999999991
2015-01-01,1.50000000000000000
2015-02-01,1.39999999999999991
2015-03-01,1.19999999999999996
2015-04-01,1.10000000000000009
2015-05-01,1.19999999999999996
2015-06-01,1.00000000000000000
2015-07-01,1.30000000000000004
2015-08-01,1.19999999999999996
2015-09-01,1.19999999999999996
2015-10-01,1.30000000000000004
2015-11-01,1.39999999999999991
2015-12-01,1.50000000000000000
2016-01-01,1.39999999999999991
2016-02-01,1.39999999999999991
2016-03-01,1.60000000000000009
2016-04-01,1.50000000000000000
2016-05-01,1.50000000000000000
2016-06-01,1.60000000000000009
2016-07-01,1.60000000000000009
2016-08-01,1.50000000000000000
2016-09-01,1.69999999999999996
2016-10-01,1.60000000000000009
2016-11-01,1.69999999999999996
2016-12-01,1.80000000000000004
2017-01-01,1.80000000000000004
2017-02-01,2.10000000000000009
2017-03-01,1.89999999999999991
2017-04-01,2.39999999999999991
2017-05-01,2.50000000000000000
2017-06-01,2.39999999999999991
2017-07-01,2.39999999999999991
2017-08-01,2.60000000000000009
2017-09-01,2.50000000000000000
2017-10-01,2.50000000000000000
2017-11-01,2.50000000000000000
2017-12-01,2.29999999999999982
2018-01-01,2.39999999999999991
2018-02-01,2.20000000000000018
2018-03-01,2.10000000000000009
2018-04-01,2.00000000000000000
2018-05-01,2.00000000000000000
2018-06-01,1.80000000000000004
2018-07-01,1.80000000000000004
2018-08-01,1.89999999999999991
2018-09-01,1.80000000000000004
2018-10-01,1.80000000000000004
2018-11-01,1.80000000000000004
2018-12-01,1.80000000000000004
2019-01-01,1.80000000000000004
2019-02-01,1.80000000000000004
2019-03-01,1.80000000000000004
2019-04-01,1.69999999999999996
2019-05-01,1.69999999999999996
2019-06-01,1.69999999999999996
2019-07-01,1.89999999999999991
2019-08-01,1.50000000000000000
2019-09-01,1.60000000000000009
2019-10-01,1.69999999999999996
2019-11-01,1.69999999999999996
2019-12-01,1.39999999999999991
2020-01-01,1.60000000000000009
2020-02-01,1.69999999999999996
2020-03-01,1.60000000000000009
2020-04-01,1.50000000000000000
2020-05-01,1.30000000000000004
2020-06-01,1.50000000000000000
2020-07-01,1.80000000000000004
2020-08-01,1.00000000000000000
2020-09-01,1.39999999999999991
2020-10-01,1.50000000000000000
2020-11-01,1.19999999999999996
2020-12-01,1.50000000000000000
2021-01-01,1.50000000000000000
2021-02-01,1.10000000000000009
2021-03-01,1.30000000000000004
2021-04-01,1.50000000000000000
2021-05-01,2.00000000000000000
2021-06-01,2.29999999999999982
2021-07-01,1.89999999999999991
2021-08-01,2.89999999999999991
2021-09-01,2.70000000000000018
2021-10-01,3.10000000000000009
2021-11-01,3.60000000000000009
2021-12-01,3.79999999999999982
2022-01-01,4.00000000000000000
2022-02-01,4.59999999999999964
2022-03-01,5.09999999999999964
2022-04-01,5.40000000000000036
2022-05-01,5.20000000000000018
2022-06-01,5.20000000000000018
2022-07-01,5.50000000000000000
2022-08-01,5.59999999999999964
2022-09-01,5.79999999999999982
2022-10-01,5.79999999999999982
2022-11-01,5.70000000000000018
2022-12-01,5.79999999999999982
2023-01-01,5.29999999999999982
2023-02-01,5.70000000000000018
2023-03-01,5.70000000000000018
2023-04-01,6.20000000000000018
2023-05-01,6.50000000000000000
2023-06-01,6.40000000000000036
2023-07-01,6.40000000000000036
2023-08-01,5.90000000000000036
2023-09-01,5.90000000000000036
2023-10-01,5.59999999999999964
2023-11-01,5.20000000000000018
2023-12-01,5.20000000000000018
2024-01-01,5.09999999999999964
2024-02-01,4.79999999999999982
2024-03-01,4.70000000000000018
2024-04-01,4.40000000000000036
2024-05-01,4.20000000000000018
2024-06-01,4.20000000000000018
2024-07-01,4.09999999999999964
2024-08-01,4.29999999999999982
2024-09-01,4.00000000000000000
2024-10-01,4.09999999999999964
2024-11-01,4.40000000000000036
2024-12-01,4.20000000000000018
2025-01-01,4.59999999999999964
2025-02-01,4.40000000000000036
2025-03-01,4.20000000000000018
