observation_date,BRACPIALLMINMEI
1979-12-01,0.00000000017675380000000001
1980-01-01,0.00000000018844719999999999
1980-02-01,0.00000000019714770000000000
1980-03-01,0.00000000020905219999999999
1980-04-01,0.00000000022010289999999999
1980-05-01,0.00000000023265480000000000
1980-06-01,0.00000000024499789999999998
1980-07-01,0.00000000025858449999999999
1980-08-01,0.00000000027137299999999999
1980-09-01,0.00000000028285299999999998
1980-10-01,0.00000000030966889999999999
1980-11-01,0.00000000033033430000000001
1980-12-01,0.00000000035218279999999998
1981-01-01,0.00000000037626340000000000
1981-02-01,0.00000000040034859999999999
1981-03-01,0.00000000042025290000000002
1981-04-01,0.00000000044740989999999998
1981-05-01,0.00000000047228390000000005
1981-06-01,0.00000000049834350000000004
1981-07-01,0.00000000052951900000000004
1981-08-01,0.00000000055862029999999997
1981-09-01,0.00000000058798600000000002
1981-10-01,0.00000000061784140000000004
1981-11-01,0.00000000065041120000000000
1981-12-01,0.00000000068895080000000003
1982-01-01,0.00000000073693559999999998
1982-02-01,0.00000000078584369999999999
1982-03-01,0.00000000083073579999999997
1982-04-01,0.00000000087964389999999998
1982-05-01,0.00000000093821540000000008
1982-06-01,0.00000000100487500000000001
1982-07-01,0.00000000106876399999999997
1982-08-01,0.00000000113259989999999997
1982-09-01,0.00000000119013890000000005
1982-10-01,0.00000000124301000000000003
1982-11-01,0.00000000130874600000000002
1982-12-01,0.00000000141090500000000010
1983-01-01,0.00000000153282289999999998
1983-02-01,0.00000000165327499999999996
1983-03-01,0.00000000177470500000000003
1983-04-01,0.00000000189146700000000016
1983-05-01,0.00000000201409000000000002
1983-06-01,0.00000000221308999999999985
1983-07-01,0.00000000243613399999999998
1983-08-01,0.00000000265809590000000009
1983-09-01,0.00000000293189600000000015
1983-10-01,0.00000000319185399999999993
1983-11-01,0.00000000342754789999999997
1983-12-01,0.00000000372495999999999993
1984-01-01,0.00000000408512399999999968
1984-02-01,0.00000000447324000000000016
1984-03-01,0.00000000487308300000000001
1984-04-01,0.00000000533812190000000037
1984-05-01,0.00000000582123300000000030
1984-06-01,0.00000000640802489999999987
1984-07-01,0.00000000703118400000000015
1984-08-01,0.00000000768854390000000042
1984-09-01,0.00000000859179900000000056
1984-10-01,0.00000000948854199999999939
1984-11-01,0.00000001048734000000000072
1984-12-01,0.00000001174342999999999943
1985-01-01,0.00000001312436999999999942
1985-02-01,0.00000001455037000000000008
1985-03-01,0.00000001602902000000000055
1985-04-01,0.00000001734264999999999946
1985-05-01,0.00000001859059999999999906
1985-06-01,0.00000002016966999999999865
1985-07-01,0.00000002224977000000000019
1985-08-01,0.00000002493076999999999951
1985-09-01,0.00000002770241989999999869
1985-10-01,0.00000003064343999999999980
1985-11-01,0.00000003492522999999999728
1985-12-01,0.00000004018951999999999710
1986-01-01,0.00000004596569999999999979
1986-02-01,0.00000005181082000000000204
1986-03-01,0.00000005428229000000000240
1986-04-01,0.00000005470569000000000075
1986-05-01,0.00000005547106999999999671
1986-06-01,0.00000005617675000000000042
1986-07-01,0.00000005713753999999999747
1986-08-01,0.00000005916769989999999946
1986-09-01,0.00000006018277999999999967
1986-10-01,0.00000006132813000000000006
1986-11-01,0.00000006467191999999999932
1986-12-01,0.00000007220629999999999456
1987-01-01,0.00000008174369989999999594
1987-02-01,0.00000009207363000000000230
1987-03-01,0.00000010714780000000000340
1987-04-01,0.00000012761220000000000234
1987-05-01,0.00000015498679990000000413
1987-06-01,0.00000018553689989999998862
1987-07-01,0.00000020262489989999998916
1987-08-01,0.00000021249350000000000948
1987-09-01,0.00000022902779999999999363
1987-10-01,0.00000025472510000000001821
1987-11-01,0.00000029313519999999999499
1987-12-01,0.00000033461229999999998197
1988-01-01,0.00000039781859989999998028
1988-02-01,0.00000046027580000000000075
1988-03-01,0.00000054128669989999997044
1988-04-01,0.00000064569880000000000616
1988-05-01,0.00000075817709989999997081
1988-06-01,0.00000092497569999999998088
1988-07-01,0.00000112763900000000002983
1988-08-01,0.00000137109499999999995674
1988-09-01,0.00000174746099999999997993
1988-10-01,0.00000219515999999999991799
1988-11-01,0.00000280849000000000002410
1988-12-01,0.00000361452699999999997770
1989-01-01,0.00000496961399999999978210
1989-02-01,0.00000580351499999999977927
1989-03-01,0.00000619931500000000029266
1989-04-01,0.00000671571799999999999677
1989-05-01,0.00000791917299999999981029
1989-06-01,0.00001018801999999999940072
1989-07-01,0.00001301416999999999943869
1989-08-01,0.00001740124999999999877713
1989-09-01,0.00002393714999999999832139
1989-10-01,0.00003345695999999999891393
1989-11-01,0.00004945608000000000100370
1989-12-01,0.00007492595999990000045585
1990-01-01,0.00012553849999999999753099
1990-02-01,0.00022060869999989998996130
1990-03-01,0.00040236820000000002132967
1990-04-01,0.00046481579999999998904781
1990-05-01,0.00050009529999999998220450
1990-06-01,0.00055885649999999999822803
1990-07-01,0.00063106070000000004122792
1990-08-01,0.00071234140000000004382813
1990-09-01,0.00081498979999999996044757
1990-10-01,0.00093202230000000000926380
1990-11-01,0.00108869499999999998392231
1990-12-01,0.00128945100000000005199818
1991-01-01,0.00155701199999999997936051
1991-02-01,0.00187963200000000000416955
1991-03-01,0.00210373899999999986951127
1991-04-01,0.00220870000000000007295275
1991-05-01,0.00237284699999999997704903
1991-06-01,0.00263834499999999983962939
1991-07-01,0.00296573599999989988632021
1991-08-01,0.00342929399999999983197907
1991-09-01,0.00396531900000000013528645
1991-10-01,0.00476748599999999959908603
1991-11-01,0.00596938299999999998080025
1991-12-01,0.00738468399999999986632604
1992-01-01,0.00930029199999999993397903
1992-02-01,0.01156212000000000038324455
1992-03-01,0.01403644000000000072181372
1992-04-01,0.01683391000000000053971050
1992-05-01,0.02101882000000000055850435
1992-06-01,0.02526679000000000077652551
1992-07-01,0.03078254000000000059622529
1992-08-01,0.03759780000000000066417982
1992-09-01,0.04685812000000000310251380
1992-10-01,0.05868509000000000225272245
1992-11-01,0.07188340000000000007407408
1992-12-01,0.09002673999999999399079798
1993-01-01,0.11734980000000000410764756
1993-02-01,0.14666379999999989980352666
1993-03-01,0.18664439999999998809343538
1993-04-01,0.23843809999999998616715402
1993-05-01,0.30446159999999999890007985
1993-06-01,0.39601329999999990150172380
1993-07-01,0.51766850000000008691358744
1993-08-01,0.68829209999999996227870724
1993-09-01,0.93394359999999998489528252
1993-10-01,1.25073699999999998766497811
1993-11-01,1.69549900000000008937206530
1993-12-01,2.32012200000000001764988156
1994-01-01,3.27856399999999981176301844
1994-02-01,4.59894499999999961659113978
1994-03-01,6.56501599999999996271071723
1994-04-01,9.36702599999999918622961559
1994-05-01,13.49127000000000187185378309
1994-06-01,19.89017000000000123804966279
1994-07-01,21.25068999999999874717104831
1994-08-01,21.64603999999999928149918560
1994-09-01,21.97712000000000287514012598
1994-10-01,22.55296999999999840724740352
1994-11-01,23.18659999999999854480847716
1994-12-01,23.58311000000000134946276376
1995-01-01,23.98402000000000100499164546
1995-02-01,24.22857000000000127215571410
1995-03-01,24.60418999999999911665327090
1995-04-01,25.20208999999999832652974874
1995-05-01,25.87491999999999947590367810
1995-06-01,26.45958999999999861074684304
1995-07-01,27.08393999999999834926711628
1995-08-01,27.35213999999999856527210795
1995-09-01,27.62290000000000134150468512
1995-10-01,28.01245000000000118234311230
1995-11-01,28.42426999999999992496668710
1995-12-01,28.86765000000000114255271910
1996-01-01,29.25441000000000002501110430
1996-02-01,29.55580000000000140403244586
1996-03-01,29.65927000000000290924617730
1996-04-01,30.03304000000000328896021529
1996-05-01,30.39939000000000390855348087
1996-06-01,30.76109999999999899955582805
1996-07-01,31.10262000000000170985003933
1996-08-01,31.23950999999999922351889836
1996-09-01,31.28637000000000156774149218
1996-10-01,31.38034000000000389718479710
1996-11-01,31.48079999999999856186150282
1996-12-01,31.62882000000000104478203866
1997-01-01,32.00213000000000107547748485
1997-02-01,32.16221999999999781039150548
1997-03-01,32.32625000000000170530256582
1997-04-01,32.61070000000000135287336889
1997-05-01,32.74434000000000111185727292
1997-06-01,32.92112999999999800593286636
1997-07-01,32.99352000000000373347575078
1997-08-01,32.98702000000000111867848318
1997-09-01,33.00674000000000063437255449
1997-10-01,33.08260999999999540932549280
1997-11-01,33.13875999999999777401171741
1997-12-01,33.28122000000000468844518764
1998-01-01,33.51740000000000208046913031
1998-02-01,33.67169000000000522732079844
1998-03-01,33.78607000000000226691554417
1998-04-01,33.86704999999999898818714428
1998-05-01,34.03641999999999967485564412
1998-06-01,34.04314000000000106638253783
1998-07-01,34.00230999999999426108843181
1998-08-01,33.82899000000000455656845588
1998-09-01,33.75451999999999941337591736
1998-10-01,33.76124999999999687361196266
1998-11-01,33.72064999999999912461134954
1998-12-01,33.83200999999999680767359678
1999-01-01,34.06889999999999929514160613
1999-02-01,34.42665999999999826286511961
1999-03-01,34.80530000000000256932253251
1999-04-01,35.00019000000000346517481375
1999-05-01,35.10529000000000365844243788
1999-06-01,35.17188000000000158706825459
1999-07-01,35.55516000000000076397554949
1999-08-01,35.75422999999999973397279973
1999-09-01,35.86514000000000379486664315
1999-10-01,36.29202999999999690317054046
1999-11-01,36.63680999999999698957253713
1999-12-01,36.85652000000000327872839989
2000-01-01,37.08505000000000251247911365
2000-02-01,37.13331000000000159388946486
2000-03-01,37.21497999999999706233211327
2000-04-01,37.37136000000000279896994471
2000-05-01,37.37507000000000090267349151
2000-06-01,37.46114000000000032741809264
2000-07-01,38.06437999999999988176568877
2000-08-01,38.56296999999999997044142219
2000-09-01,38.65160000000000195541360881
2000-10-01,38.70566000000000173031367012
2000-11-01,38.82954999999999756710167276
2000-12-01,39.05854999999999677129380871
2001-01-01,39.28128000000000241698216996
2001-02-01,39.46202000000000253976395470
2001-03-01,39.61189999999999855617716094
2001-04-01,39.84158999999999650754034519
2001-05-01,40.00491999999999848114384804
2001-06-01,40.21303999999999945202944218
2001-07-01,40.74783000000000043883119361
2001-08-01,41.03296999999999883357304498
2001-09-01,41.14782000000000294903657050
2001-10-01,41.48934000000000565933078178
2001-11-01,41.78399999999999891997504164
2001-12-01,42.05568000000000239424480242
2002-01-01,42.27447000000000087993612397
2002-02-01,42.42667000000000143700162880
2002-03-01,42.68119000000000085037754616
2002-04-01,43.02270999999999645524439984
2002-05-01,43.11296000000000105956132757
2002-06-01,43.29393000000000313320924761
2002-07-01,43.80922999999999944975570543
2002-08-01,44.09391000000000104819264379
2002-09-01,44.41129999999999711235432187
2002-10-01,44.99319000000000556838131160
2002-11-01,46.35208000000000083673512563
2002-12-01,47.32536999999999949295670376
2003-01-01,48.39030999999999949068296701
2003-02-01,49.15014999999999645297066309
2003-03-01,49.75477000000000060708771343
2003-04-01,50.23736000000000245790943154
2003-05-01,50.54384999999999905639924691
2003-06-01,50.46797999999999717601895100
2003-07-01,50.56889999999999929514160613
2003-08-01,50.74083000000000254203769146
2003-09-01,51.13663999999999987267074175
2003-10-01,51.28488999999999720103005529
2003-11-01,51.45936999999999983401721693
2003-12-01,51.72688000000000130285116029
2004-01-01,52.11990000000000122781784739
2004-02-01,52.43775999999999726242094766
2004-03-01,52.68415999999999854708221392
2004-04-01,52.87904999999999944293449516
2004-05-01,53.14865000000000350155460183
2004-06-01,53.52590000000000003410605132
2004-07-01,54.01289000000000584122972214
2004-08-01,54.38550000000000039790393203
2004-09-01,54.56508000000000180307324626
2004-10-01,54.80521000000000242380338022
2004-11-01,55.18339000000000282852852251
2004-12-01,55.65785999999999944520823192
2005-01-01,55.98058999999999940655470709
2005-02-01,56.31096999999999752617441118
2005-03-01,56.65435000000000087538865046
2005-04-01,57.14714000000000027057467378
2005-05-01,57.42718000000000699856173014
2005-06-01,57.41558000000000561158230994
2005-07-01,57.55919999999999703277353547
2005-08-01,57.65711000000000296950020129
2005-09-01,57.85896000000000327645466314
2005-10-01,58.29281999999999186456989264
2005-11-01,58.61346000000000344698491972
2005-12-01,58.82435999999999864940036787
2006-01-01,59.17145000000000010231815395
2006-02-01,59.41413000000000721456672181
2006-03-01,59.66958000000000339468897437
2006-04-01,59.79485999999999989995558280
2006-05-01,59.85471999999999326291799662
2006-06-01,59.72896999999999678720996599
2006-07-01,59.84243000000000733962224331
2006-08-01,59.87236000000000046838977141
2006-09-01,59.99810999999999694409780204
2006-10-01,60.19601000000000112777343020
2006-11-01,60.38255000000000194404492504
2006-12-01,60.67234000000000548880052520
2007-01-01,60.93938000000000698719304637
2007-02-01,61.20759000000000327190718963
2007-03-01,61.43403000000000702129909769
2007-04-01,61.58762000000000114141585073
2007-05-01,61.76001000000000118461684906
2007-06-01,61.93285999999999802412276040
2007-07-01,62.08158000000000242835085373
2007-08-01,62.37344999999999828332875040
2007-09-01,62.48573999999999983856469044
2007-10-01,62.67320999999999742158252047
2007-11-01,62.91125000000000255795384874
2007-12-01,63.37689999999999912461134954
2008-01-01,63.71911999999999665078576072
2008-02-01,64.03140999999999394276528619
2008-03-01,64.33881999999999834471964277
2008-04-01,64.69263999999999725787347415
2008-05-01,65.20376999999999156898411456
2008-06-01,65.68635000000000445652403869
2008-07-01,66.03436999999999557076080237
2008-08-01,66.21927999999999769897840451
2008-09-01,66.39142999999999972260411596
2008-10-01,66.69026999999999816282070242
2008-11-01,66.93040000000000588897819398
2008-12-01,67.11786999999999636656866642
2009-01-01,67.43989999999999440660758410
2009-02-01,67.81088000000001159150997410
2009-03-01,67.94638000000000488398654852
2009-04-01,68.27259000000000810359779280
2009-05-01,68.59345999999999321516952477
2009-06-01,68.84031999999999129613570403
2009-07-01,69.00551999999998997736838646
2009-08-01,69.10899000000000569343683310
2009-09-01,69.27488000000001022726792144
2009-10-01,69.46884000000000014551915228
2009-11-01,69.75374999999999658939486835
2009-12-01,70.01175999999999532974470640
2010-01-01,70.53679999999999949977791402
2010-02-01,71.08689999999999997726263246
2010-03-01,71.45649000000000228283170145
2010-04-01,71.86391000000000417458068114
2010-05-01,72.17293999999999698502506362
2010-06-01,72.17293999999999698502506362
2010-07-01,72.18014000000002283741196152
2010-08-01,72.20891000000000303771230392
2010-09-01,72.53372000000000241470843321
2010-10-01,73.07779999999999631654645782
2010-11-01,73.68426999999999793544702698
2010-12-01,74.14853000000002225533535238
2011-01-01,74.76406000000000062755134422
2011-02-01,75.36218000000000927229848458
2011-03-01,75.95753000000000554337020731
2011-04-01,76.54243000000001018179318635
2011-05-01,76.90228000000000463387550553
2011-06-01,77.01758999999999844021658646
2011-07-01,77.14078999999999552983354079
2011-08-01,77.42615999999999587544152746
2011-09-01,77.83659000000000105501385406
2011-10-01,78.17139000000000237378117163
2011-11-01,78.57786999999999011379259173
2011-12-01,78.97066999999999836745701032
2012-01-01,79.41289000000000442014425062
2012-02-01,79.77018999999999948613549350
2012-03-01,79.93770000000000663931132294
2012-04-01,80.44929000000000485215423396
2012-05-01,80.73883999999999616647983203
2012-06-01,80.80334000000000571617420064
2012-07-01,81.15089000000000396539689973
2012-08-01,81.48359999999999558895069640
2012-09-01,81.94808000000000447471393272
2012-10-01,82.43158999999999991814547684
2012-11-01,82.92624999999999602096067974
2012-12-01,83.58145000000000379714037990
2013-01-01,84.30021999999999593455868308
2013-02-01,84.80601000000000055933924159
2013-03-01,85.20461000000000240106601268
2013-04-01,85.67327000000000225554686040
2013-05-01,85.99020000000000152340362547
2013-06-01,86.21385999999999683041096432
2013-07-01,86.23960999999999899046088103
2013-08-01,86.44655999999999096417013789
2013-09-01,86.74911000000000171894498635
2013-10-01,87.24353000000000690761225997
2013-11-01,87.71474000000000614818418398
2013-12-01,88.52168000000000347426976077
2014-01-01,89.00844999999999629380909028
2014-02-01,89.62257999999999924511939753
2014-03-01,90.44714999999999349711288232
2014-04-01,91.05316999999999438841769006
2014-05-01,91.47195000000000675299816066
2014-06-01,91.83782999999999674400896765
2014-07-01,91.84711000000000069576344686
2014-08-01,92.07680999999999471583578270
2014-09-01,92.60161999999999693500285503
2014-10-01,92.99047000000000195996108232
2014-11-01,93.46469999999999345163814723
2014-12-01,94.19368000000000051841198001
2015-01-01,95.36163000000000522504706169
2015-02-01,96.52494000000000085037754616
2015-03-01,97.79914999999999736246536486
2015-04-01,98.49356000000000221916707233
2015-05-01,99.22230999999999312422005460
2015-06-01,100.00629999999999597548594465
2015-07-01,100.62619999999999720330379205
2015-08-01,100.84759999999999990905052982
2015-09-01,101.39209999999999922692950349
2015-10-01,102.22339999999999804458639119
2015-11-01,103.25579999999999358806235250
2015-12-01,104.24699999999999988631316228
2016-01-01,105.57089999999999463398125954
2016-02-01,106.52100000000000079580786405
2016-03-01,106.97889999999999588453647448
2016-04-01,107.63160000000000593445292907
2016-05-01,108.47100000000000363797880709
2016-06-01,108.85060000000000002273736754
2016-07-01,109.41670000000000584350345889
2016-08-01,109.89809999999999945430317894
2016-09-01,109.98609999999999331521394197
2016-10-01,110.27209999999999467945599463
2016-11-01,110.47069999999999367901182268
2016-12-01,110.80200000000000670752342558
2017-01-01,111.22310000000000229647412198
2017-02-01,111.59019999999999583906173939
2017-03-01,111.86910000000000309228198603
2017-04-01,112.02570000000000050022208598
2017-05-01,112.37300000000000466116034659
2017-06-01,112.11450000000000670752342558
2017-07-01,112.38370000000000459294824395
2017-08-01,112.59709999999999752162693767
2017-09-01,112.77719999999999345163814723
2017-10-01,113.25090000000000145519152284
2017-11-01,113.56810000000000115960574476
2017-12-01,114.06780000000000541149347555
2018-01-01,114.39870000000000516138243256
2018-02-01,114.76479999999999392912286567
2018-03-01,114.86809999999999831743480172
2018-04-01,115.12069999999999936335370876
2018-05-01,115.58129999999999881765688770
2018-06-01,117.03759999999999763531377539
2018-07-01,117.42390000000000327418092638
2018-08-01,117.31829999999999358806235250
2018-09-01,117.88139999999999929514160613
2018-10-01,118.41179999999999949977791402
2018-11-01,118.16310000000000002273736754
2018-12-01,118.34029999999999915871740086
2019-01-01,118.71899999999999408828443848
2019-02-01,119.22939999999999827196006663
2019-03-01,120.12359999999999615738488501
2019-04-01,120.80830000000000268300937023
2019-05-01,120.96529999999999915871740086
2019-06-01,120.97740000000000293312041322
2019-07-01,121.20730000000000359250407200
2019-08-01,121.34069999999999822648533154
2019-09-01,121.29219999999999402007233584
2019-10-01,121.41360000000000241016095970
2019-11-01,122.03279999999999461124389200
2019-12-01,123.43630000000000279669620795
2020-01-01,123.69540000000000645741238259
2020-02-01,124.00469999999999970441422192
2020-03-01,124.09149999999999636202119291
2020-04-01,123.70680000000000120508047985
2020-05-01,123.23669999999999902229319559
2020-06-01,123.55710000000000547970557818
2020-07-01,124.00190000000000623003870714
2020-08-01,124.29959999999999809006112628
2020-09-01,125.09510000000000218278728426
2020-10-01,126.17100000000000648014975013
2020-11-01,127.29389999999999361079972005
2020-12-01,129.01240000000001373336999677
2021-01-01,129.33490000000000463842297904
2021-02-01,130.44720000000000936779542826
2021-03-01,131.66040000000000986801751424
2021-04-01,132.06850000000000022737367544
2021-05-01,133.16480000000001382431946695
2021-06-01,133.87049999999999272404238582
2021-07-01,135.15569999999999595274857711
2021-08-01,136.33150000000000545696821064
2021-09-01,137.91290000000000759428075980
2021-10-01,139.63669999999999049578036647
2021-11-01,140.96340000000000713953340892
2021-12-01,141.99240000000000350155460183
2022-01-01,142.75919999999999276951712091
2022-02-01,144.20109999999999672581907362
2022-03-01,146.53720000000001277840055991
2022-04-01,148.09059999999999490682967007
2022-05-01,148.78659999999999286046659108
2022-06-01,149.78360000000000695763446856
2022-07-01,148.76499999999998635757947341
2022-08-01,148.22950000000000159161572810
2022-09-01,147.79959999999999809006112628
2022-10-01,148.67179999999999040483089630
2022-11-01,149.28129999999998744897311553
2022-12-01,150.20679999999998699422576465
2023-01-01,151.00280000000000768523022998
2023-02-01,152.27119999999999322426447179
2023-03-01,153.35239999999998872226569802
2023-04-01,154.28780000000000427462509833
2023-05-01,154.64259999999998740349838044
2023-06-01,154.51890000000000213731254917
2023-07-01,154.70429999999998926796251908
2023-08-01,155.06020000000000891304807737
2023-09-01,155.46350000000001045918907039
2023-10-01,155.83650000000000090949470177
2023-11-01,156.27289999999999281499185599
2023-12-01,157.14809999999999945430317894
2024-01-01,157.80819999999999936335370876
2024-02-01,159.11789999999999167812347878
2024-03-01,159.37239999999999895408109296
2024-04-01,159.97790000000000532054400537
2024-05-01,160.71389999999999531610228587
2024-06-01,161.05150000000000432009983342
2024-07-01,161.66349999999999909050529823
2024-08-01,161.63130000000001018634065986
2024-09-01,162.34239999999999781721271574
2024-10-01,163.25139999999998963176039979
2024-11-01,163.88800000000000522959453519
2024-12-01,164.74019999999998731254891027
2025-01-01,165.00380000000001246007741429
2025-02-01,167.16550000000000864019966684
2025-03-01,168.10159999999999058672983665
2025-04-01,168.82460000000000377440301236
