observation_date,BOGZ1FL194090005Q
1987-10-01,12581765
1988-01-01,12938656
1988-04-01,13206490
1988-07-01,13423686
1988-10-01,13825527
1989-01-01,14119613
1989-04-01,14422904
1989-07-01,14803914
1989-10-01,15123584
1990-01-01,15177791
1990-04-01,15424362
1990-07-01,15261784
1990-10-01,15756395
1991-01-01,16222356
1991-04-01,16291007
1991-07-01,16576361
1991-10-01,17167995
1992-01-01,17122225
1992-04-01,17196232
1992-07-01,17520431
1992-10-01,18081111
1993-01-01,18370416
1993-04-01,18565881
1993-07-01,18931894
1993-10-01,19312344
1994-01-01,19377613
1994-04-01,19508148
1994-07-01,19812438
1994-10-01,20039288
1995-01-01,20498630
1995-04-01,21031458
1995-07-01,21627534
1995-10-01,22294039
1996-01-01,22738262
1996-04-01,23160698
1996-07-01,23417730
1996-10-01,24053167
1997-01-01,24228174
1997-04-01,25500978
1997-07-01,26434626
1997-10-01,26913497
1998-01-01,28369411
1998-04-01,28922004
1998-07-01,28141123
1998-10-01,30042287
1999-01-01,30209569
1999-04-01,31130485
1999-07-01,30860952
1999-10-01,33190883
2000-01-01,33915679
2000-04-01,33544701
2000-07-01,33826598
2000-10-01,32941356
2001-01-01,32094109
2001-04-01,33115509
2001-07-01,31924194
2001-10-01,33166426
2002-01-01,33500321
2002-04-01,32726285
2002-07-01,31428306
2002-10-01,32133389
2003-01-01,32099919
2003-04-01,33848693
2003-07-01,34530550
2003-10-01,36105300
2004-01-01,37924115
2004-04-01,38340711
2004-07-01,38986046
2004-10-01,40728172
2005-01-01,41048582
2005-04-01,42076034
2005-07-01,43182937
2005-10-01,44070439
2006-01-01,46103372
2006-04-01,46173972
2006-07-01,47161241
2006-10-01,48657572
2007-01-01,49879560
2007-04-01,50829740
2007-07-01,51982103
2007-10-01,51689946
2008-01-01,50517669
2008-04-01,49983825
2008-07-01,48385635
2008-10-01,45707676
2009-01-01,44399011
2009-04-01,45439197
2009-07-01,47468905
2009-10-01,47840807
2010-01-01,48997643
2010-04-01,48353816
2010-07-01,50429316
2010-10-01,52283274
2011-01-01,53583479
2011-04-01,54037603
2011-07-01,52289056
2011-10-01,53763002
2012-01-01,55770049
2012-04-01,55601182
2012-07-01,57140180
2012-10-01,56943557
2013-01-01,59259499
2013-04-01,59784238
2013-07-01,61605005
2013-10-01,63358194
2014-01-01,64688164
2014-04-01,66315002
2014-07-01,66467908
2014-10-01,67673602
2015-01-01,68789927
2015-04-01,69209077
2015-07-01,67912844
2015-10-01,69051274
2016-01-01,69876451
2016-04-01,71012243
2016-07-01,72276433
2016-10-01,72601216
2017-01-01,74494149
2017-04-01,75981479
2017-07-01,77232680
2017-10-01,79396471
2018-01-01,79821923
2018-04-01,80727144
2018-07-01,82460057
2018-10-01,78722421
2019-01-01,83546608
2019-04-01,85205333
2019-07-01,85687081
2019-10-01,88719633
2020-01-01,81873836
2020-04-01,88602734
2020-07-01,92207437
2020-10-01,99182117
2021-01-01,103069059
2021-04-01,107695340
2021-07-01,109292599
2021-10-01,112845482
2022-01-01,110730610
2022-04-01,102980452
2022-07-01,100907949
2022-10-01,102994487
2023-01-01,106202330
2023-04-01,109406644
2023-07-01,108016826
2023-10-01,112886258
2024-01-01,117095171
2024-04-01,118319095
2024-07-01,122575531
2024-10-01,123697401
2025-01-01,123098661
2025-04-01,128397991
2025-07-01,133774647
2025-10-01,135909348
2026-01-01,135588396
2026-04-01,147036130
