observation_date,DEUGDPNQDSMEI
1970-01-01,95529288138.45860
1970-04-01,100281096933.70799
1970-07-01,103856160626.36000
1970-10-01,104719107034.93201
1971-01-01,107666573339.53200
1971-04-01,110961459626.80400
1971-07-01,114648594281.60899
1971-10-01,115018428456.71100
1972-01-01,117483989624.05701
1972-04-01,119691787578.45399
1972-07-01,123984105428.87900
1972-10-01,127480719448.02499
1973-01-01,133017024978.33900
1973-04-01,134944645527.35600
1973-07-01,137242100251.47400
1973-10-01,140066288497.70700
1974-01-01,144134464423.82901
1974-04-01,146342262378.22501
1974-07-01,149413006741.19299
1974-10-01,150881136345.38602
1975-01-01,151934603389.61600
1975-04-01,152506165296.59100
1975-07-01,154590685192.62100
1975-10-01,159622671393.25000
1976-01-01,161964954502.22900
1976-04-01,166066751716.99701
1976-07-01,167456431647.68298
1976-10-01,172051341095.91901
1977-01-01,174572937744.34201
1977-04-01,177083327296.54898
1977-07-01,177688510492.16998
1977-10-01,183023088290.61105
1978-01-01,185253300437.43799
1978-04-01,187573169353.98700
1978-07-01,192302563956.80600
1978-10-01,195395722512.20401
1979-01-01,198119046892.50000
1979-04-01,206647647112.27600
1979-07-01,209763219860.10400
1979-10-01,212486544240.40100
1980-01-01,218370269753.38599
1980-04-01,221048765748.82199
1980-07-01,222034990215.76001
1980-10-01,222158268274.12799
1981-01-01,226988526742.88400
1981-04-01,230350655607.44705
1981-07-01,233107601276.38901
1981-10-01,235853339849.11600
1982-01-01,239092190655.31201
1982-04-01,240694805414.08701
1982-07-01,241143089262.69501
1982-10-01,242880189176.05301
1983-01-01,246208696751.97095
1983-04-01,249369097884.66000
1983-07-01,252170871938.46295
1983-10-01,257740798757.42303
1984-01-01,261808974683.54404
1984-04-01,257527863929.33401
1984-07-01,265574559011.85501
1984-10-01,270483267154.11801
1985-01-01,270819480040.57401
1985-04-01,272937621225.24905
1985-07-01,278798932545.80402
1985-10-01,283281771031.88898
1986-01-01,284368859364.76398
1986-04-01,288851697850.84802
1986-07-01,293693163415.82001
1986-10-01,297794960630.58704
1987-01-01,290465519705.83899
1987-04-01,296988049703.09198
1987-07-01,299778616660.67902
1987-10-01,307522720145.39001
1988-01-01,303633857758.71198
1988-04-01,311366754147.20703
1988-07-01,317396171910.99097
1988-10-01,324456642526.57397
1989-01-01,330250711269.83801
1989-04-01,332604201475.03204
1989-07-01,337972400562.11804
1989-10-01,344394066693.43402
1990-01-01,356833943492.31799
1990-04-01,361798687115.65698
1990-07-01,370629878933.24304
1990-10-01,378082597916.35797
1991-01-01,388740000000.00000
1991-04-01,395262000000.00000
1991-07-01,396301000000.00000
1991-10-01,410690000000.00000
1992-01-01,420759000000.00000
1992-04-01,423455000000.00000
1992-07-01,425699000000.00000
1992-10-01,430600000000.00000
1993-01-01,431112000000.00000
1993-04-01,436511000000.00000
1993-07-01,438819000000.00000
1993-10-01,442585000000.00000
1994-01-01,451158000000.00000
1994-04-01,453276000000.00000
1994-07-01,458245000000.00000
1994-10-01,466262000000.00000
1995-01-01,466923000000.00000
1995-04-01,473947000000.00000
1995-07-01,476649000000.00000
1995-10-01,477710000000.00000
1996-01-01,473952000000.00000
1996-04-01,479900000000.00000
1996-07-01,482345000000.00000
1996-10-01,486448000000.00000
1997-01-01,484338000000.00000
1997-04-01,489042000000.00000
1997-07-01,493436000000.00000
1997-10-01,497059000000.00000
1998-01-01,501991000000.00000
1998-04-01,501648000000.00000
1998-07-01,504553000000.00000
1998-10-01,504541000000.00000
1999-01-01,509898000000.00000
1999-04-01,510468000000.00000
1999-07-01,515243000000.00006
1999-10-01,519393000000.00000
2000-01-01,524747000000.00000
2000-04-01,527495000000.00000
2000-07-01,528751000000.00000
2000-10-01,528362000000.00000
2001-01-01,541745000000.00000
2001-04-01,541071000000.00000
2001-07-01,543762000000.00000
2001-10-01,548832000000.00000
2002-01-01,546575000000.00006
2002-04-01,546345000000.00000
2002-07-01,554082000000.00000
2002-10-01,554849000000.00000
2003-01-01,549312000000.00000
2003-04-01,549912000000.00000
2003-07-01,556857000000.00000
2003-10-01,558981000000.00000
2004-01-01,560250000000.00000
2004-04-01,565965000000.00000
2004-07-01,564809000000.00000
2004-10-01,564327000000.00000
2005-01-01,565448000000.00000
2005-04-01,568628000000.00000
2005-07-01,573586000000.00000
2005-10-01,577442000000.00000
2006-01-01,582139000000.00000
2006-04-01,594439000000.00000
2006-07-01,598982000000.00000
2006-10-01,610393000000.00000
2007-01-01,616147000000.00000
2007-04-01,623337000000.00000
2007-07-01,628563000000.00000
2007-10-01,634953000000.00000
2008-01-01,638797000000.00000
2008-04-01,639116000000.00000
2008-07-01,636360000000.00000
2008-10-01,628860000000.00000
2009-01-01,603764000000.00000
2009-04-01,606871000000.00000
2009-07-01,613537000000.00000
2009-10-01,619633000000.00000
2010-01-01,625156000000.00000
2010-04-01,635492000000.00000
2010-07-01,645837000000.00000
2010-10-01,652450000000.00000
2011-01-01,665359000000.00000
2011-04-01,668406000000.00000
2011-07-01,676978000000.00000
2011-10-01,679095000000.00000
2012-01-01,680954000000.00000
2012-04-01,683852000000.00000
2012-07-01,690679000000.00000
2012-10-01,691288000000.00000
2013-01-01,692570000000.00000
2013-04-01,702125000000.00000
2013-07-01,709158000000.00000
2013-10-01,712245000000.00000
2014-01-01,725628000000.00000
2014-04-01,729492000000.00000
2014-07-01,734757000000.00000
2014-10-01,742146000000.00000
2015-01-01,745472000000.00000
2015-04-01,754328000000.00000
2015-07-01,759445000000.00000
2015-10-01,764308000000.00000
2016-01-01,774682000000.00000
2016-04-01,780922000000.00000
2016-07-01,783682000000.00000
2016-10-01,790088000000.00000
2017-01-01,801707000000.00000
2017-04-01,813525000000.00000
2017-07-01,822372000000.00000
2017-10-01,833703000000.00000
2018-01-01,832298000000.00000
2018-04-01,843223000000.00000
2018-07-01,840687000000.00000
2018-10-01,854124000000.00000
2019-01-01,861171000000.00000
2019-04-01,865966000000.00000
2019-07-01,872288000000.00000
2019-10-01,880872000000.00000
2020-01-01,870939000000.00000
2020-04-01,798777000000.00000
2020-07-01,856483000000.00000
2020-10-01,870519000000.00000
2021-01-01,872453000000.00000
2021-04-01,892524000000.00000
2021-07-01,916023000000.00000
2021-10-01,927303000000.00000
2022-01-01,948890000000.00000
2022-04-01,960361000000.00000
2022-07-01,969983000000.00000
2022-10-01,990946000000.00000
2023-01-01,1008961000000.00000
2023-04-01,1025158000000.00000
2023-07-01,1033017000000.00000
