FREQ,REF_AREA,UNIT_MEASURE,UNIT_MULT,TIME_FORMAT,COMPILATION,DECIMALS,SOURCE_REF,SUPP_INFO_BREAKS,TITLE,TIME_PERIOD,OBS_VALUE,OBS_STATUS,OBS_CONF,OBS_PRE_BREAK
M,AU,368,0,,From 2 Aug 1990 onwards: cash rate target; from 23 Jan 1990 to 1 Aug 1990: middle of the cash rate target range; from 7 Apr 1976 to 22 Jan 1990: interbank overnight cash rate.,4,Reserve Bank of Australia,"This rate can be considered the official policy rate as from 23 Jan 1990. Australia had a managed exchange rate regime prior to 1983, in an environment of capital controls. The RBA did not have an explicit target interest rate prior to 23 Jan 1990. The BIS publishes a representative rate for that period. Between  23 Jan 1990 and 31 Jul the middle of the cash rate target corridor is used.", Central bank policy rates - Australia - Monthly - End of period,2026-06,4.35,A,F,
M,AU,368,0,,From 2 Aug 1990 onwards: cash rate target; from 23 Jan 1990 to 1 Aug 1990: middle of the cash rate target range; from 7 Apr 1976 to 22 Jan 1990: interbank overnight cash rate.,4,Reserve Bank of Australia,"This rate can be considered the official policy rate as from 23 Jan 1990. Australia had a managed exchange rate regime prior to 1983, in an environment of capital controls. The RBA did not have an explicit target interest rate prior to 23 Jan 1990. The BIS publishes a representative rate for that period. Between  23 Jan 1990 and 31 Jul the middle of the cash rate target corridor is used.", Central bank policy rates - Australia - Monthly - End of period,2026-07,4.35,A,F,
M,AU,368,0,,From 2 Aug 1990 onwards: cash rate target; from 23 Jan 1990 to 1 Aug 1990: middle of the cash rate target range; from 7 Apr 1976 to 22 Jan 1990: interbank overnight cash rate.,4,Reserve Bank of Australia,"This rate can be considered the official policy rate as from 23 Jan 1990. Australia had a managed exchange rate regime prior to 1983, in an environment of capital controls. The RBA did not have an explicit target interest rate prior to 23 Jan 1990. The BIS publishes a representative rate for that period. Between  23 Jan 1990 and 31 Jul the middle of the cash rate target corridor is used.", Central bank policy rates - Australia - Monthly - End of period,2026-08,4.35,A,F,
M,GB,368,0,,From 3 Aug 2006 onwards: official bank rate; from 6 May 1997 to 2 Aug 2006: repo rate; from 20 Aug 1981 to 5 May 1997: minimum Bank of England Band 1 dealing rate; from 16 Oct 1972 to 19 Aug 1981: minimum lending rate; from 1 Jan 1946 to 15 Oct 1972: bank rate.,4,Bank of England,, Central bank policy rates - United Kingdom - Monthly - End of period,2026-06,3.75,A,F,
M,GB,368,0,,From 3 Aug 2006 onwards: official bank rate; from 6 May 1997 to 2 Aug 2006: repo rate; from 20 Aug 1981 to 5 May 1997: minimum Bank of England Band 1 dealing rate; from 16 Oct 1972 to 19 Aug 1981: minimum lending rate; from 1 Jan 1946 to 15 Oct 1972: bank rate.,4,Bank of England,, Central bank policy rates - United Kingdom - Monthly - End of period,2026-07,3.75,A,F,
M,GB,368,0,,From 3 Aug 2006 onwards: official bank rate; from 6 May 1997 to 2 Aug 2006: repo rate; from 20 Aug 1981 to 5 May 1997: minimum Bank of England Band 1 dealing rate; from 16 Oct 1972 to 19 Aug 1981: minimum lending rate; from 1 Jan 1946 to 15 Oct 1972: bank rate.,4,Bank of England,, Central bank policy rates - United Kingdom - Monthly - End of period,2026-08,3.75,A,F,
M,JP,368,0,,"From 24 Sep 2026: the BOJ encourages the uncollateralized overnight call rate to remain at around 1.25 percent; From 17 Jun 2026 to 23 Sep 2026: the BOJ encourages the uncollateralized overnight call rate to remain at around 1.00 percent; From 22 Dec 2025 to 16 Jun 2026: the BOJ encourages the uncollateralized overnight call rate to remain at around 0.75 percent; From 27 Jan 2025 to 21 Dec 2025: the BOJ encourages the uncollateralized overnight call rate to remain at around 0.50 percent; From 1 Aug 2024 to 26 Jan 2025: the BOJ encouraged the UOCR to remain at around 0.25% ; From 21 Mar 2024 to 31 July: the BOJ encouraged the UOCR to remain at around 0 to 0.1 %; from 21 Sep 2016 to 20 Mar 2024: the BOJ set the guideline for market operations which specifies a short-term policy interest rate at minus 0.1% and a target level of 10-year JGB yields at around 0%. Short-term policy interest rate; from 4 Apr 2013 to 20 Sep 2016: no policy rate; from 5 Oct 2010 to 3 Apr 2013: the BOJ encouraged the UOCR to remain at around 0 to 0.1%; from 19 Dec 2008 to 4 Oct 2010: the BOJ encouraged the UOCR to remain at around 0. %; from 31 Oct 2008 to 18 Dec 2008: the BOJ encouraged the UOCR to remain at around 0.3%; before 30 Oct 2008, refer to https://data.bis.org/topics/CBPOL",4,Bank of Japan,For details see: http://www.bis.org/statistics/cbpol/cbpol_doc.pdf  ; https://www.boj.or.jp/en/mopo/mpmdeci/mpr_1998/k980909c.htm ; https://www.boj.or.jp/en/mopo/mpmdeci/mpr_1999/k990212c.htm ; https://www.boj.or.jp/en/mopo/mpmdeci/mpr_2000/k000811.htm ; https://www.boj.or.jp/en/mopo/mpmdeci/mpr_2001/k010228a.htm ; https://www.boj.or.jp/en/mopo/mpmdeci/mpr_2006/k060309.htm ; https://www.boj.or.jp/en/mopo/mpmdeci/mpr_2006/k060714.pdf ; https://www.boj.or.jp/en/mopo/mpmdeci/mpr_2007/k070221.pdf ; https://www.boj.or.jp/en/mopo/mpmdeci/mpr_2008/k081031.pdf ; https://www.boj.or.jp/en/mopo/mpmdeci/mpr_2008/k081219.pdf ; https://www.boj.or.jp/en/mopo/mpmdeci/mpr_2010/k101005.pdf ; https://www.boj.or.jp/en/mopo/mpmdeci/mpr_2016/k160921a.pdf ; https://www.boj.or.jp/en/mopo/mpmdeci/mpr_2024/k240319a.pdf ; https://www.boj.or.jp/en/mopo/mpmdeci/mpr_2024/mpr240731c.pdf ; https://www.boj.or.jp/en/mopo/mpmdeci/mpr_2025/mpr250124a.pdf ; https://www.boj.or.jp/en/mopo/mpmdeci/mpr_2025/k251219a.pdf ; https://www.boj.or.jp/en/mopo/mpmdeci/mpr_2026/k260616a.pdf ; https://www.boj.or.jp/en/mopo/mpmdeci/mpr_2026/k260918a.pdf, Central bank policy rates - Japan - Monthly - End of period,2026-06,1,A,F,
M,JP,368,0,,"From 24 Sep 2026: the BOJ encourages the uncollateralized overnight call rate to remain at around 1.25 percent; From 17 Jun 2026 to 23 Sep 2026: the BOJ encourages the uncollateralized overnight call rate to remain at around 1.00 percent; From 22 Dec 2025 to 16 Jun 2026: the BOJ encourages the uncollateralized overnight call rate to remain at around 0.75 percent; From 27 Jan 2025 to 21 Dec 2025: the BOJ encourages the uncollateralized overnight call rate to remain at around 0.50 percent; From 1 Aug 2024 to 26 Jan 2025: the BOJ encouraged the UOCR to remain at around 0.25% ; From 21 Mar 2024 to 31 July: the BOJ encouraged the UOCR to remain at around 0 to 0.1 %; from 21 Sep 2016 to 20 Mar 2024: the BOJ set the guideline for market operations which specifies a short-term policy interest rate at minus 0.1% and a target level of 10-year JGB yields at around 0%. Short-term policy interest rate; from 4 Apr 2013 to 20 Sep 2016: no policy rate; from 5 Oct 2010 to 3 Apr 2013: the BOJ encouraged the UOCR to remain at around 0 to 0.1%; from 19 Dec 2008 to 4 Oct 2010: the BOJ encouraged the UOCR to remain at around 0. %; from 31 Oct 2008 to 18 Dec 2008: the BOJ encouraged the UOCR to remain at around 0.3%; before 30 Oct 2008, refer to https://data.bis.org/topics/CBPOL",4,Bank of Japan,For details see: http://www.bis.org/statistics/cbpol/cbpol_doc.pdf  ; https://www.boj.or.jp/en/mopo/mpmdeci/mpr_1998/k980909c.htm ; https://www.boj.or.jp/en/mopo/mpmdeci/mpr_1999/k990212c.htm ; https://www.boj.or.jp/en/mopo/mpmdeci/mpr_2000/k000811.htm ; https://www.boj.or.jp/en/mopo/mpmdeci/mpr_2001/k010228a.htm ; https://www.boj.or.jp/en/mopo/mpmdeci/mpr_2006/k060309.htm ; https://www.boj.or.jp/en/mopo/mpmdeci/mpr_2006/k060714.pdf ; https://www.boj.or.jp/en/mopo/mpmdeci/mpr_2007/k070221.pdf ; https://www.boj.or.jp/en/mopo/mpmdeci/mpr_2008/k081031.pdf ; https://www.boj.or.jp/en/mopo/mpmdeci/mpr_2008/k081219.pdf ; https://www.boj.or.jp/en/mopo/mpmdeci/mpr_2010/k101005.pdf ; https://www.boj.or.jp/en/mopo/mpmdeci/mpr_2016/k160921a.pdf ; https://www.boj.or.jp/en/mopo/mpmdeci/mpr_2024/k240319a.pdf ; https://www.boj.or.jp/en/mopo/mpmdeci/mpr_2024/mpr240731c.pdf ; https://www.boj.or.jp/en/mopo/mpmdeci/mpr_2025/mpr250124a.pdf ; https://www.boj.or.jp/en/mopo/mpmdeci/mpr_2025/k251219a.pdf ; https://www.boj.or.jp/en/mopo/mpmdeci/mpr_2026/k260616a.pdf ; https://www.boj.or.jp/en/mopo/mpmdeci/mpr_2026/k260918a.pdf, Central bank policy rates - Japan - Monthly - End of period,2026-07,1,A,F,
M,JP,368,0,,"From 24 Sep 2026: the BOJ encourages the uncollateralized overnight call rate to remain at around 1.25 percent; From 17 Jun 2026 to 23 Sep 2026: the BOJ encourages the uncollateralized overnight call rate to remain at around 1.00 percent; From 22 Dec 2025 to 16 Jun 2026: the BOJ encourages the uncollateralized overnight call rate to remain at around 0.75 percent; From 27 Jan 2025 to 21 Dec 2025: the BOJ encourages the uncollateralized overnight call rate to remain at around 0.50 percent; From 1 Aug 2024 to 26 Jan 2025: the BOJ encouraged the UOCR to remain at around 0.25% ; From 21 Mar 2024 to 31 July: the BOJ encouraged the UOCR to remain at around 0 to 0.1 %; from 21 Sep 2016 to 20 Mar 2024: the BOJ set the guideline for market operations which specifies a short-term policy interest rate at minus 0.1% and a target level of 10-year JGB yields at around 0%. Short-term policy interest rate; from 4 Apr 2013 to 20 Sep 2016: no policy rate; from 5 Oct 2010 to 3 Apr 2013: the BOJ encouraged the UOCR to remain at around 0 to 0.1%; from 19 Dec 2008 to 4 Oct 2010: the BOJ encouraged the UOCR to remain at around 0. %; from 31 Oct 2008 to 18 Dec 2008: the BOJ encouraged the UOCR to remain at around 0.3%; before 30 Oct 2008, refer to https://data.bis.org/topics/CBPOL",4,Bank of Japan,For details see: http://www.bis.org/statistics/cbpol/cbpol_doc.pdf  ; https://www.boj.or.jp/en/mopo/mpmdeci/mpr_1998/k980909c.htm ; https://www.boj.or.jp/en/mopo/mpmdeci/mpr_1999/k990212c.htm ; https://www.boj.or.jp/en/mopo/mpmdeci/mpr_2000/k000811.htm ; https://www.boj.or.jp/en/mopo/mpmdeci/mpr_2001/k010228a.htm ; https://www.boj.or.jp/en/mopo/mpmdeci/mpr_2006/k060309.htm ; https://www.boj.or.jp/en/mopo/mpmdeci/mpr_2006/k060714.pdf ; https://www.boj.or.jp/en/mopo/mpmdeci/mpr_2007/k070221.pdf ; https://www.boj.or.jp/en/mopo/mpmdeci/mpr_2008/k081031.pdf ; https://www.boj.or.jp/en/mopo/mpmdeci/mpr_2008/k081219.pdf ; https://www.boj.or.jp/en/mopo/mpmdeci/mpr_2010/k101005.pdf ; https://www.boj.or.jp/en/mopo/mpmdeci/mpr_2016/k160921a.pdf ; https://www.boj.or.jp/en/mopo/mpmdeci/mpr_2024/k240319a.pdf ; https://www.boj.or.jp/en/mopo/mpmdeci/mpr_2024/mpr240731c.pdf ; https://www.boj.or.jp/en/mopo/mpmdeci/mpr_2025/mpr250124a.pdf ; https://www.boj.or.jp/en/mopo/mpmdeci/mpr_2025/k251219a.pdf ; https://www.boj.or.jp/en/mopo/mpmdeci/mpr_2026/k260616a.pdf ; https://www.boj.or.jp/en/mopo/mpmdeci/mpr_2026/k260918a.pdf, Central bank policy rates - Japan - Monthly - End of period,2026-08,1,A,F,
M,US,368,0,,From 19 Dec 1985 onwards: mid-point of the Federal Reserve target rate; from 1 Jul 1954 to 18 Dec 1985: US Fed Funds effective rate.,4,US Federal Reserve System,, Central bank policy rates - United States - Monthly - End of period,2026-06,3.625,A,F,
M,US,368,0,,From 19 Dec 1985 onwards: mid-point of the Federal Reserve target rate; from 1 Jul 1954 to 18 Dec 1985: US Fed Funds effective rate.,4,US Federal Reserve System,, Central bank policy rates - United States - Monthly - End of period,2026-07,3.625,A,F,
M,US,368,0,,From 19 Dec 1985 onwards: mid-point of the Federal Reserve target rate; from 1 Jul 1954 to 18 Dec 1985: US Fed Funds effective rate.,4,US Federal Reserve System,, Central bank policy rates - United States - Monthly - End of period,2026-08,3.625,A,F,
