DATE,IUDMIIF,IUDMRZC,IUDSIIF
02 Jan 2020,3.5847,-2.4368,3.2274
03 Jan 2020,3.557,-2.4961,3.2335
06 Jan 2020,3.5602,-2.486,3.2404
07 Jan 2020,3.5214,-2.4559,3.2404
08 Jan 2020,3.528,-2.4445,3.233
09 Jan 2020,3.545,-2.4093,3.2242
10 Jan 2020,3.5451,-2.4438,3.2195
13 Jan 2020,3.5571,-2.4749,3.2246
14 Jan 2020,3.583,-2.5171,3.2234
15 Jan 2020,3.576,-2.582,3.1975
16 Jan 2020,3.5536,-2.6003,3.226
17 Jan 2020,3.5544,-2.6063,3.2323
20 Jan 2020,3.5383,-2.5996,3.2451
21 Jan 2020,3.5162,-2.6205,3.2498
22 Jan 2020,3.5214,-2.6093,3.2419
23 Jan 2020,3.5223,-2.6513,3.2362
24 Jan 2020,3.5109,-2.6643,3.2344
27 Jan 2020,3.4704,-2.7043,3.2145
28 Jan 2020,3.4578,-2.6396,3.1774
29 Jan 2020,3.4412,-2.6488,3.1683
30 Jan 2020,3.4182,-2.6149,3.1661
31 Jan 2020,3.3873,-2.5923,3.1236
03 Feb 2020,3.4065,-2.6054,3.1444
04 Feb 2020,3.4266,-2.5806,3.1393
05 Feb 2020,3.4697,-2.5483,3.1379
06 Feb 2020,3.4858,-2.5622,3.1396
07 Feb 2020,3.4781,-2.5851,3.141
10 Feb 2020,3.4684,-2.5874,3.1309
11 Feb 2020,3.4374,-2.5629,3.122
12 Feb 2020,3.4477,-2.5262,3.135
13 Feb 2020,3.4959,-2.5184,3.1575
14 Feb 2020,3.4676,-2.5366,3.168
17 Feb 2020,3.4876,-2.5285,3.1798
18 Feb 2020,3.4812,-2.5375,3.1639
19 Feb 2020,3.4741,-2.5451,3.1501
20 Feb 2020,3.4575,-2.5808,3.1726
21 Feb 2020,3.4525,-2.5843,3.1634
24 Feb 2020,3.446,-2.609,3.1662
25 Feb 2020,3.4543,-2.6534,3.1856
26 Feb 2020,3.459,-2.6573,3.1914
27 Feb 2020,3.4389,-2.6827,3.1826
28 Feb 2020,3.3492,-2.6335,3.1226
02 Mar 2020,3.3345,-2.6722,3.1389
03 Mar 2020,3.3342,-2.699,3.153
04 Mar 2020,3.3123,-2.7189,3.1585
05 Mar 2020,3.3027,-2.7292,3.1205
06 Mar 2020,3.2155,-2.7924,3.0558
09 Mar 2020,3.0466,-2.6957,2.9712
10 Mar 2020,3.0347,-2.678,3.0173
11 Mar 2020,3.093,-2.6723,3.1017
12 Mar 2020,3.1334,-2.6548,3.0752
13 Mar 2020,3.1796,-2.548,3.0649
16 Mar 2020,3.1759,-2.4018,2.9849
17 Mar 2020,3.1603,-2.2759,2.9259
18 Mar 2020,3.2026,-1.9789,2.8848
19 Mar 2020,3.1107,-1.9422,2.8747
20 Mar 2020,3.1127,-2.2562,2.868
23 Mar 2020,3.2526,-2.4637,2.9226
24 Mar 2020,3.3487,-2.4552,2.9505
25 Mar 2020,3.3532,-2.5028,2.9676
26 Mar 2020,3.3839,-2.601,3.0202
27 Mar 2020,3.3762,-2.6717,3.0708
30 Mar 2020,3.3553,-2.6902,3.0712
31 Mar 2020,3.2662,-2.6146,3.0587
01 Apr 2020,3.2575,-2.6556,3.0596
02 Apr 2020,3.311,-2.6912,3.1058
03 Apr 2020,3.3437,-2.6918,3.0871
06 Apr 2020,3.3721,-2.6825,3.0843
07 Apr 2020,3.3595,-2.6299,3.0923
08 Apr 2020,3.3437,-2.6318,3.076
09 Apr 2020,3.2871,-2.6907,3.0695
14 Apr 2020,3.3215,-2.6752,3.0651
15 Apr 2020,3.3161,-2.686,3.0414
16 Apr 2020,3.2855,-2.6471,3.0042
17 Apr 2020,3.2673,-2.6019,2.9625
20 Apr 2020,3.2766,-2.5369,2.9325
21 Apr 2020,3.2154,-2.5136,2.8822
22 Apr 2020,3.2176,-2.5464,2.9479
23 Apr 2020,3.1996,-2.5668,2.9572
24 Apr 2020,3.1996,-2.55,2.9425
27 Apr 2020,3.1973,-2.5047,2.9224
28 Apr 2020,3.2001,-2.547,2.9612
29 Apr 2020,3.1959,-2.5703,2.9955
30 Apr 2020,3.1833,-2.611,2.9716
01 May 2020,3.2069,-2.591,2.9669
04 May 2020,3.2028,-2.6307,2.9721
05 May 2020,3.2327,-2.6787,2.9878
06 May 2020,3.2934,-2.6782,3.0202
07 May 2020,3.3251,-2.6934,3.041
11 May 2020,3.3367,-2.672,3.0461
12 May 2020,3.3114,-2.6663,3.0322
13 May 2020,3.3203,-2.6924,3.0318
14 May 2020,3.3518,-2.7033,3.0358
15 May 2020,3.3702,-2.7191,3.0679
18 May 2020,3.4029,-2.7248,3.094
19 May 2020,3.4234,-2.7488,3.1149
20 May 2020,3.4009,-2.8032,3.1216
21 May 2020,3.402,-2.8843,3.1217
22 May 2020,3.3875,-2.8641,3.0931
26 May 2020,3.4184,-2.8427,3.1057
27 May 2020,3.4286,-2.8893,3.112
28 May 2020,3.4597,-2.8894,3.1189
29 May 2020,3.4482,-2.9205,3.125
01 Jun 2020,3.4804,-2.8941,3.1447
02 Jun 2020,3.4902,-2.8971,3.1463
03 Jun 2020,3.5442,-2.8455,3.1629
04 Jun 2020,3.5497,-2.7865,3.129
05 Jun 2020,3.577,-2.7765,3.1648
08 Jun 2020,3.5581,-2.7826,3.1616
09 Jun 2020,3.5688,-2.8048,3.1735
10 Jun 2020,3.5399,-2.8269,3.1401
11 Jun 2020,3.4982,-2.8613,3.1142
12 Jun 2020,3.4859,-2.823,3.0908
15 Jun 2020,3.4937,-2.8153,3.0836
16 Jun 2020,3.5305,-2.8361,3.0912
17 Jun 2020,3.5391,-2.8835,3.1098
18 Jun 2020,3.5565,-2.8137,3.0772
19 Jun 2020,3.5518,-2.8217,3.1074
22 Jun 2020,3.5574,-2.8862,3.146
23 Jun 2020,3.5522,-2.8876,3.1798
24 Jun 2020,3.5307,-2.8821,3.1559
25 Jun 2020,3.5056,-2.8806,3.126
26 Jun 2020,3.5212,-2.8765,3.1339
29 Jun 2020,3.5481,-2.9188,3.1706
30 Jun 2020,3.5711,-2.9309,3.2033
01 Jul 2020,3.6237,-2.9168,3.2314
02 Jul 2020,3.6128,-2.9731,3.2744
03 Jul 2020,3.6016,-2.9876,3.2936
06 Jul 2020,3.6133,-2.9889,3.3087
07 Jul 2020,3.5737,-2.9729,3.2791
08 Jul 2020,3.5522,-2.9597,3.2634
09 Jul 2020,3.4754,-2.9322,3.2099
10 Jul 2020,3.4355,-2.9085,3.1737
13 Jul 2020,3.5059,-2.9075,3.2041
14 Jul 2020,3.514,-2.964,3.2272
15 Jul 2020,3.518,-2.9465,3.2222
16 Jul 2020,3.4674,-2.9537,3.2
17 Jul 2020,3.4297,-2.9171,3.1908
20 Jul 2020,3.437,-2.9336,3.1746
21 Jul 2020,3.4609,-2.9598,3.1818
22 Jul 2020,3.4691,-2.9834,3.1775
23 Jul 2020,3.4834,-2.9805,3.1725
24 Jul 2020,3.5429,-2.9787,3.1892
27 Jul 2020,3.5412,-3.0267,3.2045
28 Jul 2020,3.5207,-3.0475,3.2329
29 Jul 2020,3.5304,-3.0635,3.2631
30 Jul 2020,3.5442,-3.0844,3.2555
31 Jul 2020,3.5427,-3.0632,3.2405
03 Aug 2020,3.5404,-3.0629,3.2542
04 Aug 2020,3.5091,-3.0762,3.2601
05 Aug 2020,3.5091,-3.0231,3.2639
06 Aug 2020,3.4566,-3.0238,3.2563
07 Aug 2020,3.4897,-3.0101,3.2809
10 Aug 2020,3.5085,-3.0603,3.3246
11 Aug 2020,3.5433,-2.9953,3.3223
12 Aug 2020,3.5596,-2.9512,3.304
13 Aug 2020,3.5642,-2.9299,3.2878
14 Aug 2020,3.5087,-2.8917,3.255
17 Aug 2020,3.537,-2.9237,3.2543
18 Aug 2020,3.536,-2.9052,3.2299
19 Aug 2020,3.509,-2.9041,3.2415
20 Aug 2020,3.4707,-2.9183,3.255
21 Aug 2020,3.4909,-2.9616,3.2806
24 Aug 2020,3.526,-3.0018,3.3142
25 Aug 2020,3.5378,-2.9798,3.3424
26 Aug 2020,3.5638,-2.9537,3.3243
27 Aug 2020,3.6082,-2.9262,3.3174
28 Aug 2020,3.6383,-2.9858,3.3332
01 Sep 2020,3.6602,-3.0026,3.3482
02 Sep 2020,3.5788,-3.0018,3.2955
03 Sep 2020,3.5794,-3.0057,3.3075
04 Sep 2020,3.5641,-2.9741,3.3079
07 Sep 2020,3.5711,-3.0129,3.3507
08 Sep 2020,3.5923,-3.1595,3.4081
09 Sep 2020,3.6324,-3.1301,3.4051
10 Sep 2020,3.6305,-3.1008,3.369
11 Sep 2020,3.5882,-3.1571,3.3803
14 Sep 2020,3.5793,-3.1177,3.3527
15 Sep 2020,3.5515,-3.0776,3.3327
16 Sep 2020,3.5387,-3.0748,3.3043
17 Sep 2020,3.5547,-3.1333,3.3263
18 Sep 2020,3.5461,-3.1302,3.3224
21 Sep 2020,3.5068,-3.1211,3.2982
22 Sep 2020,3.5361,-3.0752,3.2862
23 Sep 2020,3.5559,-3.0337,3.2734
24 Sep 2020,3.5052,-3.0075,3.2293
25 Sep 2020,3.5022,-3.0488,3.2474
28 Sep 2020,3.5326,-3.0203,3.2315
29 Sep 2020,3.5482,-3.0425,3.2374
30 Sep 2020,3.5692,-3.0126,3.2556
01 Oct 2020,3.6241,-3.034,3.3062
02 Oct 2020,3.6202,-2.9863,3.2846
05 Oct 2020,3.6384,-2.9738,3.3065
06 Oct 2020,3.5778,-2.9479,3.294
07 Oct 2020,3.578,-2.9331,3.2953
08 Oct 2020,3.6024,-2.9535,3.3032
09 Oct 2020,3.6116,-2.9757,3.3073
12 Oct 2020,3.6181,-2.9682,3.3
13 Oct 2020,3.5966,-3.0179,3.3204
14 Oct 2020,3.5889,-3.0417,3.3323
15 Oct 2020,3.5605,-3.0804,3.3232
16 Oct 2020,3.5908,-3.0948,3.3336
19 Oct 2020,3.602,-3.0958,3.3252
20 Oct 2020,3.6265,-3.0994,3.3429
21 Oct 2020,3.6713,-3.0304,3.3085
22 Oct 2020,3.6882,-2.9956,3.3167
23 Oct 2020,3.7069,-3.0061,3.3247
26 Oct 2020,3.6783,-2.9975,3.3163
27 Oct 2020,3.6151,-3.032,3.3051
28 Oct 2020,3.5996,-3.0412,3.2915
29 Oct 2020,3.6237,-3.058,3.3166
30 Oct 2020,3.6442,-3.0339,3.3218
02 Nov 2020,3.6382,-3.0562,3.3169
03 Nov 2020,3.6689,-3.0267,3.3362
04 Nov 2020,3.6232,-3.0725,3.3274
05 Nov 2020,3.5928,-3.0327,3.3187
06 Nov 2020,3.6117,-2.9776,3.2906
09 Nov 2020,3.6489,-2.9043,3.3053
10 Nov 2020,3.5416,-2.8295,3.2434
11 Nov 2020,3.4949,-2.7865,3.191
12 Nov 2020,3.4779,-2.8347,3.181
13 Nov 2020,3.4681,-2.8269,3.1614
16 Nov 2020,3.4908,-2.8238,3.1606
17 Nov 2020,3.453,-2.8454,3.1743
18 Nov 2020,3.4515,-2.8495,3.1729
19 Nov 2020,3.4723,-2.842,3.1452
20 Nov 2020,3.5054,-2.8835,3.1612
23 Nov 2020,3.4948,-2.8327,3.1264
24 Nov 2020,3.4422,-2.8047,3.1107
25 Nov 2020,3.5187,-2.9053,3.2341
26 Nov 2020,3.5293,-2.928,3.2293
27 Nov 2020,3.5185,-2.9186,3.2435
30 Nov 2020,3.5633,-2.925,3.2549
01 Dec 2020,3.615,-2.9054,3.2811
02 Dec 2020,3.5942,-2.9099,3.2669
03 Dec 2020,3.5563,-2.9255,3.2617
04 Dec 2020,3.6071,-2.949,3.3023
07 Dec 2020,3.5801,-3.0576,3.3367
08 Dec 2020,3.5863,-3.1043,3.3586
09 Dec 2020,3.5919,-3.0768,3.3249
10 Dec 2020,3.5505,-3.152,3.3443
11 Dec 2020,3.5197,-3.1761,3.3207
14 Dec 2020,3.559,-3.0849,3.2943
15 Dec 2020,3.5878,-3.0276,3.2709
16 Dec 2020,3.6324,-3.0119,3.2598
17 Dec 2020,3.5971,-2.9875,3.2414
18 Dec 2020,3.6028,-3.0192,3.2385
21 Dec 2020,3.5851,-3.0648,3.2324
22 Dec 2020,3.5879,-3.0458,3.2014
23 Dec 2020,3.632,-2.8948,3.1844
24 Dec 2020,3.5953,-2.9287,3.1744
29 Dec 2020,3.5844,-2.9478,3.1623
30 Dec 2020,3.5659,-2.9472,3.1713
31 Dec 2020,3.562,-2.9818,3.1839
04 Jan 2021,3.5511,-2.9807,3.1765
05 Jan 2021,3.5307,-2.9331,3.1576
06 Jan 2021,3.5162,-2.9083,3.1595
07 Jan 2021,3.5109,-2.8624,3.1639
08 Jan 2021,3.5181,-2.8801,3.1742
11 Jan 2021,3.539,-2.8606,3.1602
12 Jan 2021,3.554,-2.8337,3.1751
13 Jan 2021,3.5422,-2.8786,3.1929
14 Jan 2021,3.5383,-2.9023,3.2085
15 Jan 2021,3.5175,-2.895,3.2032
18 Jan 2021,3.511,-2.9021,3.2136
19 Jan 2021,3.4782,-2.9168,3.215
20 Jan 2021,3.4461,-2.871,3.1861
21 Jan 2021,3.4753,-2.8426,3.1817
22 Jan 2021,3.4745,-2.8564,3.178
25 Jan 2021,3.4693,-2.9176,3.1901
26 Jan 2021,3.487,-2.9224,3.2
27 Jan 2021,3.4969,-2.946,3.2066
28 Jan 2021,3.5251,-2.9602,3.229
29 Jan 2021,3.5503,-2.9332,3.2338
01 Feb 2021,3.5551,-2.9485,3.2467
02 Feb 2021,3.5506,-2.9269,3.2573
03 Feb 2021,3.5655,-2.9249,3.2698
04 Feb 2021,3.5914,-2.8554,3.2632
05 Feb 2021,3.6266,-2.8044,3.2671
08 Feb 2021,3.6096,-2.8109,3.2655
09 Feb 2021,3.6015,-2.818,3.2429
10 Feb 2021,3.6318,-2.8053,3.2456
11 Feb 2021,3.6222,-2.8118,3.2419
12 Feb 2021,3.6663,-2.7746,3.2552
15 Feb 2021,3.7043,-2.7541,3.2803
16 Feb 2021,3.732,-2.7037,3.2741
17 Feb 2021,3.6813,-2.7312,3.2551
18 Feb 2021,3.6612,-2.6643,3.2441
19 Feb 2021,3.6789,-2.6145,3.2707
22 Feb 2021,3.6492,-2.5998,3.2524
23 Feb 2021,3.6895,-2.5879,3.2794
24 Feb 2021,3.7091,-2.5643,3.306
25 Feb 2021,3.8179,-2.6315,3.3931
26 Feb 2021,3.7532,-2.5754,3.3906
01 Mar 2021,3.71,-2.6134,3.3763
02 Mar 2021,3.6347,-2.6362,3.3517
03 Mar 2021,3.7062,-2.6058,3.3773
04 Mar 2021,3.6945,-2.6553,3.3905
05 Mar 2021,3.6868,-2.6297,3.3926
08 Mar 2021,3.6692,-2.632,3.3777
09 Mar 2021,3.6793,-2.6788,3.4054
10 Mar 2021,3.688,-2.693,3.4132
11 Mar 2021,3.7294,-2.6754,3.4144
12 Mar 2021,3.7855,-2.6123,3.4161
15 Mar 2021,3.804,-2.675,3.4513
16 Mar 2021,3.7793,-2.6789,3.4527
17 Mar 2021,3.8101,-2.6492,3.4729
18 Mar 2021,3.8401,-2.604,3.46
19 Mar 2021,3.7927,-2.6275,3.462
22 Mar 2021,3.7557,-2.6363,3.4557
23 Mar 2021,3.7327,-2.6837,3.4553
24 Mar 2021,3.7781,-2.7309,3.4744
25 Mar 2021,3.7747,-2.7675,3.5073
26 Mar 2021,3.7916,-2.7778,3.5366
29 Mar 2021,3.7983,-2.7484,3.5432
30 Mar 2021,3.8053,-2.6915,3.538
31 Mar 2021,3.8354,-2.7121,3.5596
01 Apr 2021,3.8413,-2.7793,3.5993
06 Apr 2021,3.8025,-2.7637,3.5823
07 Apr 2021,3.7662,-2.7444,3.561
08 Apr 2021,3.7332,-2.7495,3.5475
09 Apr 2021,3.7356,-2.6924,3.5126
12 Apr 2021,3.777,-2.6943,3.5267
13 Apr 2021,3.7635,-2.7025,3.5327
14 Apr 2021,3.7831,-2.6715,3.5168
15 Apr 2021,3.7413,-2.7166,3.4824
16 Apr 2021,3.7778,-2.6889,3.4899
19 Apr 2021,3.8107,-2.6968,3.4816
20 Apr 2021,3.7688,-2.6863,3.4527
21 Apr 2021,3.7852,-2.6872,3.4551
22 Apr 2021,3.7776,-2.7004,3.457
23 Apr 2021,3.7806,-2.6869,3.4678
26 Apr 2021,3.7835,-2.6833,3.476
27 Apr 2021,3.776,-2.6683,3.4823
28 Apr 2021,3.7708,-2.6421,3.486
29 Apr 2021,3.8065,-2.6118,3.496
30 Apr 2021,3.8237,-2.6376,3.5219
04 May 2021,3.806,-2.6809,3.5217
05 May 2021,3.8291,-2.6808,3.5406
06 May 2021,3.8244,-2.7289,3.5516
07 May 2021,3.8089,-2.7406,3.5363
10 May 2021,3.8049,-2.718,3.5363
11 May 2021,3.8141,-2.6383,3.5038
12 May 2021,3.8399,-2.605,3.5132
13 May 2021,3.8616,-2.5848,3.4961
14 May 2021,3.8262,-2.6247,3.5053
17 May 2021,3.8326,-2.6365,3.5188
18 May 2021,3.8191,-2.6448,3.5181
19 May 2021,3.7956,-2.6788,3.5149
20 May 2021,3.7913,-2.6708,3.5011
21 May 2021,3.8161,-2.722,3.5432
24 May 2021,3.8206,-2.7253,3.5143
25 May 2021,3.8006,-2.728,3.4948
26 May 2021,3.7925,-2.7562,3.4758
27 May 2021,3.8151,-2.6975,3.4726
28 May 2021,3.8441,-2.7394,3.4888
01 Jun 2021,3.8544,-2.7192,3.5072
02 Jun 2021,3.8623,-2.7816,3.5423
03 Jun 2021,3.8653,-2.7568,3.5318
04 Jun 2021,3.8124,-2.7492,3.4898
07 Jun 2021,3.8163,-2.7464,3.5003
08 Jun 2021,3.7911,-2.7448,3.471
09 Jun 2021,3.7727,-2.7578,3.4424
10 Jun 2021,3.81,-2.7231,3.4168
11 Jun 2021,3.8124,-2.7354,3.4004
14 Jun 2021,3.834,-2.7318,3.4292
15 Jun 2021,3.8389,-2.7181,3.4516
16 Jun 2021,3.799,-2.7102,3.424
17 Jun 2021,3.7846,-2.6229,3.3884
18 Jun 2021,3.7569,-2.6049,3.3587
21 Jun 2021,3.7398,-2.6046,3.3836
22 Jun 2021,3.7372,-2.5909,3.4025
23 Jun 2021,3.766,-2.6326,3.4561
24 Jun 2021,3.7626,-2.6604,3.4493
25 Jun 2021,3.7859,-2.6328,3.4729
28 Jun 2021,3.7536,-2.6703,3.4789
29 Jun 2021,3.7524,-2.6605,3.4771
30 Jun 2021,3.7325,-2.6663,3.4786
01 Jul 2021,3.7208,-2.6601,3.4832
02 Jul 2021,3.7043,-2.6793,3.4857
05 Jul 2021,3.7156,-2.6743,3.4891
06 Jul 2021,3.6848,-2.7591,3.4801
07 Jul 2021,3.6972,-2.7785,3.4559
08 Jul 2021,3.7122,-2.763,3.437
09 Jul 2021,3.7283,-2.6911,3.4382
12 Jul 2021,3.7071,-2.7027,3.4372
13 Jul 2021,3.6859,-2.7471,3.4627
14 Jul 2021,3.6703,-2.8096,3.5023
15 Jul 2021,3.7108,-2.7519,3.4815
16 Jul 2021,3.7253,-2.7989,3.4951
19 Jul 2021,3.7137,-2.8586,3.4796
20 Jul 2021,3.737,-2.8649,3.4876
21 Jul 2021,3.7833,-2.8316,3.5006
22 Jul 2021,3.7427,-2.8902,3.5206
23 Jul 2021,3.7863,-2.9079,3.5593
26 Jul 2021,3.7861,-2.9507,3.5906
27 Jul 2021,3.757,-2.9261,3.5552
28 Jul 2021,3.7536,-2.9312,3.5645
29 Jul 2021,3.7327,-2.9516,3.5745
30 Jul 2021,3.722,-2.9457,3.5672
02 Aug 2021,3.7103,-2.9593,3.5534
03 Aug 2021,3.708,-3.0076,3.5632
04 Aug 2021,3.7203,-3.0237,3.5899
05 Aug 2021,3.7349,-3.0342,3.5837
06 Aug 2021,3.78,-2.9705,3.6086
09 Aug 2021,3.7627,-2.9972,3.5972
10 Aug 2021,3.7281,-2.9887,3.5949
11 Aug 2021,3.7049,-2.9736,3.5826
12 Aug 2021,3.7066,-2.9435,3.5733
13 Aug 2021,3.6927,-2.9469,3.5707
16 Aug 2021,3.6718,-2.934,3.5557
17 Aug 2021,3.6879,-2.944,3.5611
18 Aug 2021,3.7312,-2.9708,3.5565
19 Aug 2021,3.7358,-2.9783,3.5439
20 Aug 2021,3.7589,-2.9861,3.5435
23 Aug 2021,3.7775,-2.9919,3.5501
24 Aug 2021,3.7942,-3.0238,3.5807
25 Aug 2021,3.8058,-2.991,3.6054
26 Aug 2021,3.812,-2.9981,3.621
27 Aug 2021,3.8083,-3.0015,3.614
31 Aug 2021,3.7766,-2.937,3.5956
01 Sep 2021,3.7346,-2.9633,3.6007
02 Sep 2021,3.7396,-2.9955,3.6104
03 Sep 2021,3.7488,-2.9677,3.6155
06 Sep 2021,3.7424,-3.0076,3.6159
07 Sep 2021,3.8009,-3.0047,3.6498
08 Sep 2021,3.8066,-3.0409,3.6586
09 Sep 2021,3.7979,-3.0156,3.638
10 Sep 2021,3.8064,-3.0166,3.6466
13 Sep 2021,3.7963,-3.053,3.6843
14 Sep 2021,3.7478,-3.0648,3.6716
15 Sep 2021,3.7648,-3.1499,3.7363
16 Sep 2021,3.7408,-3.0752,3.6833
17 Sep 2021,3.7951,-2.9946,3.6736
20 Sep 2021,3.7957,-3.0323,3.6612
21 Sep 2021,3.7828,-3.0307,3.6596
22 Sep 2021,3.7864,-3.0387,3.6725
23 Sep 2021,3.8373,-2.9149,3.6428
24 Sep 2021,3.8578,-2.8939,3.6449
27 Sep 2021,3.9005,-3.0068,3.7322
28 Sep 2021,3.8645,-2.909,3.6536
29 Sep 2021,3.8381,-2.8325,3.5716
30 Sep 2021,3.8553,-2.7975,3.5993
01 Oct 2021,3.8923,-2.8304,3.6218
04 Oct 2021,3.9197,-2.9022,3.6794
05 Oct 2021,4.0041,-2.9163,3.7695
06 Oct 2021,3.9683,-2.8937,3.7442
07 Oct 2021,3.9914,-2.8839,3.741
08 Oct 2021,4.0038,-2.7943,3.7438
11 Oct 2021,4.0033,-2.7509,3.7245
12 Oct 2021,4.0135,-2.8145,3.755
13 Oct 2021,3.9298,-2.8773,3.7323
14 Oct 2021,3.9942,-2.9653,3.7901
15 Oct 2021,3.9995,-2.9415,3.8091
18 Oct 2021,3.9609,-2.868,3.7607
19 Oct 2021,3.9823,-2.8745,3.7889
20 Oct 2021,4.042,-2.9685,3.8363
21 Oct 2021,4.0967,-2.9961,3.9253
22 Oct 2021,4.0737,-3.0807,3.961
25 Oct 2021,4.0131,-3.0862,3.9526
26 Oct 2021,3.9343,-3.0594,3.8996
27 Oct 2021,3.8597,-3.1249,3.8383
28 Oct 2021,3.8612,-3.1072,3.8304
29 Oct 2021,3.7591,-2.9436,3.7522
01 Nov 2021,3.7987,-2.9646,3.8208
02 Nov 2021,3.8978,-3.0444,3.8606
03 Nov 2021,3.9146,-2.9755,3.8254
04 Nov 2021,3.91,-3.1204,3.8516
05 Nov 2021,3.8572,-3.2078,3.8412
08 Nov 2021,3.8586,-3.2213,3.8674
09 Nov 2021,3.8449,-3.2873,3.9077
10 Nov 2021,3.8649,-3.1806,3.8902
11 Nov 2021,3.8558,-3.1589,3.8595
12 Nov 2021,3.9141,-3.1673,3.878
15 Nov 2021,3.9848,-3.1519,3.8903
16 Nov 2021,3.9176,-3.1018,3.8626
17 Nov 2021,3.9223,-3.1685,3.8993
18 Nov 2021,3.9756,-3.2545,3.9297
19 Nov 2021,3.9487,-3.2406,3.8625
22 Nov 2021,3.9312,-3.1714,3.8462
23 Nov 2021,3.9158,-3.1605,3.8779
24 Nov 2021,3.893,-3.1416,3.8922
25 Nov 2021,3.8564,-3.1932,3.9007
26 Nov 2021,3.8136,-3.3222,3.8699
29 Nov 2021,3.8271,-3.3039,3.8894
30 Nov 2021,3.8294,-3.3296,3.8782
01 Dec 2021,3.8693,-3.3659,3.923
02 Dec 2021,3.8237,-3.3891,3.9046
03 Dec 2021,3.7767,-3.3893,3.8785
06 Dec 2021,3.725,-3.4013,3.86
07 Dec 2021,3.6827,-3.4198,3.8678
08 Dec 2021,3.6399,-3.4068,3.8411
09 Dec 2021,3.6265,-3.4075,3.8486
10 Dec 2021,3.6475,-3.4025,3.8037
13 Dec 2021,3.5956,-3.3754,3.7515
14 Dec 2021,3.532,-3.2532,3.6395
15 Dec 2021,3.4678,-3.2205,3.5511
16 Dec 2021,3.5827,-3.1711,3.5397
17 Dec 2021,3.6605,-3.1507,3.5597
20 Dec 2021,3.6652,-3.1748,3.5812
21 Dec 2021,3.7172,-3.1377,3.644
22 Dec 2021,3.7578,-3.1258,3.6474
23 Dec 2021,3.7814,-3.0297,3.6026
24 Dec 2021,3.778,-3.019,3.6186
29 Dec 2021,3.8164,-2.9259,3.6283
30 Dec 2021,3.7853,-2.917,3.6082
31 Dec 2021,3.8005,-2.8871,3.6184
04 Jan 2022,3.8812,-2.8672,3.7074
05 Jan 2022,3.8686,-2.8403,3.7052
06 Jan 2022,3.8325,-2.7316,3.6832
07 Jan 2022,3.7979,-2.711,3.7082
10 Jan 2022,3.8294,-2.7016,3.7107
11 Jan 2022,3.8251,-2.738,3.7444
12 Jan 2022,3.8625,-2.7857,3.7724
13 Jan 2022,3.878,-2.8263,3.805
14 Jan 2022,3.8788,-2.8057,3.8206
17 Jan 2022,3.8685,-2.7692,3.8257
18 Jan 2022,3.8614,-2.7438,3.8395
19 Jan 2022,3.8455,-2.7429,3.8179
20 Jan 2022,3.8307,-2.7407,3.7601
21 Jan 2022,3.7869,-2.7661,3.7172
24 Jan 2022,3.8182,-2.8981,3.7736
25 Jan 2022,3.8275,-2.8885,3.7737
26 Jan 2022,3.8568,-2.8182,3.756
27 Jan 2022,3.9046,-2.8246,3.7979
28 Jan 2022,3.9178,-2.8325,3.8108
31 Jan 2022,3.9214,-2.7727,3.8233
01 Feb 2022,3.9178,-2.7868,3.8414
02 Feb 2022,3.8952,-2.8199,3.8287
03 Feb 2022,3.9127,-2.6615,3.794
04 Feb 2022,3.8913,-2.5736,3.7642
07 Feb 2022,3.9192,-2.5532,3.7598
08 Feb 2022,3.9572,-2.4954,3.7771
09 Feb 2022,3.9682,-2.5829,3.7907
10 Feb 2022,4.0176,-2.522,3.8085
11 Feb 2022,4.0255,-2.4771,3.7805
14 Feb 2022,4.0065,-2.4645,3.7823
15 Feb 2022,3.99,-2.4117,3.7387
16 Feb 2022,4.0058,-2.5078,3.7287
17 Feb 2022,4.0173,-2.6276,3.7667
18 Feb 2022,4.0089,-2.7053,3.7758
21 Feb 2022,4.0481,-2.7402,3.8139
22 Feb 2022,4.0238,-2.6765,3.8035
23 Feb 2022,4.0248,-2.6735,3.75
24 Feb 2022,3.9631,-2.8503,3.846
25 Feb 2022,4.0256,-2.7437,3.7857
28 Feb 2022,4.0661,-2.8279,3.8032
01 Mar 2022,3.9946,-3.1529,3.8768
02 Mar 2022,3.9086,-3.1174,3.8767
03 Mar 2022,3.8997,-3.0248,3.8508
04 Mar 2022,3.9101,-3.1156,3.7991
07 Mar 2022,3.9666,-3.1132,3.8418
08 Mar 2022,4.0523,-3.1032,3.959
09 Mar 2022,4.0812,-2.945,3.8825
10 Mar 2022,4.0899,-2.8652,3.9068
11 Mar 2022,4.1455,-2.8495,3.8777
14 Mar 2022,4.1565,-2.7492,3.8524
15 Mar 2022,4.0701,-2.7135,3.7921
16 Mar 2022,4.072,-2.6135,3.7466
17 Mar 2022,4.0233,-2.6837,3.7714
18 Mar 2022,3.9746,-2.7429,3.7577
21 Mar 2022,3.9769,-2.5942,3.7227
22 Mar 2022,3.973,-2.4885,3.7005
23 Mar 2022,3.9495,-2.6205,3.682
24 Mar 2022,3.9795,-2.6511,3.7011
25 Mar 2022,3.9576,-2.5726,3.676
28 Mar 2022,3.9668,-2.6037,3.6333
29 Mar 2022,3.9597,-2.5186,3.5857
30 Mar 2022,3.9352,-2.5358,3.6274
31 Mar 2022,3.9841,-2.6455,3.7091
01 Apr 2022,4.004,-2.6486,3.7296
04 Apr 2022,3.9681,-2.6742,3.688
05 Apr 2022,3.9923,-2.6182,3.7307
06 Apr 2022,3.976,-2.5799,3.7342
07 Apr 2022,3.9278,-2.5169,3.6755
08 Apr 2022,3.9357,-2.4899,3.6853
11 Apr 2022,3.9749,-2.3796,3.6547
12 Apr 2022,3.9865,-2.4057,3.6381
13 Apr 2022,4.0462,-2.4514,3.624
14 Apr 2022,4.0739,-2.3459,3.6093
19 Apr 2022,4.1017,-2.2318,3.6059
20 Apr 2022,4.0421,-2.2994,3.6023
21 Apr 2022,4.0228,-2.2674,3.6293
22 Apr 2022,4.049,-2.3543,3.7111
25 Apr 2022,3.9905,-2.4053,3.6824
26 Apr 2022,3.9744,-2.4653,3.7254
27 Apr 2022,3.9255,-2.3803,3.6524
28 Apr 2022,3.9559,-2.3107,3.6318
29 Apr 2022,3.9152,-2.3329,3.7114
03 May 2022,3.9067,-2.2698,3.678
04 May 2022,3.8864,-2.2197,3.6456
05 May 2022,3.8796,-2.2077,3.5783
06 May 2022,3.846,-2.0477,3.4572
09 May 2022,3.8475,-2.0961,3.4474
10 May 2022,3.9001,-2.2,3.4573
11 May 2022,3.9868,-2.2725,3.5696
12 May 2022,4.0075,-2.5276,3.6457
13 May 2022,4.0261,-2.4593,3.6236
16 May 2022,4.0365,-2.4984,3.6386
17 May 2022,4.0404,-2.39,3.6594
18 May 2022,3.9566,-2.3087,3.5428
19 May 2022,3.8736,-2.2289,3.4651
20 May 2022,3.8141,-2.1298,3.4069
23 May 2022,3.8322,-2.0292,3.4012
24 May 2022,3.8036,-2.0593,3.3558
25 May 2022,3.917,-2.0972,3.4274
26 May 2022,3.923,-2.0733,3.4521
27 May 2022,3.9159,-2.0874,3.423
30 May 2022,3.974,-2.12,3.503
31 May 2022,3.8776,-1.8662,3.3117
01 Jun 2022,3.96,-1.8318,3.3526
06 Jun 2022,3.9438,-1.7013,3.3341
07 Jun 2022,3.9466,-1.7226,3.3304
08 Jun 2022,3.9237,-1.6561,3.3069
09 Jun 2022,3.9904,-1.5998,3.343
10 Jun 2022,4.0001,-1.4205,3.3038
13 Jun 2022,4.0519,-1.3226,3.3363
14 Jun 2022,4.126,-1.2839,3.3723
15 Jun 2022,4.1675,-1.3521,3.3878
16 Jun 2022,4.0745,-1.2381,3.3512
17 Jun 2022,4.0153,-1.1358,3.2698
20 Jun 2022,4.028,-1.0096,3.2527
21 Jun 2022,4.0564,-0.9994,3.2896
22 Jun 2022,4.0491,-1.2245,3.2463
23 Jun 2022,4.0135,-1.2978,3.168
24 Jun 2022,4.0529,-1.3341,3.2672
27 Jun 2022,3.979,-1.202,3.2194
28 Jun 2022,3.9146,-1.0357,3.1391
29 Jun 2022,3.8366,-1.0523,3.0526
30 Jun 2022,3.9128,-1.2125,3.1265
01 Jul 2022,3.9378,-1.4139,3.1781
04 Jul 2022,3.9646,-1.3167,3.2052
05 Jul 2022,3.9112,-1.424,3.1926
06 Jul 2022,3.9132,-1.3335,3.1176
07 Jul 2022,3.919,-1.3496,3.1566
08 Jul 2022,3.9499,-1.2272,3.1649
11 Jul 2022,3.9928,-1.2462,3.1487
12 Jul 2022,3.9916,-1.2873,3.1071
13 Jul 2022,3.9384,-1.2799,3.0991
14 Jul 2022,3.8927,-1.2203,3.0322
15 Jul 2022,3.8909,-1.2131,3.0364
18 Jul 2022,3.845,-1.1149,2.9914
19 Jul 2022,3.7788,-1.023,2.9216
20 Jul 2022,3.7747,-1.1521,2.8772
21 Jul 2022,3.764,-1.2196,2.8706
22 Jul 2022,3.7224,-1.2667,2.8448
25 Jul 2022,3.6229,-1.2183,2.8153
26 Jul 2022,3.6175,-1.3348,2.8891
27 Jul 2022,3.6785,-1.3507,2.923
28 Jul 2022,3.7483,-1.5155,2.9887
29 Jul 2022,3.8567,-1.6458,3.1661
01 Aug 2022,3.858,-1.75,3.1995
02 Aug 2022,3.8067,-1.7411,3.2499
03 Aug 2022,3.7971,-1.6478,3.2243
04 Aug 2022,3.7749,-1.7346,3.2966
05 Aug 2022,3.7865,-1.5905,3.3424
08 Aug 2022,3.7702,-1.6651,3.3347
09 Aug 2022,3.7408,-1.5937,3.3055
10 Aug 2022,3.7066,-1.6005,3.2836
11 Aug 2022,3.7235,-1.5304,3.34
12 Aug 2022,3.6517,-1.4276,3.2895
15 Aug 2022,3.6065,-1.5509,3.3082
16 Aug 2022,3.58,-1.5009,3.3222
17 Aug 2022,3.636,-1.6176,3.3632
18 Aug 2022,3.71,-1.6145,3.3362
19 Aug 2022,3.786,-1.5569,3.3805
22 Aug 2022,3.8772,-1.5518,3.3309
23 Aug 2022,3.8351,-1.3227,3.1716
24 Aug 2022,3.7542,-1.1268,3.145
25 Aug 2022,3.8514,-1.3552,3.3189
26 Aug 2022,3.8769,-1.4113,3.3588
30 Aug 2022,3.9314,-1.2059,3.3169
31 Aug 2022,3.9227,-1.0948,3.269
01 Sep 2022,3.8733,-0.9659,3.2694
02 Sep 2022,3.8773,-0.9394,3.2699
05 Sep 2022,3.9065,-0.9918,3.3436
06 Sep 2022,4.0066,-0.8881,3.7039
07 Sep 2022,4.0343,-0.9501,3.7921
08 Sep 2022,4.0326,-0.7674,3.8916
09 Sep 2022,4.0175,-0.7147,3.8671
12 Sep 2022,3.8963,-0.6357,3.6837
13 Sep 2022,3.8178,-0.4926,3.5946
14 Sep 2022,3.8098,-0.6254,3.6157
15 Sep 2022,3.7729,-0.6597,3.6644
16 Sep 2022,3.7679,-0.6382,3.6571
20 Sep 2022,3.8616,-0.5708,3.7276
21 Sep 2022,3.8109,-0.5501,3.7511
22 Sep 2022,3.7766,-0.3065,3.7018
23 Sep 2022,3.6137,-0.0296,3.7751
26 Sep 2022,3.3043,0.4851,3.5671
27 Sep 2022,2.982,1.0633,3.1719
28 Sep 2022,3.1656,0.5365,3.208
29 Sep 2022,3.472,0.3827,3.446
30 Sep 2022,3.955,0.1927,3.6214
03 Oct 2022,3.8214,0.2163,3.5019
04 Oct 2022,3.7508,0.2792,3.4499
05 Oct 2022,3.5727,0.6155,3.3034
06 Oct 2022,3.8236,0.6338,3.3991
07 Oct 2022,3.6811,0.8853,3.2231
10 Oct 2022,3.1802,1.6162,2.7324
11 Oct 2022,3.1043,1.5645,2.6727
12 Oct 2022,3.3125,1.4719,2.8377
13 Oct 2022,2.9604,1.4911,2.566
14 Oct 2022,3.0975,1.411,2.767
17 Oct 2022,3.2164,0.9696,2.789
18 Oct 2022,3.353,0.7729,2.8892
19 Oct 2022,3.5319,0.4541,3.0135
20 Oct 2022,3.6047,0.3932,3.0755
21 Oct 2022,3.7766,0.5096,3.1751
24 Oct 2022,3.8344,0.1552,3.265
25 Oct 2022,3.7097,0.0802,3.2915
26 Oct 2022,3.6637,0.1174,3.194
27 Oct 2022,3.6126,-0.0076,3.2348
28 Oct 2022,3.5421,-0.0027,3.1689
31 Oct 2022,3.4574,0.2013,3.0315
01 Nov 2022,3.5362,0.1135,3.0449
02 Nov 2022,3.5269,0.1259,2.9904
03 Nov 2022,3.6531,0.0994,3.076
04 Nov 2022,3.7237,0.0921,3.1584
07 Nov 2022,3.7326,0.1351,3.1754
08 Nov 2022,3.6351,0.0417,3.211
09 Nov 2022,3.5828,-0.0842,3.2705
10 Nov 2022,3.5496,-0.2483,3.2841
11 Nov 2022,3.6263,-0.1738,3.3204
14 Nov 2022,3.6918,-0.2218,3.3921
15 Nov 2022,3.6234,-0.2715,3.4311
16 Nov 2022,3.5243,-0.4636,3.3813
17 Nov 2022,3.5272,-0.3638,3.3288
18 Nov 2022,3.6021,-0.3198,3.327
21 Nov 2022,3.6172,-0.3311,3.3089
22 Nov 2022,3.5533,-0.3461,3.3029
23 Nov 2022,3.4049,-0.4356,3.2628
24 Nov 2022,3.4047,-0.3943,3.2721
25 Nov 2022,3.4543,-0.3283,3.3188
28 Nov 2022,2.982,1.0633,3.1719
29 Nov 2022,3.4396,-0.2905,3.2578
30 Nov 2022,3.4704,-0.2469,3.2813
01 Dec 2022,3.482,-0.3171,3.27
02 Dec 2022,3.4816,-0.2083,3.2446
05 Dec 2022,3.3964,-0.2469,3.2091
06 Dec 2022,3.3647,-0.1735,3.1124
07 Dec 2022,3.3656,-0.1892,3.1097
08 Dec 2022,3.3395,-0.1259,3.049
09 Dec 2022,3.3886,-0.0011,3.0073
12 Dec 2022,3.3731,0.0842,2.9499
13 Dec 2022,3.407,0.1629,2.9391
14 Dec 2022,3.5347,0.1069,2.9159
15 Dec 2022,3.6111,-0.033,2.9661
16 Dec 2022,3.751,0.0214,3.0772
19 Dec 2022,3.7674,0.1574,3.0608
20 Dec 2022,3.7388,0.2949,3.0897
21 Dec 2022,3.6667,0.2825,3.0795
22 Dec 2022,3.6587,0.2444,3.1576
23 Dec 2022,3.6475,0.3126,3.1831
28 Dec 2022,3.6657,0.3819,3.1855
29 Dec 2022,3.6759,0.403,3.1826
30 Dec 2022,3.6984,0.4046,3.2039
03 Jan 2023,3.6719,0.3726,3.2344
04 Jan 2023,3.61,0.3284,3.1965
05 Jan 2023,3.6401,0.4609,3.1713
06 Jan 2023,3.603,0.4375,3.1236
09 Jan 2023,3.5689,0.5336,3.1094
10 Jan 2023,3.653,0.4544,3.24
11 Jan 2023,3.6505,0.3277,3.2401
12 Jan 2023,3.6898,0.2826,3.2692
13 Jan 2023,3.645,0.3123,3.2494
16 Jan 2023,3.5947,0.4106,3.2215
17 Jan 2023,3.6033,0.3378,3.2743
18 Jan 2023,3.5335,0.2022,3.1975
19 Jan 2023,3.5311,0.2281,3.1727
20 Jan 2023,3.5592,0.246,3.2362
23 Jan 2023,3.5894,0.2516,3.2561
24 Jan 2023,3.6284,0.1883,3.305
25 Jan 2023,3.6054,0.2084,3.2893
26 Jan 2023,3.6572,0.2182,3.338
27 Jan 2023,3.7082,0.1975,3.4044
30 Jan 2023,3.6909,0.1873,3.4079
31 Jan 2023,3.6647,0.1957,3.4149
01 Feb 2023,3.6612,0.2057,3.4034
02 Feb 2023,3.621,-0.1003,3.3966
03 Feb 2023,3.6248,-0.0423,3.4034
06 Feb 2023,3.6431,0.0759,3.452
07 Feb 2023,3.6339,0.0972,3.4602
08 Feb 2023,3.5847,0.1185,3.4331
09 Feb 2023,3.6186,0.09,3.4646
10 Feb 2023,3.6011,0.2096,3.4485
13 Feb 2023,3.6132,0.2298,3.4479
14 Feb 2023,3.5499,0.3093,3.4593
15 Feb 2023,3.5601,0.1682,3.4119
16 Feb 2023,3.5852,0.2076,3.3844
17 Feb 2023,3.5531,0.3211,3.3064
20 Feb 2023,3.5632,0.2708,3.3346
21 Feb 2023,3.5891,0.4101,3.3449
22 Feb 2023,3.5727,0.3869,3.3649
23 Feb 2023,3.5383,0.3866,3.3947
24 Feb 2023,3.5369,0.441,3.3951
27 Feb 2023,3.5595,0.4542,3.4465
28 Feb 2023,3.5817,0.4146,3.4712
01 Mar 2023,3.549,0.4287,3.4572
02 Mar 2023,3.5657,0.3972,3.4982
03 Mar 2023,3.5204,0.3805,3.4734
06 Mar 2023,3.4944,0.3508,3.4586
07 Mar 2023,3.476,0.4252,3.3598
08 Mar 2023,3.4646,0.3668,3.3524
09 Mar 2023,3.4954,0.3611,3.4085
10 Mar 2023,3.4654,0.2178,3.3856
13 Mar 2023,3.4559,0.007,3.4244
14 Mar 2023,3.4931,0.1278,3.4521
15 Mar 2023,3.4635,0.0642,3.3801
16 Mar 2023,3.4566,0.0888,3.4099
17 Mar 2023,3.5272,0.033,3.3159
20 Mar 2023,3.5383,0.1238,3.2807
21 Mar 2023,3.5693,0.1305,3.3361
22 Mar 2023,3.5167,0.1114,3.3132
23 Mar 2023,3.5212,0.0327,3.2763
24 Mar 2023,3.4913,-0.0039,3.2419
27 Mar 2023,3.5297,0.0223,3.2875
28 Mar 2023,3.6,0.0239,3.374
29 Mar 2023,3.6848,-0.073,3.4716
30 Mar 2023,3.7711,-0.0844,3.5562
31 Mar 2023,3.7169,-0.0375,3.5209
03 Apr 2023,3.6674,-0.1621,3.5106
04 Apr 2023,3.6777,-0.1354,3.5186
05 Apr 2023,3.6776,-0.0743,3.5162
06 Apr 2023,3.6152,-0.0148,3.5067
11 Apr 2023,3.6056,0.1175,3.4667
12 Apr 2023,3.6171,0.1641,3.4466
13 Apr 2023,3.5803,0.1508,3.47
14 Apr 2023,3.6099,0.1911,3.5326
17 Apr 2023,3.6351,0.2216,3.5501
18 Apr 2023,3.5815,0.3133,3.4903
19 Apr 2023,3.6092,0.3072,3.4813
20 Apr 2023,3.6058,0.2291,3.5033
21 Apr 2023,3.6243,0.2075,3.524
24 Apr 2023,3.6322,0.2001,3.5065
25 Apr 2023,3.5676,0.1942,3.4345
26 Apr 2023,3.554,0.288,3.3658
27 Apr 2023,3.5725,0.3472,3.3888
28 Apr 2023,3.5716,0.3548,3.3423
02 May 2023,3.5372,0.3571,3.2825
03 May 2023,3.5303,0.4146,3.283
04 May 2023,3.5311,0.4181,3.2674
05 May 2023,3.545,0.4666,3.338
09 May 2023,3.568,0.5224,3.3401
10 May 2023,3.5886,0.4503,3.3819
11 May 2023,3.5896,0.3853,3.3769
12 May 2023,3.5774,0.456,3.3657
15 May 2023,3.5733,0.5167,3.352
16 May 2023,3.5526,0.5704,3.3075
17 May 2023,3.5465,0.5461,3.3633
18 May 2023,3.5758,0.6549,3.386
19 May 2023,3.5664,0.7337,3.3737
22 May 2023,3.5559,0.7708,3.3788
23 May 2023,3.5722,0.8699,3.3861
24 May 2023,3.5362,0.6839,3.4416
25 May 2023,3.5226,0.8503,3.4293
26 May 2023,3.5228,0.8606,3.4297
30 May 2023,3.484,0.768,3.4322
31 May 2023,3.5235,0.7011,3.4292
01 Jun 2023,3.4907,0.6821,3.4172
02 Jun 2023,3.5211,0.6983,3.452
05 Jun 2023,3.5724,0.6885,3.5266
06 Jun 2023,3.6242,0.6566,3.5501
07 Jun 2023,3.6363,0.6528,3.5653
08 Jun 2023,3.6203,0.6703,3.5896
09 Jun 2023,3.5913,0.6943,3.5651
12 Jun 2023,3.6026,0.7984,3.5598
13 Jun 2023,3.6055,0.8582,3.6024
14 Jun 2023,3.6088,0.8218,3.6065
15 Jun 2023,3.5604,0.8076,3.6083
16 Jun 2023,3.5664,0.8337,3.6354
19 Jun 2023,3.5493,0.9333,3.6095
20 Jun 2023,3.5096,0.7885,3.5861
21 Jun 2023,3.53,0.6893,3.6614
22 Jun 2023,3.5406,0.7261,3.587
23 Jun 2023,3.4931,0.732,3.5119
26 Jun 2023,3.5049,0.7069,3.5227
27 Jun 2023,3.4816,0.8116,3.5062
28 Jun 2023,3.5059,0.7421,3.557
29 Jun 2023,3.5074,0.7384,3.5837
30 Jun 2023,3.5137,0.7547,3.6082
03 Jul 2023,3.4946,0.8309,3.5711
04 Jul 2023,3.5177,0.8477,3.5328
05 Jul 2023,3.548,0.8946,3.5847
06 Jul 2023,3.5698,1.0577,3.5733
07 Jul 2023,3.5835,1.0489,3.6052
10 Jul 2023,3.563,1.0246,3.647
11 Jul 2023,3.554,1.0532,3.6276
12 Jul 2023,3.5271,0.967,3.5896
13 Jul 2023,3.5006,0.9198,3.5618
14 Jul 2023,3.4988,0.972,3.4713
17 Jul 2023,3.5259,0.9782,3.523
18 Jul 2023,3.5046,0.8891,3.5261
19 Jul 2023,3.5157,0.6508,3.5727
20 Jul 2023,3.5147,0.7013,3.5902
21 Jul 2023,3.5291,0.6796,3.6185
24 Jul 2023,3.5392,0.6659,3.6234
25 Jul 2023,3.5253,0.682,3.6185
26 Jul 2023,3.5073,0.6797,3.6515
27 Jul 2023,3.5297,0.7186,3.6487
28 Jul 2023,3.5641,0.7362,3.6608
31 Jul 2023,3.5533,0.7192,3.6525
01 Aug 2023,3.5829,0.7832,3.7025
02 Aug 2023,3.6048,0.7948,3.7118
03 Aug 2023,3.6417,0.8697,3.7143
04 Aug 2023,3.6473,0.8071,3.7323
07 Aug 2023,3.665,0.8494,3.7485
08 Aug 2023,3.6108,0.8003,3.7385
09 Aug 2023,3.534,0.8133,3.7109
10 Aug 2023,3.5318,0.825,3.694
11 Aug 2023,3.5965,0.9627,3.7199
14 Aug 2023,3.6168,1.0122,3.702
15 Aug 2023,3.5781,1.0685,3.6677
16 Aug 2023,3.5757,0.9863,3.6703
17 Aug 2023,3.5922,1.0624,3.6896
18 Aug 2023,3.5902,1.0464,3.6817
21 Aug 2023,3.5907,1.0863,3.6889
22 Aug 2023,3.5457,1.0534,3.6664
23 Aug 2023,3.5277,0.8955,3.6471
24 Aug 2023,3.5376,0.8591,3.6392
25 Aug 2023,3.5564,0.873,3.6483
29 Aug 2023,3.5555,0.8721,3.6357
30 Aug 2023,3.5724,0.848,3.6458
31 Aug 2023,3.5654,0.7659,3.6781
01 Sep 2023,3.5912,0.7926,3.7013
04 Sep 2023,3.5808,0.851,3.6857
05 Sep 2023,3.5787,0.8787,3.7036
06 Sep 2023,3.5878,0.9096,3.7128
07 Sep 2023,3.6179,0.8442,3.7184
08 Sep 2023,3.5948,0.7951,3.6939
11 Sep 2023,3.5953,0.8525,3.7087
12 Sep 2023,3.5687,0.8099,3.6868
13 Sep 2023,3.5806,0.7324,3.6764
14 Sep 2023,3.5843,0.6521,3.65
15 Sep 2023,3.6133,0.7073,3.6846
18 Sep 2023,3.5926,0.7751,3.6651
19 Sep 2023,3.5641,0.7101,3.6821
20 Sep 2023,3.5572,0.5567,3.6775
21 Sep 2023,3.5512,0.6047,3.6693
22 Sep 2023,3.5496,0.5832,3.6591
25 Sep 2023,3.603,0.6044,3.6931
26 Sep 2023,3.6139,0.6428,3.6576
27 Sep 2023,3.6114,0.6763,3.6477
28 Sep 2023,3.6246,0.857,3.6524
29 Sep 2023,3.598,0.7585,3.6379
02 Oct 2023,3.6314,0.8855,3.6407
03 Oct 2023,3.6408,0.9367,3.6265
04 Oct 2023,3.6434,0.9887,3.62
05 Oct 2023,3.6348,0.943,3.6099
06 Oct 2023,3.6344,1.0142,3.6037
09 Oct 2023,3.5945,0.9051,3.6041
10 Oct 2023,3.5709,0.8566,3.5879
11 Oct 2023,3.5414,0.7851,3.5399
12 Oct 2023,3.5274,0.8718,3.5397
13 Oct 2023,3.5237,0.859,3.5244
16 Oct 2023,3.5498,0.9416,3.5291
17 Oct 2023,3.6033,0.978,3.5533
18 Oct 2023,3.6008,0.9963,3.5584
19 Oct 2023,3.5997,1.0546,3.5488
20 Oct 2023,3.6278,1.0115,3.5811
23 Oct 2023,3.6354,0.9957,3.5572
24 Oct 2023,3.6414,0.9571,3.5288
25 Oct 2023,3.6586,1.0021,3.5378
26 Oct 2023,3.6671,0.9849,3.5564
27 Oct 2023,3.6578,0.95,3.5385
30 Oct 2023,3.6603,0.968,3.5486
31 Oct 2023,3.6379,0.948,3.5099
01 Nov 2023,3.6425,0.9055,3.5309
02 Nov 2023,3.6554,0.8001,3.5402
03 Nov 2023,3.6478,0.7281,3.5274
06 Nov 2023,3.6583,0.8105,3.5288
07 Nov 2023,3.6343,0.7221,3.5556
08 Nov 2023,3.6151,0.6936,3.5622
09 Nov 2023,3.6197,0.716,3.5781
10 Nov 2023,3.6211,0.7737,3.583
13 Nov 2023,3.6328,0.7893,3.5846
14 Nov 2023,3.6243,0.6427,3.5588
15 Nov 2023,3.62,0.6032,3.5443
16 Nov 2023,3.5956,0.5605,3.5034
17 Nov 2023,3.584,0.5834,3.4736
20 Nov 2023,3.6053,0.5793,3.5009
21 Nov 2023,3.5784,0.5625,3.513
22 Nov 2023,3.566,0.614,3.5334
23 Nov 2023,3.5677,0.6688,3.5542
24 Nov 2023,3.5647,0.7232,3.5529
27 Nov 2023,3.5595,0.6769,3.5147
28 Nov 2023,3.5574,0.6361,3.5089
29 Nov 2023,3.548,0.6011,3.4721
30 Nov 2023,3.5184,0.7115,3.4364
01 Dec 2023,3.5044,0.7151,3.4292
04 Dec 2023,3.4831,0.7805,3.3782
05 Dec 2023,3.4379,0.6546,3.3538
06 Dec 2023,3.4284,0.5959,3.3479
07 Dec 2023,3.4451,0.5865,3.3684
08 Dec 2023,3.4553,0.6014,3.387
11 Dec 2023,3.4456,0.6922,3.3614
12 Dec 2023,3.3972,0.6204,3.3334
13 Dec 2023,3.3841,0.5042,3.3276
14 Dec 2023,3.407,0.4374,3.3355
15 Dec 2023,3.3866,0.3984,3.281
18 Dec 2023,3.4106,0.3429,3.3333
19 Dec 2023,3.4151,0.2899,3.3286
20 Dec 2023,3.4306,0.1597,3.3162
21 Dec 2023,3.3779,0.1983,3.2685
22 Dec 2023,3.3819,0.1666,3.2786
27 Dec 2023,3.3634,0.1232,3.2687
28 Dec 2023,3.3811,0.158,3.2776
29 Dec 2023,3.4368,0.2062,3.2938
02 Jan 2024,3.434,0.2972,3.3129
03 Jan 2024,3.3982,0.3283,3.339
04 Jan 2024,3.3847,0.3591,3.3568
05 Jan 2024,3.3826,0.3893,3.3711
08 Jan 2024,3.3687,0.4547,3.3205
09 Jan 2024,3.3542,0.4697,3.3028
10 Jan 2024,3.352,0.4956,3.3052
11 Jan 2024,3.3478,0.5392,3.3062
12 Jan 2024,3.3475,0.4926,3.3155
15 Jan 2024,3.3348,0.5235,3.2889
16 Jan 2024,3.3359,0.54,3.2754
17 Jan 2024,3.3645,0.6498,3.2727
18 Jan 2024,3.3648,0.6186,3.2817
19 Jan 2024,3.3669,0.5889,3.2983
22 Jan 2024,3.3485,0.5819,3.2771
23 Jan 2024,3.3591,0.6655,3.2761
24 Jan 2024,3.3397,0.6732,3.2896
25 Jan 2024,3.341,0.6373,3.2938
26 Jan 2024,3.3392,0.6275,3.3085
29 Jan 2024,3.327,0.5574,3.2918
30 Jan 2024,3.343,0.5525,3.2931
31 Jan 2024,3.3398,0.4487,3.2738
01 Feb 2024,3.3509,0.3955,3.2754
02 Feb 2024,3.3639,0.5564,3.291
05 Feb 2024,3.3955,0.6492,3.3191
06 Feb 2024,3.3728,0.5656,3.3169
07 Feb 2024,3.376,0.5938,3.3187
08 Feb 2024,3.3866,0.6561,3.3399
09 Feb 2024,3.396,0.7126,3.3187
12 Feb 2024,3.3933,0.7121,3.3073
13 Feb 2024,3.3992,0.7435,3.3316
14 Feb 2024,3.3978,0.6355,3.3272
15 Feb 2024,3.3815,0.6576,3.2933
16 Feb 2024,3.3922,0.7128,3.3024
19 Feb 2024,3.3963,0.727,3.2984
20 Feb 2024,3.365,0.692,3.2778
21 Feb 2024,3.3794,0.7262,3.2817
22 Feb 2024,3.3508,0.736,3.2891
23 Feb 2024,3.3373,0.7071,3.2936
26 Feb 2024,3.3423,0.704,3.3352
27 Feb 2024,3.3711,0.7205,3.3603
28 Feb 2024,3.3722,0.6853,3.41
29 Feb 2024,3.3953,0.5743,3.4592
01 Mar 2024,3.3842,0.5782,3.4242
04 Mar 2024,3.3811,0.6077,3.4196
05 Mar 2024,3.3222,0.5116,3.3577
06 Mar 2024,3.3202,0.5269,3.3444
07 Mar 2024,3.3159,0.5248,3.3431
08 Mar 2024,3.3156,0.5213,3.3135
11 Mar 2024,3.3224,0.5094,3.319
12 Mar 2024,3.3071,0.4867,3.3245
13 Mar 2024,3.3414,0.5086,3.3751
14 Mar 2024,3.3982,0.5126,3.4384
15 Mar 2024,3.4014,0.5522,3.4183
18 Mar 2024,3.4306,0.5211,3.4433
19 Mar 2024,3.4426,0.4937,3.438
20 Mar 2024,3.4482,0.3902,3.4484
21 Mar 2024,3.4447,0.3624,3.46
22 Mar 2024,3.416,0.3205,3.4374
25 Mar 2024,3.4483,0.3431,3.4526
26 Mar 2024,3.4694,0.3387,3.4149
27 Mar 2024,3.4371,0.3529,3.3731
28 Mar 2024,3.4404,0.3225,3.3877
02 Apr 2024,3.4885,0.4432,3.4265
03 Apr 2024,3.5032,0.402,3.4619
04 Apr 2024,3.4539,0.371,3.427
05 Apr 2024,3.4658,0.4262,3.4359
08 Apr 2024,3.4522,0.4516,3.4255
09 Apr 2024,3.4294,0.4086,3.3905
10 Apr 2024,3.4554,0.4764,3.4262
11 Apr 2024,3.4523,0.5462,3.4258
12 Apr 2024,3.4592,0.4518,3.4188
15 Apr 2024,3.4859,0.5125,3.4653
16 Apr 2024,3.5151,0.503,3.5109
17 Apr 2024,3.5166,0.503,3.4399
18 Apr 2024,3.5196,0.5116,3.4305
19 Apr 2024,3.4935,0.5213,3.4421
22 Apr 2024,3.4696,0.5096,3.4207
23 Apr 2024,3.4608,0.5645,3.4095
24 Apr 2024,3.4783,0.6193,3.4303
25 Apr 2024,3.466,0.6404,3.4268
26 Apr 2024,3.461,0.6183,3.4124
29 Apr 2024,3.4697,0.5835,3.4146
30 Apr 2024,3.4769,0.6339,3.4362
01 May 2024,3.4749,0.6853,3.3997
02 May 2024,3.4363,0.6306,3.3925
03 May 2024,3.432,0.577,3.3926
07 May 2024,3.388,0.5044,3.3613
08 May 2024,3.4378,0.4959,3.3809
09 May 2024,3.441,0.4987,3.397
10 May 2024,3.4397,0.5268,3.3931
13 May 2024,3.4504,0.5369,3.3854
14 May 2024,3.4473,0.5396,3.395
15 May 2024,3.4598,0.4238,3.4363
16 May 2024,3.4735,0.4049,3.4406
17 May 2024,3.4601,0.4717,3.4379
20 May 2024,3.4447,0.5203,3.4311
21 May 2024,3.4353,0.5077,3.4237
22 May 2024,3.4737,0.5137,3.4409
23 May 2024,3.4698,0.5342,3.4502
24 May 2024,3.4387,0.5651,3.4189
28 May 2024,3.4447,0.5767,3.4199
29 May 2024,3.4531,0.6783,3.429
30 May 2024,3.4684,0.6435,3.4492
31 May 2024,3.4645,0.581,3.4676
03 Jun 2024,3.4348,0.5204,3.4453
04 Jun 2024,3.4301,0.5006,3.4088
05 Jun 2024,3.4177,0.5128,3.4056
06 Jun 2024,3.4128,0.5149,3.4034
07 Jun 2024,3.4283,0.594,3.4161
10 Jun 2024,3.4355,0.6578,3.4203
11 Jun 2024,3.4043,0.6377,3.3907
12 Jun 2024,3.3899,0.5276,3.3751
13 Jun 2024,3.4022,0.5266,3.3887
14 Jun 2024,3.3736,0.4654,3.3489
17 Jun 2024,3.3704,0.5543,3.3178
18 Jun 2024,3.4097,0.4902,3.3411
19 Jun 2024,3.4165,0.482,3.3418
20 Jun 2024,3.3978,0.4878,3.3264
21 Jun 2024,3.4237,0.5109,3.3305
24 Jun 2024,3.4111,0.5388,3.3093
25 Jun 2024,3.3876,0.5576,3.2753
26 Jun 2024,3.3965,0.6152,3.2896
27 Jun 2024,3.3896,0.6067,3.3007
28 Jun 2024,3.4089,0.6339,3.3322
01 Jul 2024,3.4188,0.7099,3.3456
02 Jul 2024,3.3767,0.7224,3.3028
03 Jul 2024,3.3294,0.6668,3.2714
04 Jul 2024,3.3584,0.6851,3.2907
05 Jul 2024,3.3247,0.6301,3.267
08 Jul 2024,3.3333,0.6103,3.2661
09 Jul 2024,3.3294,0.6766,3.261
10 Jul 2024,3.3247,0.6619,3.2534
11 Jul 2024,3.3351,0.5983,3.2839
12 Jul 2024,3.3598,0.6,3.3346
15 Jul 2024,3.3624,0.5876,3.3322
16 Jul 2024,3.3956,0.5271,3.3874
17 Jul 2024,3.4214,0.4951,3.3937
18 Jul 2024,3.4095,0.4761,3.3756
19 Jul 2024,3.4313,0.5569,3.3748
22 Jul 2024,3.411,0.5993,3.3442
23 Jul 2024,3.3993,0.6118,3.333
24 Jul 2024,3.4033,0.6075,3.3623
25 Jul 2024,3.385,0.6123,3.3447
26 Jul 2024,3.3656,0.6077,3.3255
29 Jul 2024,3.3342,0.5523,3.3369
30 Jul 2024,3.3413,0.557,3.3215
31 Jul 2024,3.3399,0.5063,3.3101
01 Aug 2024,3.3278,0.392,3.3047
02 Aug 2024,3.3019,0.4254,3.2614
05 Aug 2024,3.292,0.4585,3.2586
06 Aug 2024,3.3314,0.4655,3.3176
07 Aug 2024,3.3306,0.5058,3.335
08 Aug 2024,3.3179,0.5207,3.3236
09 Aug 2024,3.3092,0.5043,3.3213
12 Aug 2024,3.292,0.4994,3.3267
13 Aug 2024,3.2771,0.4574,3.3155
14 Aug 2024,3.2751,0.4063,3.2931
15 Aug 2024,3.305,0.4807,3.321
16 Aug 2024,3.2996,0.4878,3.3126
19 Aug 2024,3.281,0.5188,3.2934
20 Aug 2024,3.2624,0.5059,3.2808
21 Aug 2024,3.2595,0.5065,3.2714
22 Aug 2024,3.2757,0.5498,3.2969
23 Aug 2024,3.2608,0.5044,3.3017
27 Aug 2024,3.2799,0.5341,3.3405
28 Aug 2024,3.2576,0.5482,3.3317
29 Aug 2024,3.2376,0.5851,3.3171
30 Aug 2024,3.2347,0.5767,3.3068
02 Sep 2024,3.2465,0.6272,3.3116
03 Sep 2024,3.2303,0.5841,3.2789
04 Sep 2024,3.2176,0.5575,3.2593
05 Sep 2024,3.2286,0.5339,3.2874
06 Sep 2024,3.2022,0.5167,3.277
09 Sep 2024,3.2042,0.495,3.2902
10 Sep 2024,3.1804,0.5001,3.2543
11 Sep 2024,3.1362,0.4575,3.2127
12 Sep 2024,3.1626,0.478,3.2254
13 Sep 2024,3.1791,0.4566,3.2421
16 Sep 2024,3.1819,0.4391,3.251
17 Sep 2024,3.2181,0.422,3.2795
18 Sep 2024,3.2591,0.4199,3.3207
19 Sep 2024,3.2633,0.4791,3.3012
20 Sep 2024,3.2561,0.5146,3.2975
23 Sep 2024,3.2782,0.5168,3.3165
24 Sep 2024,3.2747,0.5098,3.3268
25 Sep 2024,3.2628,0.5573,3.3429
26 Sep 2024,3.2366,0.5756,3.327
27 Sep 2024,3.2449,0.5816,3.3332
30 Sep 2024,3.2466,0.5871,3.3382
01 Oct 2024,3.2429,0.5059,3.3444
02 Oct 2024,3.2559,0.5855,3.3563
03 Oct 2024,3.2688,0.5293,3.3797
04 Oct 2024,3.309,0.5802,3.4236
07 Oct 2024,3.3334,0.607,3.4675
08 Oct 2024,3.2993,0.6707,3.3988
09 Oct 2024,3.2999,0.6739,3.392
10 Oct 2024,3.3336,0.6794,3.4387
11 Oct 2024,3.3524,0.6627,3.4482
14 Oct 2024,3.3367,0.6961,3.4452
15 Oct 2024,3.2839,0.6774,3.3985
16 Oct 2024,3.2908,0.5459,3.3999
17 Oct 2024,3.3208,0.571,3.4207
18 Oct 2024,3.2925,0.5554,3.3907
21 Oct 2024,3.3252,0.5816,3.4217
22 Oct 2024,3.3443,0.584,3.4451
23 Oct 2024,3.3506,0.6387,3.4483
24 Oct 2024,3.3336,0.6665,3.4152
25 Oct 2024,3.3319,0.6787,3.3974
28 Oct 2024,3.3215,0.758,3.3592
29 Oct 2024,3.3502,0.7871,3.3861
30 Oct 2024,3.3694,0.8224,3.3895
31 Oct 2024,3.3948,0.8396,3.444
01 Nov 2024,3.3858,0.871,3.4306
04 Nov 2024,3.3863,0.8482,3.448
05 Nov 2024,3.3803,0.9188,3.458
06 Nov 2024,3.3997,0.9481,3.474
07 Nov 2024,3.3678,0.9012,3.445
08 Nov 2024,3.341,0.8647,3.412
11 Nov 2024,3.3465,0.8506,3.4082
12 Nov 2024,3.3733,0.8972,3.425
13 Nov 2024,3.3662,0.9544,3.4125
14 Nov 2024,3.3557,0.9534,3.3959
15 Nov 2024,3.3469,0.9508,3.3812
18 Nov 2024,3.3585,0.9576,3.3697
19 Nov 2024,3.3707,0.9304,3.3317
20 Nov 2024,3.3992,0.9338,3.3555
21 Nov 2024,3.3652,0.8989,3.3401
22 Nov 2024,3.3599,0.8575,3.3315
25 Nov 2024,3.3204,0.8149,3.3001
26 Nov 2024,3.3158,0.8191,3.3263
27 Nov 2024,3.2896,0.7918,3.2855
28 Nov 2024,3.3069,0.7508,3.288
29 Nov 2024,3.2884,0.7544,3.2521
02 Dec 2024,3.2815,0.7281,3.2584
03 Dec 2024,3.2865,0.7438,3.258
04 Dec 2024,3.2639,0.7708,3.2374
05 Dec 2024,3.2538,0.8329,3.2206
06 Dec 2024,3.2458,0.8513,3.2234
09 Dec 2024,3.2298,0.859,3.2098
10 Dec 2024,3.2935,0.8412,3.2852
11 Dec 2024,3.3035,0.8298,3.2897
12 Dec 2024,3.3089,0.8579,3.2996
13 Dec 2024,3.3161,0.9258,3.3096
16 Dec 2024,3.298,1.0003,3.2626
17 Dec 2024,3.3142,1.0937,3.2328
18 Dec 2024,3.3458,1.0981,3.2429
19 Dec 2024,3.3789,1.0924,3.2943
20 Dec 2024,3.3834,1.037,3.294
23 Dec 2024,3.3976,1.0739,3.293
24 Dec 2024,3.4164,1.0887,3.3066
27 Dec 2024,3.4154,1.1264,3.2968
30 Dec 2024,3.3715,1.1281,3.2611
31 Dec 2024,3.3624,1.0868,3.2775
02 Jan 2025,3.3783,1.0664,3.3013
03 Jan 2025,3.3589,1.0799,3.2837
06 Jan 2025,3.3435,1.12,3.2595
07 Jan 2025,3.3501,1.1685,3.2717
08 Jan 2025,3.3713,1.2322,3.329
09 Jan 2025,3.3819,1.2404,3.3181
10 Jan 2025,3.4214,1.2511,3.3463
13 Jan 2025,3.396,1.2571,3.3554
14 Jan 2025,3.3907,1.2874,3.3409
15 Jan 2025,3.3949,1.0877,3.3658
16 Jan 2025,3.4411,1.0251,3.3888
17 Jan 2025,3.4203,1.0295,3.3601
20 Jan 2025,3.3925,1.0748,3.3175
21 Jan 2025,3.3386,1.0469,3.2792
22 Jan 2025,3.3751,1.0299,3.2975
23 Jan 2025,3.3969,1.0341,3.3272
24 Jan 2025,3.3722,1.0464,3.3213
27 Jan 2025,3.3585,1.0186,3.2941
28 Jan 2025,3.3664,1.0385,3.3097
29 Jan 2025,3.3712,1.0194,3.3043
30 Jan 2025,3.349,0.9828,3.3218
31 Jan 2025,3.3498,0.9616,3.3246
03 Feb 2025,3.352,0.9146,3.3263
04 Feb 2025,3.3551,0.9604,3.3293
05 Feb 2025,3.3477,0.8873,3.3029
06 Feb 2025,3.344,0.906,3.3177
07 Feb 2025,3.3387,0.9598,3.2913
10 Feb 2025,3.3185,0.9313,3.2935
11 Feb 2025,3.3493,0.9677,3.3196
12 Feb 2025,3.3669,1.027,3.3131
13 Feb 2025,3.3281,0.9878,3.2965
14 Feb 2025,3.3166,1.0058,3.298
17 Feb 2025,3.3131,1.0497,3.2849
18 Feb 2025,3.3232,1.0761,3.2906
19 Feb 2025,3.3342,1.0934,3.2932
20 Feb 2025,3.3301,1.1094,3.2806
21 Feb 2025,3.3271,1.0834,3.2751
24 Feb 2025,3.3257,1.0669,3.2689
25 Feb 2025,3.3057,1.0448,3.242
26 Feb 2025,3.3166,1.058,3.2431
27 Feb 2025,3.3087,1.0494,3.2553
28 Feb 2025,3.2688,1.0534,3.2085
03 Mar 2025,3.2595,1.108,3.2045
04 Mar 2025,3.2444,1.0648,3.1848
05 Mar 2025,3.3212,1.1938,3.2289
06 Mar 2025,3.3619,1.2118,3.2578
07 Mar 2025,3.3278,1.1693,3.2419
10 Mar 2025,3.321,1.1586,3.2317
11 Mar 2025,3.2989,1.2208,3.2102
12 Mar 2025,3.3119,1.2872,3.1922
13 Mar 2025,3.3323,1.2318,3.2122
14 Mar 2025,3.3331,1.217,3.2023
17 Mar 2025,3.3128,1.1986,3.1782
18 Mar 2025,3.3096,1.2125,3.1787
19 Mar 2025,3.305,1.1914,3.1913
20 Mar 2025,3.2976,1.1954,3.1915
21 Mar 2025,3.2689,1.2593,3.163
24 Mar 2025,3.3029,1.2711,3.1811
25 Mar 2025,3.3194,1.2775,3.1972
26 Mar 2025,3.3197,1.2323,3.172
27 Mar 2025,3.3305,1.2799,3.183
28 Mar 2025,3.2992,1.2302,3.1452
31 Mar 2025,3.2985,1.2131,3.1239
01 Apr 2025,3.2756,1.1779,3.1217
02 Apr 2025,3.2568,1.2045,3.0988
03 Apr 2025,3.232,1.1574,3.0457
04 Apr 2025,3.2407,1.1614,3.017
07 Apr 2025,3.2503,1.2993,3.0377
08 Apr 2025,3.2417,1.3155,3.0219
09 Apr 2025,3.3397,1.4605,3.0215
10 Apr 2025,3.3069,1.3757,2.9865
11 Apr 2025,3.3268,1.5442,2.922
14 Apr 2025,3.2604,1.4796,2.8855
15 Apr 2025,3.2449,1.4594,2.9014
16 Apr 2025,3.2598,1.3688,2.9251
17 Apr 2025,3.2833,1.2743,2.9912
22 Apr 2025,3.2777,1.2603,3.042
23 Apr 2025,3.2416,1.2724,3.0379
24 Apr 2025,3.2561,1.1993,3.0394
25 Apr 2025,3.2701,1.1736,3.0639
28 Apr 2025,3.2578,1.1933,3.0646
29 Apr 2025,3.2529,1.1941,3.0514
30 Apr 2025,3.2301,1.1919,3.0251
01 May 2025,3.2343,1.199,3.0187
02 May 2025,3.2454,1.2197,3.031
06 May 2025,3.2404,1.2634,3.0155
07 May 2025,3.2158,1.2268,2.9861
08 May 2025,3.2133,1.3113,2.9533
09 May 2025,3.214,1.3601,2.9535
12 May 2025,3.2222,1.3952,2.9835
13 May 2025,3.2351,1.3862,3.0206
14 May 2025,3.2472,1.4431,3.0237
15 May 2025,3.2312,1.4157,3.015
16 May 2025,3.2135,1.4058,3.0019
19 May 2025,3.2108,1.4266,3.0045
20 May 2025,3.2073,1.4488,3.0209
21 May 2025,3.2309,1.4635,3.0413
22 May 2025,3.2675,1.4664,3.0507
23 May 2025,3.2678,1.4254,3.0305
27 May 2025,3.2533,1.3987,3.015
28 May 2025,3.2294,1.4547,2.9763
29 May 2025,3.2032,1.4372,2.9258
30 May 2025,3.2228,1.472,2.9027
02 Jun 2025,3.2689,1.4255,2.9444
03 Jun 2025,3.2531,1.4142,2.9206
04 Jun 2025,3.2369,1.4307,2.9129
05 Jun 2025,3.2359,1.4178,2.9482
06 Jun 2025,3.2317,1.4464,2.9536
09 Jun 2025,3.2282,1.4503,2.9569
10 Jun 2025,3.1941,1.408,2.925
11 Jun 2025,3.2253,1.3846,2.957
12 Jun 2025,3.2234,1.3175,2.9433
13 Jun 2025,3.217,1.386,2.9204
16 Jun 2025,3.245,1.3649,2.9228
17 Jun 2025,3.2519,1.3586,2.9357
18 Jun 2025,3.2378,1.2888,2.9091
19 Jun 2025,3.2743,1.2851,2.9385
20 Jun 2025,3.2905,1.3254,2.9254
23 Jun 2025,3.2839,1.2844,2.9251
24 Jun 2025,3.2502,1.3141,2.8954
25 Jun 2025,3.2547,1.3435,2.911
26 Jun 2025,3.2525,1.3568,2.9001
27 Jun 2025,3.272,1.407,2.9015
30 Jun 2025,3.25,1.4341,2.8768
01 Jul 2025,3.2091,1.3953,2.8685
02 Jul 2025,3.2823,1.4874,2.9477
03 Jul 2025,3.2604,1.456,2.9534
04 Jul 2025,3.2525,1.4883,2.9401
07 Jul 2025,3.2599,1.5188,2.9498
08 Jul 2025,3.2738,1.5663,2.9575
09 Jul 2025,3.2676,1.5466,2.9468
10 Jul 2025,3.2629,1.5337,2.9579
11 Jul 2025,3.2999,1.5387,2.9891
14 Jul 2025,3.3034,1.5003,3.0153
15 Jul 2025,3.3129,1.5237,3.0329
16 Jul 2025,3.3238,1.5,3.0076
17 Jul 2025,3.3118,1.5281,2.9822
18 Jul 2025,3.3314,1.5601,2.9948
21 Jul 2025,3.3269,1.512,2.9827
22 Jul 2025,3.3053,1.4872,2.9589
23 Jul 2025,3.3071,1.5204,2.9881
24 Jul 2025,3.3069,1.5165,3.0097
25 Jul 2025,3.2833,1.5315,3.0029
28 Jul 2025,3.2719,1.5273,3.0124
29 Jul 2025,3.2596,1.4943,3.0007
30 Jul 2025,3.2567,1.4786,2.9865
31 Jul 2025,3.2414,1.4379,3.0045
01 Aug 2025,3.2516,1.4317,2.9998
04 Aug 2025,3.2488,1.4178,2.9945
05 Aug 2025,3.2293,1.4285,2.9838
06 Aug 2025,3.2241,1.4423,2.979
07 Aug 2025,3.2257,1.4925,2.9625
08 Aug 2025,3.2336,1.5379,2.978
11 Aug 2025,3.2356,1.506,2.9822
12 Aug 2025,3.2285,1.5564,2.9698
13 Aug 2025,3.2182,1.5612,2.9459
14 Aug 2025,3.2143,1.6082,2.9556
15 Aug 2025,3.2247,1.6698,2.9429
18 Aug 2025,3.2049,1.7423,2.9313
19 Aug 2025,3.2012,1.717,2.9481
20 Aug 2025,3.1784,1.6365,2.932
21 Aug 2025,3.2133,1.6507,2.9822
22 Aug 2025,3.1913,1.6241,2.9706
26 Aug 2025,3.2009,1.6548,2.9953
27 Aug 2025,3.1813,1.6514,2.9905
28 Aug 2025,3.2014,1.6209,2.9985
29 Aug 2025,3.2322,1.6354,2.9974
01 Sep 2025,3.2185,1.6764,2.9805
02 Sep 2025,3.1992,1.7199,2.9742
03 Sep 2025,3.1933,1.6785,2.9641
04 Sep 2025,3.1993,1.6524,2.966
05 Sep 2025,3.1806,1.5951,2.9382
08 Sep 2025,3.1829,1.5627,2.9187
09 Sep 2025,3.1921,1.5863,2.915
10 Sep 2025,3.1961,1.5883,2.9304
11 Sep 2025,3.1765,1.5993,2.8989
12 Sep 2025,3.1823,1.629,2.9219
15 Sep 2025,3.169,1.6258,2.9134
16 Sep 2025,3.1685,1.6297,2.9174
17 Sep 2025,3.1582,1.5725,2.9077
18 Sep 2025,3.1812,1.6051,2.9345
19 Sep 2025,3.1996,1.6552,2.9423
22 Sep 2025,3.1902,1.6586,2.9242
23 Sep 2025,3.2101,1.6425,2.9265
24 Sep 2025,3.2114,1.6121,2.9516
25 Sep 2025,3.2197,1.6747,2.9517
26 Sep 2025,3.2162,1.6718,2.9545
29 Sep 2025,3.2044,1.6491,2.9363
30 Sep 2025,3.2245,1.6571,2.9311
01 Oct 2025,3.2166,1.663,2.92
02 Oct 2025,3.2218,1.6781,2.9155
03 Oct 2025,3.216,1.6706,2.9133
06 Oct 2025,3.2294,1.6959,2.9108
07 Oct 2025,3.2486,1.6994,2.92
08 Oct 2025,3.2433,1.6832,2.913
09 Oct 2025,3.252,1.7203,2.9162
10 Oct 2025,3.2397,1.6546,2.9255
13 Oct 2025,3.2425,1.6483,2.9271
14 Oct 2025,3.2135,1.5975,2.9051
15 Oct 2025,3.1975,1.574,2.8723
16 Oct 2025,3.196,1.5509,2.8692
17 Oct 2025,3.1923,1.5979,2.8458
20 Oct 2025,3.1792,1.6063,2.8139
21 Oct 2025,3.1602,1.591,2.7994
22 Oct 2025,3.1539,1.5074,2.8035
23 Oct 2025,3.1333,1.5083,2.7877
24 Oct 2025,3.1396,1.5445,2.7602
27 Oct 2025,3.1208,1.5501,2.7288
28 Oct 2025,3.1238,1.5409,2.7295
29 Oct 2025,3.1199,1.5503,2.7246
30 Oct 2025,3.1267,1.5569,2.7284
31 Oct 2025,3.1349,1.5584,2.7319
03 Nov 2025,3.1319,1.5871,2.7364
04 Nov 2025,3.1198,1.5644,2.7379
05 Nov 2025,3.1109,1.6266,2.7434
06 Nov 2025,3.1072,1.6209,2.7237
07 Nov 2025,3.1036,1.6413,2.7324
10 Nov 2025,3.1008,1.604,2.7797
11 Nov 2025,3.1061,1.5357,2.7824
12 Nov 2025,3.1093,1.5611,2.7906
13 Nov 2025,3.1235,1.5782,2.8081
14 Nov 2025,3.1553,1.6631,2.8447
17 Nov 2025,3.1507,1.6593,2.8207
18 Nov 2025,3.1636,1.6648,2.8314
19 Nov 2025,3.2015,1.6773,2.8515
20 Nov 2025,3.1929,1.6648,2.833
21 Nov 2025,3.1597,1.6544,2.8005
24 Nov 2025,3.1417,1.6834,2.7868
25 Nov 2025,3.1015,1.6377,2.7855
26 Nov 2025,3.1375,1.5732,2.7694
27 Nov 2025,3.1724,1.5615,2.8112
28 Nov 2025,3.1577,1.5495,2.8007
01 Dec 2025,3.1726,1.5876,2.7933
02 Dec 2025,3.1951,1.5777,2.8087
03 Dec 2025,3.1925,1.5264,2.8108
04 Dec 2025,3.2418,1.4927,2.8256
05 Dec 2025,3.2281,1.5519,2.8145
08 Dec 2025,3.2555,1.6115,2.8208
09 Dec 2025,3.2546,1.5651,2.837
10 Dec 2025,3.2325,1.5921,2.8183
11 Dec 2025,3.2633,1.5393,2.8394
12 Dec 2025,3.252,1.5995,2.8275
15 Dec 2025,3.2352,1.5746,2.8303
16 Dec 2025,3.2488,1.5969,2.8279
17 Dec 2025,3.241,1.5386,2.8015
18 Dec 2025,3.2426,1.5559,2.7949
19 Dec 2025,3.2643,1.5949,2.8102
22 Dec 2025,3.25,1.6209,2.814
23 Dec 2025,3.2309,1.605,2.8018
24 Dec 2025,3.2281,1.6251,2.7908
29 Dec 2025,3.2163,1.6155,2.7845
30 Dec 2025,3.2141,1.6224,2.7932
31 Dec 2025,3.2069,1.6165,2.789
02 Jan 2026,3.2173,1.677,2.7929
05 Jan 2026,3.1961,1.6752,2.7824
06 Jan 2026,3.1809,1.6455,2.7746
07 Jan 2026,3.2028,1.5525,2.7962
08 Jan 2026,3.2119,1.5334,2.8097
09 Jan 2026,3.1915,1.4817,2.8236
12 Jan 2026,3.1661,1.4849,2.8075
13 Jan 2026,3.165,1.4922,2.813
14 Jan 2026,3.1714,1.4453,2.8209
15 Jan 2026,3.1669,1.4674,2.8261
16 Jan 2026,3.1753,1.4581,2.8547
19 Jan 2026,3.1827,1.4553,2.8659
20 Jan 2026,3.217,1.4706,2.8994
21 Jan 2026,3.2148,1.4403,2.892
22 Jan 2026,3.2354,1.4616,2.9101
23 Jan 2026,3.2243,1.4596,2.9271
26 Jan 2026,3.2138,1.4628,2.9236
27 Jan 2026,3.2454,1.4472,2.9678
28 Jan 2026,3.2629,1.4634,2.9684
29 Jan 2026,3.2377,1.4579,2.9317
30 Jan 2026,3.2512,1.465,2.9623
02 Feb 2026,3.245,1.4784,2.9503
03 Feb 2026,3.2354,1.5002,2.9413
04 Feb 2026,3.2358,1.5241,2.9419
05 Feb 2026,3.2497,1.5471,2.9286
06 Feb 2026,3.2566,1.533,2.9406
09 Feb 2026,3.2698,1.5535,2.9316
10 Feb 2026,3.2505,1.5348,2.9059
11 Feb 2026,3.2374,1.5193,2.9011
12 Feb 2026,3.2176,1.4978,2.8881
13 Feb 2026,3.2302,1.4702,2.8858
16 Feb 2026,3.2413,1.4643,2.8853
17 Feb 2026,3.2366,1.4472,2.8863
18 Feb 2026,3.2321,1.4057,2.882
19 Feb 2026,3.2393,1.3806,2.9023
20 Feb 2026,3.2308,1.3715,2.8948
23 Feb 2026,3.2119,1.3426,2.8908
24 Feb 2026,3.211,1.3482,2.8892
25 Feb 2026,3.2116,1.3546,2.8947
26 Feb 2026,3.2064,1.3129,2.9058
27 Feb 2026,3.2026,1.2593,2.9104
02 Mar 2026,3.205,1.2577,2.9327
03 Mar 2026,3.2497,1.329,2.9519
04 Mar 2026,3.2514,1.3012,2.9519
05 Mar 2026,3.2681,1.369,2.9623
06 Mar 2026,3.2797,1.4131,3.0186
09 Mar 2026,3.2653,1.3352,3.0046
10 Mar 2026,3.2372,1.3406,2.9811
11 Mar 2026,3.2896,1.397,3.024
12 Mar 2026,3.3205,1.3842,3.06
13 Mar 2026,3.2778,1.4604,3.0079
16 Mar 2026,3.2404,1.4385,2.9634
17 Mar 2026,3.2583,1.3503,2.9888
18 Mar 2026,3.295,1.3416,3.0047
19 Mar 2026,3.2583,1.4107,2.929
20 Mar 2026,3.298,1.541,2.9303
23 Mar 2026,3.2992,1.5298,2.9356
24 Mar 2026,3.3202,1.5343,2.9255
25 Mar 2026,3.2702,1.4517,2.8855
26 Mar 2026,3.269,1.5169,2.9241
27 Mar 2026,3.2796,1.5338,2.9278
30 Mar 2026,3.2747,1.4705,2.9343
31 Mar 2026,3.3008,1.4171,3.0058
01 Apr 2026,3.2619,1.4234,2.9644
02 Apr 2026,3.2649,1.3981,2.9921
07 Apr 2026,3.3168,1.424,3.0595
08 Apr 2026,3.2287,1.3591,2.9797
09 Apr 2026,3.2698,1.3944,3.0123
10 Apr 2026,3.2631,1.4323,2.9943
13 Apr 2026,3.2943,1.4502,2.9992
14 Apr 2026,3.2604,1.4343,2.9843
15 Apr 2026,3.2573,1.4352,3.0124
16 Apr 2026,3.275,1.4784,3.01
17 Apr 2026,3.2701,1.4524,2.9783
20 Apr 2026,3.274,1.5249,2.9928
21 Apr 2026,3.2698,1.5542,2.988
22 Apr 2026,3.2575,1.5085,3.0052
23 Apr 2026,3.27,1.5312,2.9962
24 Apr 2026,3.2594,1.5179,2.984
27 Apr 2026,3.2807,1.5318,3.0051
28 Apr 2026,3.288,1.554,3.0032
29 Apr 2026,3.3161,1.5438,3.0459
30 Apr 2026,3.3166,1.5356,3.0431
01 May 2026,3.3205,1.5178,3.0561
05 May 2026,3.31,1.6042,3.0588
06 May 2026,3.2689,1.5461,3.0175
07 May 2026,3.2638,1.5752,2.9914
08 May 2026,3.261,1.5427,3.0172
11 May 2026,3.2854,1.5978,3.0277
12 May 2026,3.3084,1.642,3.0738
13 May 2026,3.3205,1.6057,3.0876
14 May 2026,3.2841,1.581,3.0521
15 May 2026,3.3218,1.7045,3.0847
18 May 2026,3.3211,1.6846,3.0741
19 May 2026,3.312,1.6852,3.0536
20 May 2026,3.2995,1.5641,3.0243
21 May 2026,3.3073,1.5266,3.0419
22 May 2026,3.281,1.5005,3.0148
26 May 2026,3.2575,1.5283,2.9866
27 May 2026,3.2368,1.5319,2.98
28 May 2026,3.2212,1.5121,2.9669
29 May 2026,3.2328,1.5478,2.9429
01 Jun 2026,3.2404,1.5833,2.9796
02 Jun 2026,3.2173,1.5765,2.9516
03 Jun 2026,3.2248,1.6226,2.9598
04 Jun 2026,3.212,1.6359,2.9422
05 Jun 2026,3.2043,1.6571,2.9289
08 Jun 2026,3.2042,1.6849,2.9303
09 Jun 2026,3.2138,1.6584,2.9435
10 Jun 2026,3.2123,1.6578,2.9561
11 Jun 2026,3.2013,1.6582,2.9347
12 Jun 2026,3.1981,1.648,2.9162
15 Jun 2026,3.1969,1.672,2.8969
16 Jun 2026,3.2054,1.6616,2.9067
17 Jun 2026,3.1916,1.6215,2.9053
18 Jun 2026,3.1623,1.6335,2.8781
19 Jun 2026,3.1911,1.7112,2.8973
22 Jun 2026,3.1722,1.7074,2.8721
23 Jun 2026,3.163,1.663,2.87
24 Jun 2026,3.1379,1.6265,2.8542
25 Jun 2026,3.1364,1.6339,2.8757
26 Jun 2026,3.132,1.6981,2.8495
29 Jun 2026,3.1177,1.6809,2.8389
30 Jun 2026,3.1061,1.7211,2.8283
01 Jul 2026,3.1027,1.7257,2.816
02 Jul 2026,3.1231,1.7237,2.8275
03 Jul 2026,3.1137,1.7335,2.8439
06 Jul 2026,3.0921,1.7505,2.8396
07 Jul 2026,3.0954,1.7787,2.8497
08 Jul 2026,3.1363,1.8559,2.8872
09 Jul 2026,3.1172,1.824,2.8642
10 Jul 2026,3.1148,1.8104,2.8613
13 Jul 2026,3.1359,1.8508,2.8812
14 Jul 2026,3.1292,1.8186,2.8916
15 Jul 2026,3.1283,1.813,2.8994
16 Jul 2026,3.1285,1.8396,2.8997
17 Jul 2026,3.1079,1.83,2.8843
20 Jul 2026,3.1467,1.8825,2.9089
21 Jul 2026,3.1561,1.8765,2.9129
22 Jul 2026,3.154,1.8427,2.9182
23 Jul 2026,3.1571,1.8928,2.9298
24 Jul 2026,3.1215,1.8655,2.905
27 Jul 2026,3.1263,1.8506,2.8983
28 Jul 2026,3.1022,1.8498,2.8787
29 Jul 2026,3.129,1.8813,2.8825
30 Jul 2026,3.1302,1.9002,2.87
31 Jul 2026,3.1623,1.8812,2.9123
03 Aug 2026,3.1314,1.8537,2.8666
04 Aug 2026,3.1413,1.824,2.871
05 Aug 2026,3.132,1.8095,2.8674
06 Aug 2026,3.1393,1.8347,2.8775
07 Aug 2026,3.1456,1.836,2.8849
10 Aug 2026,3.1657,1.8461,2.918
11 Aug 2026,3.1623,1.8232,2.9076
12 Aug 2026,3.1678,1.82,2.9236
13 Aug 2026,3.1654,1.8066,2.9143
14 Aug 2026,3.1768,1.8454,2.934
17 Aug 2026,3.174,1.8524,2.9584
18 Aug 2026,3.1841,1.8476,2.9793
19 Aug 2026,3.1679,1.8407,2.9369
20 Aug 2026,3.1584,1.85,2.9378
21 Aug 2026,3.1781,1.86,2.937
24 Aug 2026,3.1744,1.8506,2.9477
25 Aug 2026,3.1809,1.8232,2.9291
26 Aug 2026,3.1904,1.8417,2.949
27 Aug 2026,3.19,1.83,2.9749
28 Aug 2026,3.204,1.838,3.0026
01 Sep 2026,3.2076,1.8741,3.0233
02 Sep 2026,3.2127,1.8793,3.0502
03 Sep 2026,3.1964,1.8149,3.0356
04 Sep 2026,3.1902,1.8181,3.021
07 Sep 2026,3.2172,1.8229,3.0358
08 Sep 2026,3.2081,1.8199,3.0181
09 Sep 2026,3.2223,1.8875,3.0199
10 Sep 2026,3.2182,1.9622,3.0483
11 Sep 2026,3.2473,1.9545,3.0543
14 Sep 2026,3.2238,1.9838,3.0502
15 Sep 2026,3.2258,1.989,3.0605
16 Sep 2026,3.2321,1.8868,3.048
17 Sep 2026,3.2556,1.8016,3.0564
18 Sep 2026,3.2715,1.8467,3.0823
21 Sep 2026,3.2298,1.8056,3.0522
22 Sep 2026,3.2286,1.8364,3.0462
23 Sep 2026,3.2348,1.9016,3.0654
24 Sep 2026,3.2789,1.9009,3.1066
25 Sep 2026,3.2867,1.9391,3.1067
28 Sep 2026,3.2803,1.967,3.0897
29 Sep 2026,3.2304,1.9942,3.0584
30 Sep 2026,3.2415,1.9964,3.0684
01 Oct 2026,3.2777,1.9923,3.0945
02 Oct 2026,3.2629,1.9394,3.0861
