event_id,country,crisis_start,crisis_end,type,regime_at_event,data_coverage,notes,source
GB-1976,GB,1976-03-01,1977-01-31,IMF-program,sovereign_float,partial,"Sterling slide from March 1976; IMF standby agreed Dec 1976 with spending cuts; sterling fell ~25% vs USD over the year","Burk & Cairncross (1992), Goodbye Great Britain; IMF Article IV 1977"
IT-1992,IT,1992-09-01,1993-12-31,currency,pegged,partial,"Lira forced out of ERM 17 Sep 1992 after reserve loss; 1992-97 consolidation (Amato/Ciampi/Prodi) with primary surplus > 4% GDP","Bank of Italy Annual Report 1992; IMF WEO"
SE-1992,SE,1992-09-01,1992-11-30,currency,pegged,partial,"Riksbank marginal rate to 500% Sep 1992; krona floated 19 Nov 1992; banking crisis","Riksbank; Jonung (2009) The Swedish model for resolving the banking crisis"
SE-1994,SE,1994-07-01,1998-12-31,successful-consolidation,sovereign_float,full,"Consolidation program 1994-98 took primary balance from -9% to +4% GDP with falling krona, Riksbank easing and strong export growth","Henriksson (2007) Ten lessons about budget consolidation; OECD Economic Survey Sweden 1998"
MX-1994,MX,1994-12-01,1995-12-31,currency,pegged,partial,"Tequila crisis: band widened then peso floated 22 Dec 1994; US/IMF $50bn package; tesobonos (USD-linked bills) at the centre","IMF (1995) International Capital Markets; Banco de Mexico"
CA-1994,CA,1994-10-01,1995-06-30,successful-consolidation,sovereign_float,full,"CAD and bonds sold off late 1994-early 1995 ('honorary member of the Third World', WSJ Jan 1995); Feb 1995 budget; primary surplus by 1997 with falling CAD, BoC easing from 1995 and US boom","Department of Finance Canada Budget 1995; Bank of Canada Review"
RU-1998,RU,1998-08-17,1999-03-31,default,pegged,partial,"GKO/OFZ default and ruble band abandoned 17 Aug 1998; debt/GDP ~55%; short average maturity, large foreign share of GKOs","IMF (1999) Russian Federation: Recent Economic Developments; Chiodo & Owyang (2002) FRB St Louis"
AR-2001,AR,2001-12-01,2002-06-30,default,pegged,partial,"Convertibility collapses: deposit freeze Dec 2001, default on ~$95bn, peso floated Jan 2002; debt/GDP ~50% pre-crisis","IMF IEO (2004) Report on the Evaluation of the Role of the IMF in Argentina"
GR-2010,GR,2010-04-01,2010-05-31,IMF-program,currency_union_member,full,"First EU/IMF program May 2010 after spreads > 1000bp; union member could not print","IMF (2010) Greece: Request for Stand-By Arrangement"
GR-2012,GR,2012-03-01,2012-03-31,default,currency_union_member,full,"PSI restructuring March 2012: ~EUR 200bn face, ~53.5% haircut; largest sovereign restructuring","Zettelmeyer, Trebesch & Gulati (2013) The Greek debt restructuring"
GR-2015,GR,2015-06-28,2015-08-31,default,currency_union_member,full,"Capital controls 28 June 2015; missed IMF payment 30 June; third program Aug 2015","IMF; Bank of Greece"
BR-2015,BR,2015-01-01,2016-03-31,currency,sovereign_float,full,"Real fell ~33% in 2015; loss of investment grade Sep 2015; primary deficit opened to -2% GDP; Selic to 14.25% with inflation > 10%","Banco Central do Brasil; IMF Article IV 2016"
TR-2018,TR,2018-08-01,2018-10-31,currency,sovereign_float,full,"Lira fell ~40% YTD by Aug 2018 as CBRT held under political pressure with inflation at 25%; emergency hike to 24% Sep 2018","CBRT; IMF Article IV 2019"
TR-2021,TR,2021-09-01,2021-12-31,currency,sovereign_float,full,"CBRT cut 500bp with inflation rising; lira -44% in 2021; FX-protected deposit scheme Dec 2021 (repression)","CBRT; IMF Article IV 2022"
GB-2022,GB,2022-09-23,2022-10-20,bond-market,sovereign_float,full,"Mini-budget 23 Sep 2022: 30y gilt +120bp in days, LDI margin spiral; BoE emergency purchases 'for market functioning' 28 Sep while hiking; sterling 1.03","Bank of England Financial Stability Report Dec 2022; OBR"
AR-2018,AR,2018-04-25,2018-09-30,currency,sovereign_float,full,"Peso -50% in 2018; BCRA to 60%; IMF $57bn program June 2018; sudden stop on foreign-held peso debt","IMF (2018) Argentina: Request for Stand-By Arrangement"
AR-2019,AR,2019-08-12,2020-09-30,default,sovereign_float,full,"PASO primary 11 Aug 2019: peso -25% in a day; 'reprofiling' of short-term debt Aug 2019; capital controls Sep 2019; 2020 restructuring","IMF; Ministry of Economy"
AR-2023,AR,2023-12-13,2024-06-30,inflation,sovereign_float,full,"Official peso devalued 54% 13 Dec 2023; monthly inflation 25% Dec 2023, annual > 200%; fiscal adjustment to primary surplus 2024","INDEC; BCRA"
JP-2022,JP,2022-09-22,2024-07-31,currency,sovereign_float,full,"Yen to 150 with BoJ holding YCC while Fed hiked; MoF intervention Sep/Oct 2022; YCC band widened Dec 2022, loosened Jul/Oct 2023, ended Mar 2024; intervention again at 160 Apr-Jul 2024; gold at record in yen","Ministry of Finance intervention data; BoJ statements"
RU-2014,RU,2014-11-01,2015-01-31,currency,pegged,full,"CBR abandons band 10 Nov 2014; ruble -50% H2 2014 on oil and sanctions; emergency hike to 17% 16 Dec 2014","CBR"
MX-1982,MX,1982-08-12,1983-12-31,default,pegged,partial,"Mexico announces it cannot service foreign debt 12 Aug 1982; peso devalued; start of LatAm debt crisis","FDIC (1997) History of the Eighties vol 1 ch 5"
GB-1992,GB,1992-09-16,1992-09-30,currency,pegged,full,"Black Wednesday: sterling leaves ERM after Bank Rate to 15% intraday; peg exit not a fiscal crisis, included as a control","Bank of England"
BR-1999,BR,1999-01-13,1999-03-31,currency,pegged,full,"Real crawling peg abandoned 13-15 Jan 1999 after Minas Gerais moratorium; real -40%; IMF program","IMF; BCB"
TR-2001,TR,2001-02-19,2001-06-30,currency,pegged,full,"Crawling peg collapses 22 Feb 2001 after political crisis; lira -50%; IMF program; banking crisis","IMF (2001) Turkey: Sixth and Seventh Reviews"
IT-2011,IT,2011-07-01,2012-07-31,bond-market,currency_union_member,full,"BTP-Bund > 500bp Nov 2011; Berlusconi resigns, Monti; ECB SMP then LTRO; union-member stage 3 (spread + backstop)","Bank of Italy; ECB"
EA-2012,EA,2011-07-01,2012-09-30,bond-market,sovereign_float,full,"Bloc-level: 'whatever it takes' 26 Jul 2012, OMT Sep 2012; the ECB chose the bond market at bloc level","ECB"
IT-2018,IT,2018-05-15,2018-12-31,bond-market,currency_union_member,full,"BTP-Bund from 130bp to > 300bp on Lega-M5S budget; resolved by budget retreat and ECB stance; minor episode","Bank of Italy"
FR-2024,FR,2024-06-10,2024-12-31,bond-market,currency_union_member,full,"OAT-Bund from 50bp to ~80-90bp on snap election; France spread above Spain; budget crisis Dec 2024; minor episode","Banque de France; AFT"
