FREQ,REF_AREA,UNIT_MEASURE,UNIT_MULT,TIME_FORMAT,BREAKS,COVERAGE,DECIMALS,TITLE_TS,TIME_PERIOD,OBS_VALUE,OBS_CONF,OBS_PRE_BREAK,OBS_STATUS
M,MX,628,0,,,,,,1969-01,0.015803,F,,A
M,MX,628,0,,,,,,1969-02,0.015803,F,,A
M,MX,628,0,,,,,,1969-03,0.015803,F,,A
M,MX,628,0,,,,,,1969-04,0.015939,F,,A
M,MX,628,0,,,,,,1969-05,0.015939,F,,A
M,MX,628,0,,,,,,1969-06,0.015939,F,,A
M,MX,628,0,,,,,,1969-07,0.016075,F,,A
M,MX,628,0,,,,,,1969-08,0.016075,F,,A
M,MX,628,0,,,,,,1969-09,0.016211,F,,A
M,MX,628,0,,,,,,1969-10,0.016347,F,,A
M,MX,628,0,,,,,,1969-11,0.016347,F,,A
M,MX,628,0,,,,,,1969-12,0.016484,F,,A
M,MX,628,0,,,,,,1970-01,0.01662,F,,A
M,MX,628,0,,,,,,1970-02,0.01662,F,,A
M,MX,628,0,,,,,,1970-03,0.01662,F,,A
M,MX,628,0,,,,,,1970-04,0.01662,F,,A
M,MX,628,0,,,,,,1970-05,0.016756,F,,A
M,MX,628,0,,,,,,1970-06,0.016756,F,,A
M,MX,628,0,,,,,,1970-07,0.016892,F,,A
M,MX,628,0,,,,,,1970-08,0.017029,F,,A
M,MX,628,0,,,,,,1970-09,0.017029,F,,A
M,MX,628,0,,,,,,1970-10,0.017029,F,,A
M,MX,628,0,,,,,,1970-11,0.017165,F,,A
M,MX,628,0,,,,,,1970-12,0.017301,F,,A
M,MX,628,0,,,,,,1971-01,0.017437,F,,A
M,MX,628,0,,,,,,1971-02,0.017574,F,,A
M,MX,628,0,,,,,,1971-03,0.017574,F,,A
M,MX,628,0,,,,,,1971-04,0.01771,F,,A
M,MX,628,0,,,,,,1971-05,0.01771,F,,A
M,MX,628,0,,,,,,1971-06,0.017846,F,,A
M,MX,628,0,,,,,,1971-07,0.01771,F,,A
M,MX,628,0,,,,,,1971-08,0.017982,F,,A
M,MX,628,0,,,,,,1971-09,0.017982,F,,A
M,MX,628,0,,,,,,1971-10,0.017982,F,,A
M,MX,628,0,,,,,,1971-11,0.017982,F,,A
M,MX,628,0,,,,,,1971-12,0.018118,F,,A
M,MX,628,0,,,,,,1972-01,0.018255,F,,A
M,MX,628,0,,,,,,1972-02,0.018255,F,,A
M,MX,628,0,,,,,,1972-03,0.018391,F,,A
M,MX,628,0,,,,,,1972-04,0.018527,F,,A
M,MX,628,0,,,,,,1972-05,0.018527,F,,A
M,MX,628,0,,,,,,1972-06,0.018663,F,,A
M,MX,628,0,,,,,,1972-07,0.018663,F,,A
M,MX,628,0,,,,,,1972-08,0.0188,F,,A
M,MX,628,0,,,,,,1972-09,0.018936,F,,A
M,MX,628,0,,,,,,1972-10,0.018936,F,,A
M,MX,628,0,,,,,,1972-11,0.019072,F,,A
M,MX,628,0,,,,,,1972-12,0.019072,F,,A
M,MX,628,0,,,,,,1973-01,0.019344,F,,A
M,MX,628,0,,,,,,1973-02,0.019617,F,,A
M,MX,628,0,,,,,,1973-03,0.019753,F,,A
M,MX,628,0,,,,,,1973-04,0.020026,F,,A
M,MX,628,0,,,,,,1973-05,0.020298,F,,A
M,MX,628,0,,,,,,1973-06,0.020434,F,,A
M,MX,628,0,,,,,,1973-07,0.020979,F,,A
M,MX,628,0,,,,,,1973-08,0.021252,F,,A
M,MX,628,0,,,,,,1973-09,0.021797,F,,A
M,MX,628,0,,,,,,1973-10,0.022069,F,,A
M,MX,628,0,,,,,,1973-11,0.022342,F,,A
M,MX,628,0,,,,,,1973-12,0.023159,F,,A
M,MX,628,0,,,,,,1974-01,0.024112,F,,A
M,MX,628,0,,,,,,1974-02,0.024657,F,,A
M,MX,628,0,,,,,,1974-03,0.024794,F,,A
M,MX,628,0,,,,,,1974-04,0.025066,F,,A
M,MX,628,0,,,,,,1974-05,0.025339,F,,A
M,MX,628,0,,,,,,1974-06,0.025611,F,,A
M,MX,628,0,,,,,,1974-07,0.025883,F,,A
M,MX,628,0,,,,,,1974-08,0.026156,F,,A
M,MX,628,0,,,,,,1974-09,0.026565,F,,A
M,MX,628,0,,,,,,1974-10,0.026973,F,,A
M,MX,628,0,,,,,,1974-11,0.027791,F,,A
M,MX,628,0,,,,,,1974-12,0.028063,F,,A
M,MX,628,0,,,,,,1975-01,0.028336,F,,A
M,MX,628,0,,,,,,1975-02,0.028472,F,,A
M,MX,628,0,,,,,,1975-03,0.028744,F,,A
M,MX,628,0,,,,,,1975-04,0.02888,F,,A
M,MX,628,0,,,,,,1975-05,0.029289,F,,A
M,MX,628,0,,,,,,1975-06,0.029834,F,,A
M,MX,628,0,,,,,,1975-07,0.030107,F,,A
M,MX,628,0,,,,,,1975-08,0.030379,F,,A
M,MX,628,0,,,,,,1975-09,0.030515,F,,A
M,MX,628,0,,,,,,1975-10,0.030651,F,,A
M,MX,628,0,,,,,,1975-11,0.030924,F,,A
M,MX,628,0,,,,,,1975-12,0.031196,F,,A
M,MX,628,0,,,,,,1976-01,0.031741,F,,A
M,MX,628,0,,,,,,1976-02,0.032422,F,,A
M,MX,628,0,,,,,,1976-03,0.032695,F,,A
M,MX,628,0,,,,,,1976-04,0.032967,F,,A
M,MX,628,0,,,,,,1976-05,0.033104,F,,A
M,MX,628,0,,,,,,1976-06,0.03324,F,,A
M,MX,628,0,,,,,,1976-07,0.033512,F,,A
M,MX,628,0,,,,,,1976-08,0.033921,F,,A
M,MX,628,0,,,,,,1976-09,0.035011,F,,A
M,MX,628,0,,,,,,1976-10,0.037054,F,,A
M,MX,628,0,,,,,,1976-11,0.038689,F,,A
M,MX,628,0,,,,,,1976-12,0.039643,F,,A
M,MX,628,0,,,,,,1977-01,0.040869,F,,A
M,MX,628,0,,,,,,1977-02,0.041822,F,,A
M,MX,628,0,,,,,,1977-03,0.042503,F,,A
M,MX,628,0,,,,,,1977-04,0.043184,F,,A
M,MX,628,0,,,,,,1977-05,0.043593,F,,A
M,MX,628,0,,,,,,1977-06,0.044138,F,,A
M,MX,628,0,,,,,,1977-07,0.044547,F,,A
M,MX,628,0,,,,,,1977-08,0.0455,F,,A
M,MX,628,0,,,,,,1977-09,0.046318,F,,A
M,MX,628,0,,,,,,1977-10,0.046726,F,,A
M,MX,628,0,,,,,,1977-11,0.047135,F,,A
M,MX,628,0,,,,,,1977-12,0.047816,F,,A
M,MX,628,0,,,,,,1978-01,0.048906,F,,A
M,MX,628,0,,,,,,1978-02,0.049587,F,,A
M,MX,628,0,,,,,,1978-03,0.050132,F,,A
M,MX,628,0,,,,,,1978-04,0.050677,F,,A
M,MX,628,0,,,,,,1978-05,0.051222,F,,A
M,MX,628,0,,,,,,1978-06,0.051903,F,,A
M,MX,628,0,,,,,,1978-07,0.052721,F,,A
M,MX,628,0,,,,,,1978-08,0.053265,F,,A
M,MX,628,0,,,,,,1978-09,0.053947,F,,A
M,MX,628,0,,,,,,1978-10,0.054491,F,,A
M,MX,628,0,,,,,,1978-11,0.055036,F,,A
M,MX,628,0,,,,,,1978-12,0.055581,F,,A
M,MX,628,0,,,,,,1979-01,0.057489,F,,A
M,MX,628,0,,,,,,1979-02,0.058306,F,,A
M,MX,628,0,,,,,,1979-03,0.059123,F,,A
M,MX,628,0,,,,,,1979-04,0.059668,F,,A
M,MX,628,0,,,,,,1979-05,0.060486,F,,A
M,MX,628,0,,,,,,1979-06,0.061167,F,,A
M,MX,628,0,,,,,,1979-07,0.061848,F,,A
M,MX,628,0,,,,,,1979-08,0.062801,F,,A
M,MX,628,0,,,,,,1979-09,0.063619,F,,A
M,MX,628,0,,,,,,1979-10,0.064709,F,,A
M,MX,628,0,,,,,,1979-11,0.065526,F,,A
M,MX,628,0,,,,,,1979-12,0.066752,F,,A
M,MX,628,0,,,,,,1980-01,0.069885,F,,A
M,MX,628,0,,,,,,1980-02,0.07152,F,,A
M,MX,628,0,,,,,,1980-03,0.073019,F,,A
M,MX,628,0,,,,,,1980-04,0.074245,F,,A
M,MX,628,0,,,,,,1980-05,0.075471,F,,A
M,MX,628,0,,,,,,1980-06,0.076969,F,,A
M,MX,628,0,,,,,,1980-07,0.079149,F,,A
M,MX,628,0,,,,,,1980-08,0.080784,F,,A
M,MX,628,0,,,,,,1980-09,0.081737,F,,A
M,MX,628,0,,,,,,1980-10,0.082963,F,,A
M,MX,628,0,,,,,,1980-11,0.084326,F,,A
M,MX,628,0,,,,,,1980-12,0.086641,F,,A
M,MX,628,0,,,,,,1981-01,0.089366,F,,A
M,MX,628,0,,,,,,1981-02,0.091546,F,,A
M,MX,628,0,,,,,,1981-03,0.093589,F,,A
M,MX,628,0,,,,,,1981-04,0.095633,F,,A
M,MX,628,0,,,,,,1981-05,0.097131,F,,A
M,MX,628,0,,,,,,1981-06,0.098493,F,,A
M,MX,628,0,,,,,,1981-07,0.100128,F,,A
M,MX,628,0,,,,,,1981-08,0.102308,F,,A
M,MX,628,0,,,,,,1981-09,0.104215,F,,A
M,MX,628,0,,,,,,1981-10,0.106531,F,,A
M,MX,628,0,,,,,,1981-11,0.108574,F,,A
M,MX,628,0,,,,,,1981-12,0.111435,F,,A
M,MX,628,0,,,,,,1982-01,0.11702,F,,A
M,MX,628,0,,,,,,1982-02,0.121516,F,,A
M,MX,628,0,,,,,,1982-03,0.126012,F,,A
M,MX,628,0,,,,,,1982-04,0.132823,F,,A
M,MX,628,0,,,,,,1982-05,0.140316,F,,A
M,MX,628,0,,,,,,1982-06,0.147127,F,,A
M,MX,628,0,,,,,,1982-07,0.15462,F,,A
M,MX,628,0,,,,,,1982-08,0.172057,F,,A
M,MX,628,0,,,,,,1982-09,0.181184,F,,A
M,MX,628,0,,,,,,1982-10,0.190584,F,,A
M,MX,628,0,,,,,,1982-11,0.200256,F,,A
M,MX,628,0,,,,,,1982-12,0.221644,F,,A
M,MX,628,0,,,,,,1983-01,0.245757,F,,A
M,MX,628,0,,,,,,1983-02,0.258835,F,,A
M,MX,628,0,,,,,,1983-03,0.271368,F,,A
M,MX,628,0,,,,,,1983-04,0.288532,F,,A
M,MX,628,0,,,,,,1983-05,0.301065,F,,A
M,MX,628,0,,,,,,1983-06,0.312509,F,,A
M,MX,628,0,,,,,,1983-07,0.327902,F,,A
M,MX,628,0,,,,,,1983-08,0.340708,F,,A
M,MX,628,0,,,,,,1983-09,0.351198,F,,A
M,MX,628,0,,,,,,1983-10,0.362777,F,,A
M,MX,628,0,,,,,,1983-11,0.384165,F,,A
M,MX,628,0,,,,,,1983-12,0.400512,F,,A
M,MX,628,0,,,,,,1984-01,0.425987,F,,A
M,MX,628,0,,,,,,1984-02,0.448465,F,,A
M,MX,628,0,,,,,,1984-03,0.467673,F,,A
M,MX,628,0,,,,,,1984-04,0.487971,F,,A
M,MX,628,0,,,,,,1984-05,0.504046,F,,A
M,MX,628,0,,,,,,1984-06,0.522301,F,,A
M,MX,628,0,,,,,,1984-07,0.539466,F,,A
M,MX,628,0,,,,,,1984-08,0.554723,F,,A
M,MX,628,0,,,,,,1984-09,0.571343,F,,A
M,MX,628,0,,,,,,1984-10,0.591233,F,,A
M,MX,628,0,,,,,,1984-11,0.611531,F,,A
M,MX,628,0,,,,,,1984-12,0.63755,F,,A
M,MX,628,0,,,,,,1985-01,0.684822,F,,A
M,MX,628,0,,,,,,1985-02,0.713293,F,,A
M,MX,628,0,,,,,,1985-03,0.740948,F,,A
M,MX,628,0,,,,,,1985-04,0.763698,F,,A
M,MX,628,0,,,,,,1985-05,0.781816,F,,A
M,MX,628,0,,,,,,1985-06,0.801433,F,,A
M,MX,628,0,,,,,,1985-07,0.82936,F,,A
M,MX,628,0,,,,,,1985-08,0.865597,F,,A
M,MX,628,0,,,,,,1985-09,0.900199,F,,A
M,MX,628,0,,,,,,1985-10,0.934393,F,,A
M,MX,628,0,,,,,,1985-11,0.977441,F,,A
M,MX,628,0,,,,,,1985-12,1.04392,F,,A
M,MX,628,0,,,,,,1986-01,1.136284,F,,A
M,MX,628,0,,,,,,1986-02,1.186824,F,,A
M,MX,628,0,,,,,,1986-03,1.241997,F,,A
M,MX,628,0,,,,,,1986-04,1.306842,F,,A
M,MX,628,0,,,,,,1986-05,1.379452,F,,A
M,MX,628,0,,,,,,1986-06,1.468,F,,A
M,MX,628,0,,,,,,1986-07,1.541155,F,,A
M,MX,628,0,,,,,,1986-08,1.664033,F,,A
M,MX,628,0,,,,,,1986-09,1.763889,F,,A
M,MX,628,0,,,,,,1986-10,1.864698,F,,A
M,MX,628,0,,,,,,1986-11,1.99071,F,,A
M,MX,628,0,,,,,,1986-12,2.147918,F,,A
M,MX,628,0,,,,,,1987-01,2.321882,F,,A
M,MX,628,0,,,,,,1987-02,2.489443,F,,A
M,MX,628,0,,,,,,1987-03,2.654007,F,,A
M,MX,628,0,,,,,,1987-04,2.886141,F,,A
M,MX,628,0,,,,,,1987-05,3.103698,F,,A
M,MX,628,0,,,,,,1987-06,3.328203,F,,A
M,MX,628,0,,,,,,1987-07,3.5978,F,,A
M,MX,628,0,,,,,,1987-08,3.891918,F,,A
M,MX,628,0,,,,,,1987-09,4.1483,F,,A
M,MX,628,0,,,,,,1987-10,4.493912,F,,A
M,MX,628,0,,,,,,1987-11,4.850423,F,,A
M,MX,628,0,,,,,,1987-12,5.566849,F,,A
M,MX,628,0,,,,,,1988-01,6.427542,F,,A
M,MX,628,0,,,,,,1988-02,6.963738,F,,A
M,MX,628,0,,,,,,1988-03,7.320249,F,,A
M,MX,628,0,,,,,,1988-04,7.545571,F,,A
M,MX,628,0,,,,,,1988-05,7.691608,F,,A
M,MX,628,0,,,,,,1988-06,7.848544,F,,A
M,MX,628,0,,,,,,1988-07,7.979596,F,,A
M,MX,628,0,,,,,,1988-08,8.052887,F,,A
M,MX,628,0,,,,,,1988-09,8.098932,F,,A
M,MX,628,0,,,,,,1988-10,8.16078,F,,A
M,MX,628,0,,,,,,1988-11,8.270035,F,,A
M,MX,628,0,,,,,,1988-12,8.442501,F,,A
M,MX,628,0,,,,,,1989-01,8.64916,F,,A
M,MX,628,0,,,,,,1989-02,8.766589,F,,A
M,MX,628,0,,,,,,1989-03,8.86154,F,,A
M,MX,628,0,,,,,,1989-04,8.994091,F,,A
M,MX,628,0,,,,,,1989-05,9.117923,F,,A
M,MX,628,0,,,,,,1989-06,9.228677,F,,A
M,MX,628,0,,,,,,1989-07,9.320903,F,,A
M,MX,628,0,,,,,,1989-08,9.409724,F,,A
M,MX,628,0,,,,,,1989-09,9.499772,F,,A
M,MX,628,0,,,,,,1989-10,9.640223,F,,A
M,MX,628,0,,,,,,1989-11,9.775635,F,,A
M,MX,628,0,,,,,,1989-12,10.105444,F,,A
M,MX,628,0,,,,,,1990-01,10.593143,F,,A
M,MX,628,0,,,,,,1990-02,10.833042,F,,A
M,MX,628,0,,,,,,1990-03,11.024034,F,,A
M,MX,628,0,,,,,,1990-04,11.191868,F,,A
M,MX,628,0,,,,,,1990-05,11.387084,F,,A
M,MX,628,0,,,,,,1990-06,11.637881,F,,A
M,MX,628,0,,,,,,1990-07,11.850125,F,,A
M,MX,628,0,,,,,,1990-08,12.052016,F,,A
M,MX,628,0,,,,,,1990-09,12.223937,F,,A
M,MX,628,0,,,,,,1990-10,12.399672,F,,A
M,MX,628,0,,,,,,1990-11,12.7288,F,,A
M,MX,628,0,,,,,,1990-12,13.129994,F,,A
M,MX,628,0,,,,,,1991-01,13.464708,F,,A
M,MX,628,0,,,,,,1991-02,13.699702,F,,A
M,MX,628,0,,,,,,1991-03,13.895054,F,,A
M,MX,628,0,,,,,,1991-04,14.040683,F,,A
M,MX,628,0,,,,,,1991-05,14.177865,F,,A
M,MX,628,0,,,,,,1991-06,14.326627,F,,A
M,MX,628,0,,,,,,1991-07,14.453319,F,,A
M,MX,628,0,,,,,,1991-08,14.553856,F,,A
M,MX,628,0,,,,,,1991-09,14.698803,F,,A
M,MX,628,0,,,,,,1991-10,14.86977,F,,A
M,MX,628,0,,,,,,1991-11,15.239086,F,,A
M,MX,628,0,,,,,,1991-12,15.597777,F,,A
M,MX,628,0,,,,,,1992-01,15.881269,F,,A
M,MX,628,0,,,,,,1992-02,16.0694,F,,A
M,MX,628,0,,,,,,1992-03,16.232875,F,,A
M,MX,628,0,,,,,,1992-04,16.377686,F,,A
M,MX,628,0,,,,,,1992-05,16.485579,F,,A
M,MX,628,0,,,,,,1992-06,16.59715,F,,A
M,MX,628,0,,,,,,1992-07,16.702046,F,,A
M,MX,628,0,,,,,,1992-08,16.804627,F,,A
M,MX,628,0,,,,,,1992-09,16.9508,F,,A
M,MX,628,0,,,,,,1992-10,17.072861,F,,A
M,MX,628,0,,,,,,1992-11,17.214675,F,,A
M,MX,628,0,,,,,,1992-12,17.459887,F,,A
M,MX,628,0,,,,,,1993-01,17.678806,F,,A
M,MX,628,0,,,,,,1993-02,17.823209,F,,A
M,MX,628,0,,,,,,1993-03,17.927151,F,,A
M,MX,628,0,,,,,,1993-04,18.030549,F,,A
M,MX,628,0,,,,,,1993-05,18.133537,F,,A
M,MX,628,0,,,,,,1993-06,18.2353,F,,A
M,MX,628,0,,,,,,1993-07,18.322895,F,,A
M,MX,628,0,,,,,,1993-08,18.42098,F,,A
M,MX,628,0,,,,,,1993-09,18.557481,F,,A
M,MX,628,0,,,,,,1993-10,18.633361,F,,A
M,MX,628,0,,,,,,1993-11,18.715506,F,,A
M,MX,628,0,,,,,,1993-12,18.858274,F,,A
M,MX,628,0,,,,,,1994-01,19.004448,F,,A
M,MX,628,0,,,,,,1994-02,19.102123,F,,A
M,MX,628,0,,,,,,1994-03,19.200344,F,,A
M,MX,628,0,,,,,,1994-04,19.294478,F,,A
M,MX,628,0,,,,,,1994-05,19.387659,F,,A
M,MX,628,0,,,,,,1994-06,19.484654,F,,A
M,MX,628,0,,,,,,1994-07,19.571023,F,,A
M,MX,628,0,,,,,,1994-08,19.662296,F,,A
M,MX,628,0,,,,,,1994-09,19.802067,F,,A
M,MX,628,0,,,,,,1994-10,19.906009,F,,A
M,MX,628,0,,,,,,1994-11,20.01254,F,,A
M,MX,628,0,,,,,,1994-12,20.188002,F,,A
M,MX,628,0,,,,,,1995-01,20.947886,F,,A
M,MX,628,0,,,,,,1995-02,21.835688,F,,A
M,MX,628,0,,,,,,1995-03,23.122913,F,,A
M,MX,628,0,,,,,,1995-04,24.965406,F,,A
M,MX,628,0,,,,,,1995-05,26.008918,F,,A
M,MX,628,0,,,,,,1995-06,26.834328,F,,A
M,MX,628,0,,,,,,1995-07,27.381422,F,,A
M,MX,628,0,,,,,,1995-08,27.835609,F,,A
M,MX,628,0,,,,,,1995-09,28.411311,F,,A
M,MX,628,0,,,,,,1995-10,28.996005,F,,A
M,MX,628,0,,,,,,1995-11,29.710933,F,,A
M,MX,628,0,,,,,,1995-12,30.678974,F,,A
M,MX,628,0,,,,,,1996-01,31.781882,F,,A
M,MX,628,0,,,,,,1996-02,32.523647,F,,A
M,MX,628,0,,,,,,1996-03,33.239529,F,,A
M,MX,628,0,,,,,,1996-04,34.184547,F,,A
M,MX,628,0,,,,,,1996-05,34.807521,F,,A
M,MX,628,0,,,,,,1996-06,35.374368,F,,A
M,MX,628,0,,,,,,1996-07,35.877188,F,,A
M,MX,628,0,,,,,,1996-08,36.354125,F,,A
M,MX,628,0,,,,,,1996-09,36.935413,F,,A
M,MX,628,0,,,,,,1996-10,37.396411,F,,A
M,MX,628,0,,,,,,1996-11,37.962986,F,,A
M,MX,628,0,,,,,,1996-12,39.178418,F,,A
M,MX,628,0,,,,,,1997-01,40.185966,F,,A
M,MX,628,0,,,,,,1997-02,40.861251,F,,A
M,MX,628,0,,,,,,1997-03,41.369793,F,,A
M,MX,628,0,,,,,,1997-04,41.816759,F,,A
M,MX,628,0,,,,,,1997-05,42.198336,F,,A
M,MX,628,0,,,,,,1997-06,42.572829,F,,A
M,MX,628,0,,,,,,1997-07,42.943643,F,,A
M,MX,628,0,,,,,,1997-08,43.325492,F,,A
M,MX,628,0,,,,,,1997-09,43.865094,F,,A
M,MX,628,0,,,,,,1997-10,44.215611,F,,A
M,MX,628,0,,,,,,1997-11,44.710257,F,,A
M,MX,628,0,,,,,,1997-12,45.336773,F,,A
M,MX,628,0,,,,,,1998-01,46.323068,F,,A
M,MX,628,0,,,,,,1998-02,47.134038,F,,A
M,MX,628,0,,,,,,1998-03,47.686173,F,,A
M,MX,628,0,,,,,,1998-04,48.132322,F,,A
M,MX,628,0,,,,,,1998-05,48.515805,F,,A
M,MX,628,0,,,,,,1998-06,49.089192,F,,A
M,MX,628,0,,,,,,1998-07,49.562587,F,,A
M,MX,628,0,,,,,,1998-08,50.038978,F,,A
M,MX,628,0,,,,,,1998-09,50.850629,F,,A
M,MX,628,0,,,,,,1998-10,51.579316,F,,A
M,MX,628,0,,,,,,1998-11,52.49273,F,,A
M,MX,628,0,,,,,,1998-12,53.773552,F,,A
M,MX,628,0,,,,,,1999-01,55.131479,F,,A
M,MX,628,0,,,,,,1999-02,55.872291,F,,A
M,MX,628,0,,,,,,1999-03,56.391459,F,,A
M,MX,628,0,,,,,,1999-04,56.908991,F,,A
M,MX,628,0,,,,,,1999-05,57.251334,F,,A
M,MX,628,0,,,,,,1999-06,57.627462,F,,A
M,MX,628,0,,,,,,1999-07,58.008357,F,,A
M,MX,628,0,,,,,,1999-08,58.334897,F,,A
M,MX,628,0,,,,,,1999-09,58.898475,F,,A
M,MX,628,0,,,,,,1999-10,59.271606,F,,A
M,MX,628,0,,,,,,1999-11,59.798674,F,,A
M,MX,628,0,,,,,,1999-12,60.397672,F,,A
M,MX,628,0,,,,,,2000-01,61.208641,F,,A
M,MX,628,0,,,,,,2000-02,61.751649,F,,A
M,MX,628,0,,,,,,2000-03,62.093992,F,,A
M,MX,628,0,,,,,,2000-04,62.447233,F,,A
M,MX,628,0,,,,,,2000-05,62.680729,F,,A
M,MX,628,0,,,,,,2000-06,63.051952,F,,A
M,MX,628,0,,,,,,2000-07,63.297981,F,,A
M,MX,628,0,,,,,,2000-08,63.645773,F,,A
M,MX,628,0,,,,,,2000-09,64.110721,F,,A
M,MX,628,0,,,,,,2000-10,64.552102,F,,A
M,MX,628,0,,,,,,2000-11,65.104101,F,,A
M,MX,628,0,,,,,,2000-12,65.808948,F,,A
M,MX,628,0,,,,,,2001-01,66.173769,F,,A
M,MX,628,0,,,,,,2001-02,66.129903,F,,A
M,MX,628,0,,,,,,2001-03,66.548942,F,,A
M,MX,628,0,,,,,,2001-04,66.88461,F,,A
M,MX,628,0,,,,,,2001-05,67.03814,F,,A
M,MX,628,0,,,,,,2001-06,67.19671,F,,A
M,MX,628,0,,,,,,2001-07,67.022065,F,,A
M,MX,628,0,,,,,,2001-08,67.419171,F,,A
M,MX,628,0,,,,,,2001-09,68.046777,F,,A
M,MX,628,0,,,,,,2001-10,68.354245,F,,A
M,MX,628,0,,,,,,2001-11,68.611717,F,,A
M,MX,628,0,,,,,,2001-12,68.706805,F,,A
M,MX,628,0,,,,,,2002-01,69.341086,F,,A
M,MX,628,0,,,,,,2002-02,69.296539,F,,A
M,MX,628,0,,,,,,2002-03,69.65087,F,,A
M,MX,628,0,,,,,,2002-04,70.031356,F,,A
M,MX,628,0,,,,,,2002-05,70.173307,F,,A
M,MX,628,0,,,,,,2002-06,70.515513,F,,A
M,MX,628,0,,,,,,2002-07,70.717949,F,,A
M,MX,628,0,,,,,,2002-08,70.986864,F,,A
M,MX,628,0,,,,,,2002-09,71.413805,F,,A
M,MX,628,0,,,,,,2002-10,71.728493,F,,A
M,MX,628,0,,,,,,2002-11,72.308691,F,,A
M,MX,628,0,,,,,,2002-12,72.62338,F,,A
M,MX,628,0,,,,,,2003-01,72.916953,F,,A
M,MX,628,0,,,,,,2003-02,73.119525,F,,A
M,MX,628,0,,,,,,2003-03,73.581067,F,,A
M,MX,628,0,,,,,,2003-04,73.70667,F,,A
M,MX,628,0,,,,,,2003-05,73.468951,F,,A
M,MX,628,0,,,,,,2003-06,73.529573,F,,A
M,MX,628,0,,,,,,2003-07,73.636104,F,,A
M,MX,628,0,,,,,,2003-08,73.857067,F,,A
M,MX,628,0,,,,,,2003-09,74.296677,F,,A
M,MX,628,0,,,,,,2003-10,74.569134,F,,A
M,MX,628,0,,,,,,2003-11,75.188021,F,,A
M,MX,628,0,,,,,,2003-12,75.511292,F,,A
M,MX,628,0,,,,,,2004-01,75.9806,F,,A
M,MX,628,0,,,,,,2004-02,76.435059,F,,A
M,MX,628,0,,,,,,2004-03,76.694166,F,,A
M,MX,628,0,,,,,,2004-04,76.809824,F,,A
M,MX,628,0,,,,,,2004-05,76.617196,F,,A
M,MX,628,0,,,,,,2004-06,76.739938,F,,A
M,MX,628,0,,,,,,2004-07,76.941148,F,,A
M,MX,628,0,,,,,,2004-08,77.416041,F,,A
M,MX,628,0,,,,,,2004-09,78.05618,F,,A
M,MX,628,0,,,,,,2004-10,78.596735,F,,A
M,MX,628,0,,,,,,2004-11,79.267253,F,,A
M,MX,628,0,,,,,,2004-12,79.431,F,,A
M,MX,628,0,,,,,,2005-01,79.433861,F,,A
M,MX,628,0,,,,,,2005-02,79.698417,F,,A
M,MX,628,0,,,,,,2005-03,80.057652,F,,A
M,MX,628,0,,,,,,2005-04,80.342779,F,,A
M,MX,628,0,,,,,,2005-05,80.141024,F,,A
M,MX,628,0,,,,,,2005-06,80.064055,F,,A
M,MX,628,0,,,,,,2005-07,80.377381,F,,A
M,MX,628,0,,,,,,2005-08,80.473422,F,,A
M,MX,628,0,,,,,,2005-09,80.795875,F,,A
M,MX,628,0,,,,,,2005-10,80.994224,F,,A
M,MX,628,0,,,,,,2005-11,81.577147,F,,A
M,MX,628,0,,,,,,2005-12,82.078196,F,,A
M,MX,628,0,,,,,,2006-01,82.559492,F,,A
M,MX,628,0,,,,,,2006-02,82.685912,F,,A
M,MX,628,0,,,,,,2006-03,82.789582,F,,A
M,MX,628,0,,,,,,2006-04,82.910962,F,,A
M,MX,628,0,,,,,,2006-05,82.541918,F,,A
M,MX,628,0,,,,,,2006-06,82.613166,F,,A
M,MX,628,0,,,,,,2006-07,82.839714,F,,A
M,MX,628,0,,,,,,2006-08,83.262432,F,,A
M,MX,628,0,,,,,,2006-09,84.102963,F,,A
M,MX,628,0,,,,,,2006-10,84.470644,F,,A
M,MX,628,0,,,,,,2006-11,84.913932,F,,A
M,MX,628,0,,,,,,2006-12,85.405037,F,,A
M,MX,628,0,,,,,,2007-01,85.846145,F,,A
M,MX,628,0,,,,,,2007-02,86.086044,F,,A
M,MX,628,0,,,,,,2007-03,86.272405,F,,A
M,MX,628,0,,,,,,2007-04,86.22091,F,,A
M,MX,628,0,,,,,,2007-05,85.800236,F,,A
M,MX,628,0,,,,,,2007-06,85.903361,F,,A
M,MX,628,0,,,,,,2007-07,86.268182,F,,A
M,MX,628,0,,,,,,2007-08,86.619652,F,,A
M,MX,628,0,,,,,,2007-09,87.292213,F,,A
M,MX,628,0,,,,,,2007-10,87.632376,F,,A
M,MX,628,0,,,,,,2007-11,88.250582,F,,A
M,MX,628,0,,,,,,2007-12,88.615538,F,,A
M,MX,628,0,,,,,,2008-01,89.026268,F,,A
M,MX,628,0,,,,,,2008-02,89.290824,F,,A
M,MX,628,0,,,,,,2008-03,89.938047,F,,A
M,MX,628,0,,,,,,2008-04,90.142662,F,,A
M,MX,628,0,,,,,,2008-05,90.045259,F,,A
M,MX,628,0,,,,,,2008-06,90.41798,F,,A
M,MX,628,0,,,,,,2008-07,90.92189,F,,A
M,MX,628,0,,,,,,2008-08,91.446916,F,,A
M,MX,628,0,,,,,,2008-09,92.070026,F,,A
M,MX,628,0,,,,,,2008-10,92.697495,F,,A
M,MX,628,0,,,,,,2008-11,93.751088,F,,A
M,MX,628,0,,,,,,2008-12,94.40049,F,,A
M,MX,628,0,,,,,,2009-01,94.619137,F,,A
M,MX,628,0,,,,,,2009-02,94.828112,F,,A
M,MX,628,0,,,,,,2009-03,95.373708,F,,A
M,MX,628,0,,,,,,2009-04,95.707468,F,,A
M,MX,628,0,,,,,,2009-05,95.428744,F,,A
M,MX,628,0,,,,,,2009-06,95.604479,F,,A
M,MX,628,0,,,,,,2009-07,95.864812,F,,A
M,MX,628,0,,,,,,2009-08,96.094221,F,,A
M,MX,628,0,,,,,,2009-09,96.576198,F,,A
M,MX,628,0,,,,,,2009-10,96.868409,F,,A
M,MX,628,0,,,,,,2009-11,97.37082,F,,A
M,MX,628,0,,,,,,2009-12,97.773921,F,,A
M,MX,628,0,,,,,,2010-01,98.836641,F,,A
M,MX,628,0,,,,,,2010-02,99.408393,F,,A
M,MX,628,0,,,,,,2010-03,100.114057,F,,A
M,MX,628,0,,,,,,2010-04,99.795146,F,,A
M,MX,628,0,,,,,,2010-05,99.166314,F,,A
M,MX,628,0,,,,,,2010-06,99.135254,F,,A
M,MX,628,0,,,,,,2010-07,99.350496,F,,A
M,MX,628,0,,,,,,2010-08,99.626359,F,,A
M,MX,628,0,,,,,,2010-09,100.14866,F,,A
M,MX,628,0,,,,,,2010-10,100.766865,F,,A
M,MX,628,0,,,,,,2010-11,101.574293,F,,A
M,MX,628,0,,,,,,2010-12,102.077522,F,,A
M,MX,628,0,,,,,,2011-01,102.574756,F,,A
M,MX,628,0,,,,,,2011-02,102.959602,F,,A
M,MX,628,0,,,,,,2011-03,103.157134,F,,A
M,MX,628,0,,,,,,2011-04,103.148824,F,,A
M,MX,628,0,,,,,,2011-05,102.388532,F,,A
M,MX,628,0,,,,,,2011-06,102.383355,F,,A
M,MX,628,0,,,,,,2011-07,102.874596,F,,A
M,MX,628,0,,,,,,2011-08,103.037389,F,,A
M,MX,628,0,,,,,,2011-09,103.290093,F,,A
M,MX,628,0,,,,,,2011-10,103.987039,F,,A
M,MX,628,0,,,,,,2011-11,105.111743,F,,A
M,MX,628,0,,,,,,2011-12,105.975569,F,,A
M,MX,628,0,,,,,,2012-01,106.725645,F,,A
M,MX,628,0,,,,,,2012-02,106.942657,F,,A
M,MX,628,0,,,,,,2012-03,107.004096,F,,A
M,MX,628,0,,,,,,2012-04,106.668429,F,,A
M,MX,628,0,,,,,,2012-05,106.331671,F,,A
M,MX,628,0,,,,,,2012-06,106.821958,F,,A
M,MX,628,0,,,,,,2012-07,107.421637,F,,A
M,MX,628,0,,,,,,2012-08,107.743954,F,,A
M,MX,628,0,,,,,,2012-09,108.218847,F,,A
M,MX,628,0,,,,,,2012-10,108.76635,F,,A
M,MX,628,0,,,,,,2012-11,109.505255,F,,A
M,MX,628,0,,,,,,2012-12,109.757005,F,,A
M,MX,628,0,,,,,,2013-01,110.199204,F,,A
M,MX,628,0,,,,,,2013-02,110.74153,F,,A
M,MX,628,0,,,,,,2013-03,111.554134,F,,A
M,MX,628,0,,,,,,2013-04,111.627834,F,,A
M,MX,628,0,,,,,,2013-05,111.256338,F,,A
M,MX,628,0,,,,,,2013-06,111.188769,F,,A
M,MX,628,0,,,,,,2013-07,111.151987,F,,A
M,MX,628,0,,,,,,2013-08,111.468174,F,,A
M,MX,628,0,,,,,,2013-09,111.887758,F,,A
M,MX,628,0,,,,,,2013-10,112.420004,F,,A
M,MX,628,0,,,,,,2013-11,113.468011,F,,A
M,MX,628,0,,,,,,2013-12,114.118912,F,,A
M,MX,628,0,,,,,,2014-01,115.139265,F,,A
M,MX,628,0,,,,,,2014-02,115.430931,F,,A
M,MX,628,0,,,,,,2014-03,115.747117,F,,A
M,MX,628,0,,,,,,2014-04,115.531195,F,,A
M,MX,628,0,,,,,,2014-05,115.161743,F,,A
M,MX,628,0,,,,,,2014-06,115.361318,F,,A
M,MX,628,0,,,,,,2014-07,115.678594,F,,A
M,MX,628,0,,,,,,2014-08,116.094092,F,,A
M,MX,628,0,,,,,,2014-09,116.60672,F,,A
M,MX,628,0,,,,,,2014-10,117.251491,F,,A
M,MX,628,0,,,,,,2014-11,118.19719,F,,A
M,MX,628,0,,,,,,2014-12,118.776435,F,,A
M,MX,628,0,,,,,,2015-01,118.66895,F,,A
M,MX,628,0,,,,,,2015-02,118.894136,F,,A
M,MX,628,0,,,,,,2015-03,119.378157,F,,A
M,MX,628,0,,,,,,2015-04,119.069054,F,,A
M,MX,628,0,,,,,,2015-05,118.474552,F,,A
M,MX,628,0,,,,,,2015-06,118.673037,F,,A
M,MX,628,0,,,,,,2015-07,118.847001,F,,A
M,MX,628,0,,,,,,2015-08,119.097798,F,,A
M,MX,628,0,,,,,,2015-09,119.543947,F,,A
M,MX,628,0,,,,,,2015-10,120.15902,F,,A
M,MX,628,0,,,,,,2015-11,120.815097,F,,A
M,MX,628,0,,,,,,2015-12,121.307291,F,,A
M,MX,628,0,,,,,,2016-01,121.769924,F,,A
M,MX,628,0,,,,,,2016-02,122.303123,F,,A
M,MX,628,0,,,,,,2016-03,122.483217,F,,A
M,MX,628,0,,,,,,2016-04,122.095374,F,,A
M,MX,628,0,,,,,,2016-05,121.550868,F,,A
M,MX,628,0,,,,,,2016-06,121.684917,F,,A
M,MX,628,0,,,,,,2016-07,122.002194,F,,A
M,MX,628,0,,,,,,2016-08,122.346035,F,,A
M,MX,628,0,,,,,,2016-09,123.093113,F,,A
M,MX,628,0,,,,,,2016-10,123.840328,F,,A
M,MX,628,0,,,,,,2016-11,124.808369,F,,A
M,MX,628,0,,,,,,2016-12,125.383526,F,,A
M,MX,628,0,,,,,,2017-01,127.515369,F,,A
M,MX,628,0,,,,,,2017-02,128.25223,F,,A
M,MX,628,0,,,,,,2017-03,129.039223,F,,A
M,MX,628,0,,,,,,2017-04,129.197794,F,,A
M,MX,628,0,,,,,,2017-05,129.04331,F,,A
M,MX,628,0,,,,,,2017-06,129.367671,F,,A
M,MX,628,0,,,,,,2017-07,129.856868,F,,A
M,MX,628,0,,,,,,2017-08,130.498641,F,,A
M,MX,628,0,,,,,,2017-09,130.906919,F,,A
M,MX,628,0,,,,,,2017-10,131.73083,F,,A
M,MX,628,0,,,,,,2017-11,133.088894,F,,A
M,MX,628,0,,,,,,2017-12,133.875887,F,,A
M,MX,628,0,,,,,,2018-01,134.587137,F,,A
M,MX,628,0,,,,,,2018-02,135.099902,F,,A
M,MX,628,0,,,,,,2018-03,135.536923,F,,A
M,MX,628,0,,,,,,2018-04,135.077288,F,,A
M,MX,628,0,,,,,,2018-05,134.858368,F,,A
M,MX,628,0,,,,,,2018-06,135.379307,F,,A
M,MX,628,0,,,,,,2018-07,136.104861,F,,A
M,MX,628,0,,,,,,2018-08,136.898938,F,,A
M,MX,628,0,,,,,,2018-09,137.47791,F,,A
M,MX,628,0,,,,,,2018-10,138.190386,F,,A
M,MX,628,0,,,,,,2018-11,139.366039,F,,A
M,MX,628,0,,,,,,2018-12,140.342799,F,,A
M,MX,628,0,,,,,,2019-01,140.46268,F,,A
M,MX,628,0,,,,,,2019-02,140.423174,F,,A
M,MX,628,0,,,,,,2019-03,140.964002,F,,A
M,MX,628,0,,,,,,2019-04,141.038928,F,,A
M,MX,628,0,,,,,,2019-05,140.632966,F,,A
M,MX,628,0,,,,,,2019-06,140.722877,F,,A
M,MX,628,0,,,,,,2019-07,141.251444,F,,A
M,MX,628,0,,,,,,2019-08,141.228286,F,,A
M,MX,628,0,,,,,,2019-09,141.598828,F,,A
M,MX,628,0,,,,,,2019-10,142.363071,F,,A
M,MX,628,0,,,,,,2019-11,143.511478,F,,A
M,MX,628,0,,,,,,2019-12,144.312503,F,,A
M,MX,628,0,,,,,,2020-01,145.011356,F,,A
M,MX,628,0,,,,,,2020-02,145.613487,F,,A
M,MX,628,0,,,,,,2020-03,145.544011,F,,A
M,MX,628,0,,,,,,2020-04,144.068654,F,,A
M,MX,628,0,,,,,,2020-05,144.623105,F,,A
M,MX,628,0,,,,,,2020-06,145.414593,F,,A
M,MX,628,0,,,,,,2020-07,146.369556,F,,A
M,MX,628,0,,,,,,2020-08,146.945804,F,,A
M,MX,628,0,,,,,,2020-09,147.282289,F,,A
M,MX,628,0,,,,,,2020-10,148.181398,F,,A
M,MX,628,0,,,,,,2020-11,148.293106,F,,A
M,MX,628,0,,,,,,2020-12,148.858455,F,,A
M,MX,628,0,,,,,,2021-01,150.137642,F,,A
M,MX,628,0,,,,,,2021-02,151.087156,F,,A
M,MX,628,0,,,,,,2021-03,152.336373,F,,A
M,MX,628,0,,,,,,2021-04,152.83497,F,,A
M,MX,628,0,,,,,,2021-05,153.146934,F,,A
M,MX,628,0,,,,,,2021-06,153.962944,F,,A
M,MX,628,0,,,,,,2021-07,154.867502,F,,A
M,MX,628,0,,,,,,2021-08,155.163119,F,,A
M,MX,628,0,,,,,,2021-09,156.119444,F,,A
M,MX,628,0,,,,,,2021-10,157.427239,F,,A
M,MX,628,0,,,,,,2021-11,159.229545,F,,A
M,MX,628,0,,,,,,2021-12,159.807155,F,,A
M,MX,628,0,,,,,,2022-01,160.752582,F,,A
M,MX,628,0,,,,,,2022-02,162.086261,F,,A
M,MX,628,0,,,,,,2022-03,163.691035,F,,A
M,MX,628,0,,,,,,2022-04,164.576521,F,,A
M,MX,628,0,,,,,,2022-05,164.866688,F,,A
M,MX,628,0,,,,,,2022-06,166.258946,F,,A
M,MX,628,0,,,,,,2022-07,167.490453,F,,A
M,MX,628,0,,,,,,2022-08,168.655208,F,,A
M,MX,628,0,,,,,,2022-09,169.701445,F,,A
M,MX,628,0,,,,,,2022-10,170.661857,F,,A
M,MX,628,0,,,,,,2022-11,171.644066,F,,A
M,MX,628,0,,,,,,2022-12,172.299326,F,,A
M,MX,628,0,,,,,,2023-01,173.468168,F,,A
M,MX,628,0,,,,,,2023-02,174.435392,F,,A
M,MX,628,0,,,,,,2023-03,174.902656,F,,A
M,MX,628,0,,,,,,2023-04,174.867237,F,,A
M,MX,628,0,,,,,,2023-05,174.487159,F,,A
M,MX,628,0,,,,,,2023-06,174.664256,F,,A
M,MX,628,0,,,,,,2023-07,175.506149,F,,A
M,MX,628,0,,,,,,2023-08,176.47746,F,,A
M,MX,628,0,,,,,,2023-09,177.260775,F,,A
M,MX,628,0,,,,,,2023-10,177.926933,F,,A
M,MX,628,0,,,,,,2023-11,179.065805,F,,A
M,MX,628,0,,,,,,2023-12,180.330007,F,,A
M,MX,628,0,,,,,,2024-01,181.94023,F,,A
M,MX,628,0,,,,,,2024-02,182.111878,F,,A
M,MX,628,0,,,,,,2024-03,182.634997,F,,A
M,MX,628,0,,,,,,2024-04,183.004176,F,,A
M,MX,628,0,,,,,,2024-05,182.664967,F,,A
M,MX,628,0,,,,,,2024-06,183.355646,F,,A
M,MX,628,0,,,,,,2024-07,185.275109,F,,A
M,MX,628,0,,,,,,2024-08,185.288732,F,,A
M,MX,628,0,,,,,,2024-09,185.380005,F,,A
M,MX,628,0,,,,,,2024-10,186.398995,F,,A
M,MX,628,0,,,,,,2024-11,187.210918,F,,A
M,MX,628,0,,,,,,2024-12,187.926119,F,,A
M,MX,628,0,,,,,,2025-01,188.46286,F,,A
M,MX,628,0,,,,,,2025-02,188.984616,F,,A
M,MX,628,0,,,,,,2025-03,189.577211,F,,A
M,MX,628,0,,,,,,2025-04,190.202501,F,,A
M,MX,628,0,,,,,,2025-05,190.736517,F,,A
M,MX,628,0,,,,,,2025-06,191.271896,F,,A
M,MX,628,0,,,,,,2025-07,191.782753,F,,A
M,MX,628,0,,,,,,2025-08,191.901272,F,,A
M,MX,628,0,,,,,,2025-09,192.350827,F,,A
M,MX,628,0,,,,,,2025-10,193.046956,F,,A
M,MX,628,0,,,,,,2025-11,194.323418,F,,A
M,MX,628,0,,,,,,2025-12,194.864246,F,,A
M,MX,628,0,,,,,,2026-01,195.608055,F,,A
M,MX,628,0,,,,,,2026-02,196.587539,F,,A
M,MX,628,0,,,,,,2026-03,198.272688,F,,A
M,MX,628,0,,,,,,2026-04,198.663665,F,,A
M,MX,628,0,,,,,,2026-05,198.249529,F,,A
M,MX,628,0,,,,,,2026-06,197.710064,F,,A
M,MX,628,0,,,,,,2026-07,197.761831,F,,A
M,MX,628,0,,,,,,2026-08,198.160981,F,,A
