FREQ,EER_TYPE,EER_BASKET,REF_AREA,UNIT_MEASURE,TIME_FORMAT,COLLECTION,TITLE_TS,TIME_PERIOD,OBS_VALUE,OBS_STATUS,OBS_CONF,OBS_PRE_BREAK
M,R,B,NL,882,,A,Netherlands - Real - Broad (64 economies),1994-01,97.8,A,F,
M,R,B,NL,882,,A,Netherlands - Real - Broad (64 economies),1994-02,97.4,A,F,
M,R,B,NL,882,,A,Netherlands - Real - Broad (64 economies),1994-03,98.78,A,F,
M,R,B,NL,882,,A,Netherlands - Real - Broad (64 economies),1994-04,98.38,A,F,
M,R,B,NL,882,,A,Netherlands - Real - Broad (64 economies),1994-05,99.03,A,F,
M,R,B,NL,882,,A,Netherlands - Real - Broad (64 economies),1994-06,99.29,A,F,
M,R,B,NL,882,,A,Netherlands - Real - Broad (64 economies),1994-07,100.59,A,F,
M,R,B,NL,882,,A,Netherlands - Real - Broad (64 economies),1994-08,100.85,A,F,
M,R,B,NL,882,,A,Netherlands - Real - Broad (64 economies),1994-09,101.57,A,F,
M,R,B,NL,882,,A,Netherlands - Real - Broad (64 economies),1994-10,102.12,A,F,
M,R,B,NL,882,,A,Netherlands - Real - Broad (64 economies),1994-11,101.18,A,F,
M,R,B,NL,882,,A,Netherlands - Real - Broad (64 economies),1994-12,100.39,A,F,
M,R,B,NL,882,,A,Netherlands - Real - Broad (64 economies),1995-01,101.08,A,F,
M,R,B,NL,882,,A,Netherlands - Real - Broad (64 economies),1995-02,102.17,A,F,
M,R,B,NL,882,,A,Netherlands - Real - Broad (64 economies),1995-03,105.41,A,F,
M,R,B,NL,882,,A,Netherlands - Real - Broad (64 economies),1995-04,105.55,A,F,
M,R,B,NL,882,,A,Netherlands - Real - Broad (64 economies),1995-05,104,A,F,
M,R,B,NL,882,,A,Netherlands - Real - Broad (64 economies),1995-06,103.62,A,F,
M,R,B,NL,882,,A,Netherlands - Real - Broad (64 economies),1995-07,103.7,A,F,
M,R,B,NL,882,,A,Netherlands - Real - Broad (64 economies),1995-08,102.24,A,F,
M,R,B,NL,882,,A,Netherlands - Real - Broad (64 economies),1995-09,102.65,A,F,
M,R,B,NL,882,,A,Netherlands - Real - Broad (64 economies),1995-10,103.95,A,F,
M,R,B,NL,882,,A,Netherlands - Real - Broad (64 economies),1995-11,103.68,A,F,
M,R,B,NL,882,,A,Netherlands - Real - Broad (64 economies),1995-12,102.69,A,F,
M,R,B,NL,882,,A,Netherlands - Real - Broad (64 economies),1996-01,102.24,A,F,
M,R,B,NL,882,,A,Netherlands - Real - Broad (64 economies),1996-02,102.15,A,F,
M,R,B,NL,882,,A,Netherlands - Real - Broad (64 economies),1996-03,102.36,A,F,
M,R,B,NL,882,,A,Netherlands - Real - Broad (64 economies),1996-04,101.47,A,F,
M,R,B,NL,882,,A,Netherlands - Real - Broad (64 economies),1996-05,100.15,A,F,
M,R,B,NL,882,,A,Netherlands - Real - Broad (64 economies),1996-06,99.59,A,F,
M,R,B,NL,882,,A,Netherlands - Real - Broad (64 economies),1996-07,100.28,A,F,
M,R,B,NL,882,,A,Netherlands - Real - Broad (64 economies),1996-08,100.73,A,F,
M,R,B,NL,882,,A,Netherlands - Real - Broad (64 economies),1996-09,100.68,A,F,
M,R,B,NL,882,,A,Netherlands - Real - Broad (64 economies),1996-10,99.85,A,F,
M,R,B,NL,882,,A,Netherlands - Real - Broad (64 economies),1996-11,99.72,A,F,
M,R,B,NL,882,,A,Netherlands - Real - Broad (64 economies),1996-12,98.36,A,F,
M,R,B,NL,882,,A,Netherlands - Real - Broad (64 economies),1997-01,96.91,A,F,
M,R,B,NL,882,,A,Netherlands - Real - Broad (64 economies),1997-02,95.81,A,F,
M,R,B,NL,882,,A,Netherlands - Real - Broad (64 economies),1997-03,96.09,A,F,
M,R,B,NL,882,,A,Netherlands - Real - Broad (64 economies),1997-04,95.62,A,F,
M,R,B,NL,882,,A,Netherlands - Real - Broad (64 economies),1997-05,95.61,A,F,
M,R,B,NL,882,,A,Netherlands - Real - Broad (64 economies),1997-06,94.17,A,F,
M,R,B,NL,882,,A,Netherlands - Real - Broad (64 economies),1997-07,92.83,A,F,
M,R,B,NL,882,,A,Netherlands - Real - Broad (64 economies),1997-08,92.71,A,F,
M,R,B,NL,882,,A,Netherlands - Real - Broad (64 economies),1997-09,94.72,A,F,
M,R,B,NL,882,,A,Netherlands - Real - Broad (64 economies),1997-10,95.59,A,F,
M,R,B,NL,882,,A,Netherlands - Real - Broad (64 economies),1997-11,96.21,A,F,
M,R,B,NL,882,,A,Netherlands - Real - Broad (64 economies),1997-12,96.09,A,F,
M,R,B,NL,882,,A,Netherlands - Real - Broad (64 economies),1998-01,96.03,A,F,
M,R,B,NL,882,,A,Netherlands - Real - Broad (64 economies),1998-02,95.77,A,F,
M,R,B,NL,882,,A,Netherlands - Real - Broad (64 economies),1998-03,95.92,A,F,
M,R,B,NL,882,,A,Netherlands - Real - Broad (64 economies),1998-04,96.15,A,F,
M,R,B,NL,882,,A,Netherlands - Real - Broad (64 economies),1998-05,97.12,A,F,
M,R,B,NL,882,,A,Netherlands - Real - Broad (64 economies),1998-06,96.82,A,F,
M,R,B,NL,882,,A,Netherlands - Real - Broad (64 economies),1998-07,96.97,A,F,
M,R,B,NL,882,,A,Netherlands - Real - Broad (64 economies),1998-08,97.66,A,F,
M,R,B,NL,882,,A,Netherlands - Real - Broad (64 economies),1998-09,99.95,A,F,
M,R,B,NL,882,,A,Netherlands - Real - Broad (64 economies),1998-10,100.73,A,F,
M,R,B,NL,882,,A,Netherlands - Real - Broad (64 economies),1998-11,99.64,A,F,
M,R,B,NL,882,,A,Netherlands - Real - Broad (64 economies),1998-12,99.59,A,F,
M,R,B,NL,882,,A,Netherlands - Real - Broad (64 economies),1999-01,99.26,A,F,
M,R,B,NL,882,,A,Netherlands - Real - Broad (64 economies),1999-02,98.6,A,F,
M,R,B,NL,882,,A,Netherlands - Real - Broad (64 economies),1999-03,98.47,A,F,
M,R,B,NL,882,,A,Netherlands - Real - Broad (64 economies),1999-04,97.53,A,F,
M,R,B,NL,882,,A,Netherlands - Real - Broad (64 economies),1999-05,97.14,A,F,
M,R,B,NL,882,,A,Netherlands - Real - Broad (64 economies),1999-06,95.73,A,F,
M,R,B,NL,882,,A,Netherlands - Real - Broad (64 economies),1999-07,95.51,A,F,
M,R,B,NL,882,,A,Netherlands - Real - Broad (64 economies),1999-08,96.5,A,F,
M,R,B,NL,882,,A,Netherlands - Real - Broad (64 economies),1999-09,96.01,A,F,
M,R,B,NL,882,,A,Netherlands - Real - Broad (64 economies),1999-10,96.5,A,F,
M,R,B,NL,882,,A,Netherlands - Real - Broad (64 economies),1999-11,95.16,A,F,
M,R,B,NL,882,,A,Netherlands - Real - Broad (64 economies),1999-12,93.59,A,F,
M,R,B,NL,882,,A,Netherlands - Real - Broad (64 economies),2000-01,93.26,A,F,
M,R,B,NL,882,,A,Netherlands - Real - Broad (64 economies),2000-02,92.78,A,F,
M,R,B,NL,882,,A,Netherlands - Real - Broad (64 economies),2000-03,92.57,A,F,
M,R,B,NL,882,,A,Netherlands - Real - Broad (64 economies),2000-04,91.8,A,F,
M,R,B,NL,882,,A,Netherlands - Real - Broad (64 economies),2000-05,91.01,A,F,
M,R,B,NL,882,,A,Netherlands - Real - Broad (64 economies),2000-06,92.36,A,F,
M,R,B,NL,882,,A,Netherlands - Real - Broad (64 economies),2000-07,91.77,A,F,
M,R,B,NL,882,,A,Netherlands - Real - Broad (64 economies),2000-08,90.73,A,F,
M,R,B,NL,882,,A,Netherlands - Real - Broad (64 economies),2000-09,90.33,A,F,
M,R,B,NL,882,,A,Netherlands - Real - Broad (64 economies),2000-10,89.86,A,F,
M,R,B,NL,882,,A,Netherlands - Real - Broad (64 economies),2000-11,90.01,A,F,
M,R,B,NL,882,,A,Netherlands - Real - Broad (64 economies),2000-12,91.1,A,F,
M,R,B,NL,882,,A,Netherlands - Real - Broad (64 economies),2001-01,93.83,A,F,
M,R,B,NL,882,,A,Netherlands - Real - Broad (64 economies),2001-02,93.84,A,F,
M,R,B,NL,882,,A,Netherlands - Real - Broad (64 economies),2001-03,94.56,A,F,
M,R,B,NL,882,,A,Netherlands - Real - Broad (64 economies),2001-04,94.27,A,F,
M,R,B,NL,882,,A,Netherlands - Real - Broad (64 economies),2001-05,93.23,A,F,
M,R,B,NL,882,,A,Netherlands - Real - Broad (64 economies),2001-06,92.08,A,F,
M,R,B,NL,882,,A,Netherlands - Real - Broad (64 economies),2001-07,92.61,A,F,
M,R,B,NL,882,,A,Netherlands - Real - Broad (64 economies),2001-08,94.33,A,F,
M,R,B,NL,882,,A,Netherlands - Real - Broad (64 economies),2001-09,95.62,A,F,
M,R,B,NL,882,,A,Netherlands - Real - Broad (64 economies),2001-10,95.58,A,F,
M,R,B,NL,882,,A,Netherlands - Real - Broad (64 economies),2001-11,94.76,A,F,
M,R,B,NL,882,,A,Netherlands - Real - Broad (64 economies),2001-12,94.61,A,F,
M,R,B,NL,882,,A,Netherlands - Real - Broad (64 economies),2002-01,94.82,A,F,
M,R,B,NL,882,,A,Netherlands - Real - Broad (64 economies),2002-02,94.6,A,F,
M,R,B,NL,882,,A,Netherlands - Real - Broad (64 economies),2002-03,95.27,A,F,
M,R,B,NL,882,,A,Netherlands - Real - Broad (64 economies),2002-04,95.63,A,F,
M,R,B,NL,882,,A,Netherlands - Real - Broad (64 economies),2002-05,96.56,A,F,
M,R,B,NL,882,,A,Netherlands - Real - Broad (64 economies),2002-06,97.65,A,F,
M,R,B,NL,882,,A,Netherlands - Real - Broad (64 economies),2002-07,98.55,A,F,
M,R,B,NL,882,,A,Netherlands - Real - Broad (64 economies),2002-08,98.47,A,F,
M,R,B,NL,882,,A,Netherlands - Real - Broad (64 economies),2002-09,99.45,A,F,
M,R,B,NL,882,,A,Netherlands - Real - Broad (64 economies),2002-10,99.28,A,F,
M,R,B,NL,882,,A,Netherlands - Real - Broad (64 economies),2002-11,99.4,A,F,
M,R,B,NL,882,,A,Netherlands - Real - Broad (64 economies),2002-12,99.34,A,F,
M,R,B,NL,882,,A,Netherlands - Real - Broad (64 economies),2003-01,100.81,A,F,
M,R,B,NL,882,,A,Netherlands - Real - Broad (64 economies),2003-02,101.65,A,F,
M,R,B,NL,882,,A,Netherlands - Real - Broad (64 economies),2003-03,102.66,A,F,
M,R,B,NL,882,,A,Netherlands - Real - Broad (64 economies),2003-04,102.82,A,F,
M,R,B,NL,882,,A,Netherlands - Real - Broad (64 economies),2003-05,104.9,A,F,
M,R,B,NL,882,,A,Netherlands - Real - Broad (64 economies),2003-06,104.56,A,F,
M,R,B,NL,882,,A,Netherlands - Real - Broad (64 economies),2003-07,103.9,A,F,
M,R,B,NL,882,,A,Netherlands - Real - Broad (64 economies),2003-08,103.36,A,F,
M,R,B,NL,882,,A,Netherlands - Real - Broad (64 economies),2003-09,103.99,A,F,
M,R,B,NL,882,,A,Netherlands - Real - Broad (64 economies),2003-10,104.69,A,F,
M,R,B,NL,882,,A,Netherlands - Real - Broad (64 economies),2003-11,104.38,A,F,
M,R,B,NL,882,,A,Netherlands - Real - Broad (64 economies),2003-12,105.04,A,F,
M,R,B,NL,882,,A,Netherlands - Real - Broad (64 economies),2004-01,105.51,A,F,
M,R,B,NL,882,,A,Netherlands - Real - Broad (64 economies),2004-02,105.62,A,F,
M,R,B,NL,882,,A,Netherlands - Real - Broad (64 economies),2004-03,105.14,A,F,
M,R,B,NL,882,,A,Netherlands - Real - Broad (64 economies),2004-04,104.13,A,F,
M,R,B,NL,882,,A,Netherlands - Real - Broad (64 economies),2004-05,104.56,A,F,
M,R,B,NL,882,,A,Netherlands - Real - Broad (64 economies),2004-06,103.92,A,F,
M,R,B,NL,882,,A,Netherlands - Real - Broad (64 economies),2004-07,104.03,A,F,
M,R,B,NL,882,,A,Netherlands - Real - Broad (64 economies),2004-08,104.1,A,F,
M,R,B,NL,882,,A,Netherlands - Real - Broad (64 economies),2004-09,105.02,A,F,
M,R,B,NL,882,,A,Netherlands - Real - Broad (64 economies),2004-10,105.37,A,F,
M,R,B,NL,882,,A,Netherlands - Real - Broad (64 economies),2004-11,105.88,A,F,
M,R,B,NL,882,,A,Netherlands - Real - Broad (64 economies),2004-12,105.43,A,F,
M,R,B,NL,882,,A,Netherlands - Real - Broad (64 economies),2005-01,105.13,A,F,
M,R,B,NL,882,,A,Netherlands - Real - Broad (64 economies),2005-02,104.76,A,F,
M,R,B,NL,882,,A,Netherlands - Real - Broad (64 economies),2005-03,105.82,A,F,
M,R,B,NL,882,,A,Netherlands - Real - Broad (64 economies),2005-04,105.24,A,F,
M,R,B,NL,882,,A,Netherlands - Real - Broad (64 economies),2005-05,104.3,A,F,
M,R,B,NL,882,,A,Netherlands - Real - Broad (64 economies),2005-06,102.4,A,F,
M,R,B,NL,882,,A,Netherlands - Real - Broad (64 economies),2005-07,102,A,F,
M,R,B,NL,882,,A,Netherlands - Real - Broad (64 economies),2005-08,102.61,A,F,
M,R,B,NL,882,,A,Netherlands - Real - Broad (64 economies),2005-09,102.91,A,F,
M,R,B,NL,882,,A,Netherlands - Real - Broad (64 economies),2005-10,102.27,A,F,
M,R,B,NL,882,,A,Netherlands - Real - Broad (64 economies),2005-11,101.61,A,F,
M,R,B,NL,882,,A,Netherlands - Real - Broad (64 economies),2005-12,100.89,A,F,
M,R,B,NL,882,,A,Netherlands - Real - Broad (64 economies),2006-01,100.76,A,F,
M,R,B,NL,882,,A,Netherlands - Real - Broad (64 economies),2006-02,100.24,A,F,
M,R,B,NL,882,,A,Netherlands - Real - Broad (64 economies),2006-03,101.22,A,F,
M,R,B,NL,882,,A,Netherlands - Real - Broad (64 economies),2006-04,101.75,A,F,
M,R,B,NL,882,,A,Netherlands - Real - Broad (64 economies),2006-05,102.57,A,F,
M,R,B,NL,882,,A,Netherlands - Real - Broad (64 economies),2006-06,102.31,A,F,
M,R,B,NL,882,,A,Netherlands - Real - Broad (64 economies),2006-07,102.06,A,F,
M,R,B,NL,882,,A,Netherlands - Real - Broad (64 economies),2006-08,102.51,A,F,
M,R,B,NL,882,,A,Netherlands - Real - Broad (64 economies),2006-09,102.78,A,F,
M,R,B,NL,882,,A,Netherlands - Real - Broad (64 economies),2006-10,102.16,A,F,
M,R,B,NL,882,,A,Netherlands - Real - Broad (64 economies),2006-11,102.27,A,F,
M,R,B,NL,882,,A,Netherlands - Real - Broad (64 economies),2006-12,102.08,A,F,
M,R,B,NL,882,,A,Netherlands - Real - Broad (64 economies),2007-01,101.71,A,F,
M,R,B,NL,882,,A,Netherlands - Real - Broad (64 economies),2007-02,101.88,A,F,
M,R,B,NL,882,,A,Netherlands - Real - Broad (64 economies),2007-03,103.07,A,F,
M,R,B,NL,882,,A,Netherlands - Real - Broad (64 economies),2007-04,103.57,A,F,
M,R,B,NL,882,,A,Netherlands - Real - Broad (64 economies),2007-05,103.31,A,F,
M,R,B,NL,882,,A,Netherlands - Real - Broad (64 economies),2007-06,102.46,A,F,
M,R,B,NL,882,,A,Netherlands - Real - Broad (64 economies),2007-07,102.16,A,F,
M,R,B,NL,882,,A,Netherlands - Real - Broad (64 economies),2007-08,102.08,A,F,
M,R,B,NL,882,,A,Netherlands - Real - Broad (64 economies),2007-09,102.93,A,F,
M,R,B,NL,882,,A,Netherlands - Real - Broad (64 economies),2007-10,102.96,A,F,
M,R,B,NL,882,,A,Netherlands - Real - Broad (64 economies),2007-11,103.38,A,F,
M,R,B,NL,882,,A,Netherlands - Real - Broad (64 economies),2007-12,102.41,A,F,
M,R,B,NL,882,,A,Netherlands - Real - Broad (64 economies),2008-01,102.65,A,F,
M,R,B,NL,882,,A,Netherlands - Real - Broad (64 economies),2008-02,102.5,A,F,
M,R,B,NL,882,,A,Netherlands - Real - Broad (64 economies),2008-03,104.55,A,F,
M,R,B,NL,882,,A,Netherlands - Real - Broad (64 economies),2008-04,105.16,A,F,
M,R,B,NL,882,,A,Netherlands - Real - Broad (64 economies),2008-05,104.53,A,F,
M,R,B,NL,882,,A,Netherlands - Real - Broad (64 economies),2008-06,103.78,A,F,
M,R,B,NL,882,,A,Netherlands - Real - Broad (64 economies),2008-07,103.82,A,F,
M,R,B,NL,882,,A,Netherlands - Real - Broad (64 economies),2008-08,102.73,A,F,
M,R,B,NL,882,,A,Netherlands - Real - Broad (64 economies),2008-09,102.23,A,F,
M,R,B,NL,882,,A,Netherlands - Real - Broad (64 economies),2008-10,100.44,A,F,
M,R,B,NL,882,,A,Netherlands - Real - Broad (64 economies),2008-11,99.98,A,F,
M,R,B,NL,882,,A,Netherlands - Real - Broad (64 economies),2008-12,101.98,A,F,
M,R,B,NL,882,,A,Netherlands - Real - Broad (64 economies),2009-01,102.24,A,F,
M,R,B,NL,882,,A,Netherlands - Real - Broad (64 economies),2009-02,102,A,F,
M,R,B,NL,882,,A,Netherlands - Real - Broad (64 economies),2009-03,104.19,A,F,
M,R,B,NL,882,,A,Netherlands - Real - Broad (64 economies),2009-04,103.91,A,F,
M,R,B,NL,882,,A,Netherlands - Real - Broad (64 economies),2009-05,104.35,A,F,
M,R,B,NL,882,,A,Netherlands - Real - Broad (64 economies),2009-06,104.49,A,F,
M,R,B,NL,882,,A,Netherlands - Real - Broad (64 economies),2009-07,103.44,A,F,
M,R,B,NL,882,,A,Netherlands - Real - Broad (64 economies),2009-08,103.58,A,F,
M,R,B,NL,882,,A,Netherlands - Real - Broad (64 economies),2009-09,104.77,A,F,
M,R,B,NL,882,,A,Netherlands - Real - Broad (64 economies),2009-10,105.2,A,F,
M,R,B,NL,882,,A,Netherlands - Real - Broad (64 economies),2009-11,104.92,A,F,
M,R,B,NL,882,,A,Netherlands - Real - Broad (64 economies),2009-12,103.38,A,F,
M,R,B,NL,882,,A,Netherlands - Real - Broad (64 economies),2010-01,102.15,A,F,
M,R,B,NL,882,,A,Netherlands - Real - Broad (64 economies),2010-02,101.01,A,F,
M,R,B,NL,882,,A,Netherlands - Real - Broad (64 economies),2010-03,101.36,A,F,
M,R,B,NL,882,,A,Netherlands - Real - Broad (64 economies),2010-04,100.68,A,F,
M,R,B,NL,882,,A,Netherlands - Real - Broad (64 economies),2010-05,98.59,A,F,
M,R,B,NL,882,,A,Netherlands - Real - Broad (64 economies),2010-06,97.1,A,F,
M,R,B,NL,882,,A,Netherlands - Real - Broad (64 economies),2010-07,97.94,A,F,
M,R,B,NL,882,,A,Netherlands - Real - Broad (64 economies),2010-08,97.75,A,F,
M,R,B,NL,882,,A,Netherlands - Real - Broad (64 economies),2010-09,98.4,A,F,
M,R,B,NL,882,,A,Netherlands - Real - Broad (64 economies),2010-10,100.06,A,F,
M,R,B,NL,882,,A,Netherlands - Real - Broad (64 economies),2010-11,99.05,A,F,
M,R,B,NL,882,,A,Netherlands - Real - Broad (64 economies),2010-12,97.25,A,F,
M,R,B,NL,882,,A,Netherlands - Real - Broad (64 economies),2011-01,96.92,A,F,
M,R,B,NL,882,,A,Netherlands - Real - Broad (64 economies),2011-02,97.71,A,F,
M,R,B,NL,882,,A,Netherlands - Real - Broad (64 economies),2011-03,99.2,A,F,
M,R,B,NL,882,,A,Netherlands - Real - Broad (64 economies),2011-04,100.25,A,F,
M,R,B,NL,882,,A,Netherlands - Real - Broad (64 economies),2011-05,99.74,A,F,
M,R,B,NL,882,,A,Netherlands - Real - Broad (64 economies),2011-06,99.34,A,F,
M,R,B,NL,882,,A,Netherlands - Real - Broad (64 economies),2011-07,99.26,A,F,
M,R,B,NL,882,,A,Netherlands - Real - Broad (64 economies),2011-08,99.42,A,F,
M,R,B,NL,882,,A,Netherlands - Real - Broad (64 economies),2011-09,98.82,A,F,
M,R,B,NL,882,,A,Netherlands - Real - Broad (64 economies),2011-10,98.76,A,F,
M,R,B,NL,882,,A,Netherlands - Real - Broad (64 economies),2011-11,98.03,A,F,
M,R,B,NL,882,,A,Netherlands - Real - Broad (64 economies),2011-12,96.71,A,F,
M,R,B,NL,882,,A,Netherlands - Real - Broad (64 economies),2012-01,95.37,A,F,
M,R,B,NL,882,,A,Netherlands - Real - Broad (64 economies),2012-02,96.03,A,F,
M,R,B,NL,882,,A,Netherlands - Real - Broad (64 economies),2012-03,96.84,A,F,
M,R,B,NL,882,,A,Netherlands - Real - Broad (64 economies),2012-04,96.88,A,F,
M,R,B,NL,882,,A,Netherlands - Real - Broad (64 economies),2012-05,96.08,A,F,
M,R,B,NL,882,,A,Netherlands - Real - Broad (64 economies),2012-06,95.4,A,F,
M,R,B,NL,882,,A,Netherlands - Real - Broad (64 economies),2012-07,94.97,A,F,
M,R,B,NL,882,,A,Netherlands - Real - Broad (64 economies),2012-08,94.72,A,F,
M,R,B,NL,882,,A,Netherlands - Real - Broad (64 economies),2012-09,95.98,A,F,
M,R,B,NL,882,,A,Netherlands - Real - Broad (64 economies),2012-10,96.67,A,F,
M,R,B,NL,882,,A,Netherlands - Real - Broad (64 economies),2012-11,96.06,A,F,
M,R,B,NL,882,,A,Netherlands - Real - Broad (64 economies),2012-12,96.52,A,F,
M,R,B,NL,882,,A,Netherlands - Real - Broad (64 economies),2013-01,97.33,A,F,
M,R,B,NL,882,,A,Netherlands - Real - Broad (64 economies),2013-02,98.19,A,F,
M,R,B,NL,882,,A,Netherlands - Real - Broad (64 economies),2013-03,98.13,A,F,
M,R,B,NL,882,,A,Netherlands - Real - Broad (64 economies),2013-04,98.39,A,F,
M,R,B,NL,882,,A,Netherlands - Real - Broad (64 economies),2013-05,98.36,A,F,
M,R,B,NL,882,,A,Netherlands - Real - Broad (64 economies),2013-06,98.77,A,F,
M,R,B,NL,882,,A,Netherlands - Real - Broad (64 economies),2013-07,99.5,A,F,
M,R,B,NL,882,,A,Netherlands - Real - Broad (64 economies),2013-08,99.91,A,F,
M,R,B,NL,882,,A,Netherlands - Real - Broad (64 economies),2013-09,99.73,A,F,
M,R,B,NL,882,,A,Netherlands - Real - Broad (64 economies),2013-10,99.93,A,F,
M,R,B,NL,882,,A,Netherlands - Real - Broad (64 economies),2013-11,99.31,A,F,
M,R,B,NL,882,,A,Netherlands - Real - Broad (64 economies),2013-12,99.92,A,F,
M,R,B,NL,882,,A,Netherlands - Real - Broad (64 economies),2014-01,99.75,A,F,
M,R,B,NL,882,,A,Netherlands - Real - Broad (64 economies),2014-02,99.96,A,F,
M,R,B,NL,882,,A,Netherlands - Real - Broad (64 economies),2014-03,101.16,A,F,
M,R,B,NL,882,,A,Netherlands - Real - Broad (64 economies),2014-04,101.31,A,F,
M,R,B,NL,882,,A,Netherlands - Real - Broad (64 economies),2014-05,100.51,A,F,
M,R,B,NL,882,,A,Netherlands - Real - Broad (64 economies),2014-06,99.67,A,F,
M,R,B,NL,882,,A,Netherlands - Real - Broad (64 economies),2014-07,100.19,A,F,
M,R,B,NL,882,,A,Netherlands - Real - Broad (64 economies),2014-08,99.68,A,F,
M,R,B,NL,882,,A,Netherlands - Real - Broad (64 economies),2014-09,98.75,A,F,
M,R,B,NL,882,,A,Netherlands - Real - Broad (64 economies),2014-10,98.31,A,F,
M,R,B,NL,882,,A,Netherlands - Real - Broad (64 economies),2014-11,97.89,A,F,
M,R,B,NL,882,,A,Netherlands - Real - Broad (64 economies),2014-12,98.11,A,F,
M,R,B,NL,882,,A,Netherlands - Real - Broad (64 economies),2015-01,95.85,A,F,
M,R,B,NL,882,,A,Netherlands - Real - Broad (64 economies),2015-02,94.91,A,F,
M,R,B,NL,882,,A,Netherlands - Real - Broad (64 economies),2015-03,94.04,A,F,
M,R,B,NL,882,,A,Netherlands - Real - Broad (64 economies),2015-04,93.87,A,F,
M,R,B,NL,882,,A,Netherlands - Real - Broad (64 economies),2015-05,94.91,A,F,
M,R,B,NL,882,,A,Netherlands - Real - Broad (64 economies),2015-06,95.05,A,F,
M,R,B,NL,882,,A,Netherlands - Real - Broad (64 economies),2015-07,95.28,A,F,
M,R,B,NL,882,,A,Netherlands - Real - Broad (64 economies),2015-08,96.28,A,F,
M,R,B,NL,882,,A,Netherlands - Real - Broad (64 economies),2015-09,96.86,A,F,
M,R,B,NL,882,,A,Netherlands - Real - Broad (64 economies),2015-10,96.45,A,F,
M,R,B,NL,882,,A,Netherlands - Real - Broad (64 economies),2015-11,94.52,A,F,
M,R,B,NL,882,,A,Netherlands - Real - Broad (64 economies),2015-12,95.34,A,F,
M,R,B,NL,882,,A,Netherlands - Real - Broad (64 economies),2016-01,95.39,A,F,
M,R,B,NL,882,,A,Netherlands - Real - Broad (64 economies),2016-02,96.27,A,F,
M,R,B,NL,882,,A,Netherlands - Real - Broad (64 economies),2016-03,96.38,A,F,
M,R,B,NL,882,,A,Netherlands - Real - Broad (64 economies),2016-04,96.64,A,F,
M,R,B,NL,882,,A,Netherlands - Real - Broad (64 economies),2016-05,96.68,A,F,
M,R,B,NL,882,,A,Netherlands - Real - Broad (64 economies),2016-06,96.01,A,F,
M,R,B,NL,882,,A,Netherlands - Real - Broad (64 economies),2016-07,96.33,A,F,
M,R,B,NL,882,,A,Netherlands - Real - Broad (64 economies),2016-08,96.68,A,F,
M,R,B,NL,882,,A,Netherlands - Real - Broad (64 economies),2016-09,96.37,A,F,
M,R,B,NL,882,,A,Netherlands - Real - Broad (64 economies),2016-10,96.36,A,F,
M,R,B,NL,882,,A,Netherlands - Real - Broad (64 economies),2016-11,95.87,A,F,
M,R,B,NL,882,,A,Netherlands - Real - Broad (64 economies),2016-12,95.24,A,F,
M,R,B,NL,882,,A,Netherlands - Real - Broad (64 economies),2017-01,95.02,A,F,
M,R,B,NL,882,,A,Netherlands - Real - Broad (64 economies),2017-02,95.01,A,F,
M,R,B,NL,882,,A,Netherlands - Real - Broad (64 economies),2017-03,95.43,A,F,
M,R,B,NL,882,,A,Netherlands - Real - Broad (64 economies),2017-04,95.45,A,F,
M,R,B,NL,882,,A,Netherlands - Real - Broad (64 economies),2017-05,96.22,A,F,
M,R,B,NL,882,,A,Netherlands - Real - Broad (64 economies),2017-06,96.37,A,F,
M,R,B,NL,882,,A,Netherlands - Real - Broad (64 economies),2017-07,97.89,A,F,
M,R,B,NL,882,,A,Netherlands - Real - Broad (64 economies),2017-08,98.6,A,F,
M,R,B,NL,882,,A,Netherlands - Real - Broad (64 economies),2017-09,98.2,A,F,
M,R,B,NL,882,,A,Netherlands - Real - Broad (64 economies),2017-10,98.03,A,F,
M,R,B,NL,882,,A,Netherlands - Real - Broad (64 economies),2017-11,97.84,A,F,
M,R,B,NL,882,,A,Netherlands - Real - Broad (64 economies),2017-12,97.72,A,F,
M,R,B,NL,882,,A,Netherlands - Real - Broad (64 economies),2018-01,97.99,A,F,
M,R,B,NL,882,,A,Netherlands - Real - Broad (64 economies),2018-02,98.29,A,F,
M,R,B,NL,882,,A,Netherlands - Real - Broad (64 economies),2018-03,98.33,A,F,
M,R,B,NL,882,,A,Netherlands - Real - Broad (64 economies),2018-04,98.66,A,F,
M,R,B,NL,882,,A,Netherlands - Real - Broad (64 economies),2018-05,97.9,A,F,
M,R,B,NL,882,,A,Netherlands - Real - Broad (64 economies),2018-06,97.42,A,F,
M,R,B,NL,882,,A,Netherlands - Real - Broad (64 economies),2018-07,99.05,A,F,
M,R,B,NL,882,,A,Netherlands - Real - Broad (64 economies),2018-08,99.08,A,F,
M,R,B,NL,882,,A,Netherlands - Real - Broad (64 economies),2018-09,98.96,A,F,
M,R,B,NL,882,,A,Netherlands - Real - Broad (64 economies),2018-10,98.53,A,F,
M,R,B,NL,882,,A,Netherlands - Real - Broad (64 economies),2018-11,98.1,A,F,
M,R,B,NL,882,,A,Netherlands - Real - Broad (64 economies),2018-12,98.13,A,F,
M,R,B,NL,882,,A,Netherlands - Real - Broad (64 economies),2019-01,98.15,A,F,
M,R,B,NL,882,,A,Netherlands - Real - Broad (64 economies),2019-02,98.21,A,F,
M,R,B,NL,882,,A,Netherlands - Real - Broad (64 economies),2019-03,98.07,A,F,
M,R,B,NL,882,,A,Netherlands - Real - Broad (64 economies),2019-04,98.18,A,F,
M,R,B,NL,882,,A,Netherlands - Real - Broad (64 economies),2019-05,98.21,A,F,
M,R,B,NL,882,,A,Netherlands - Real - Broad (64 economies),2019-06,98.32,A,F,
M,R,B,NL,882,,A,Netherlands - Real - Broad (64 economies),2019-07,98.81,A,F,
M,R,B,NL,882,,A,Netherlands - Real - Broad (64 economies),2019-08,99.51,A,F,
M,R,B,NL,882,,A,Netherlands - Real - Broad (64 economies),2019-09,98.37,A,F,
M,R,B,NL,882,,A,Netherlands - Real - Broad (64 economies),2019-10,98.56,A,F,
M,R,B,NL,882,,A,Netherlands - Real - Broad (64 economies),2019-11,97.92,A,F,
M,R,B,NL,882,,A,Netherlands - Real - Broad (64 economies),2019-12,97.77,A,F,
M,R,B,NL,882,,A,Netherlands - Real - Broad (64 economies),2020-01,96.56,A,F,
M,R,B,NL,882,,A,Netherlands - Real - Broad (64 economies),2020-02,96.56,A,F,
M,R,B,NL,882,,A,Netherlands - Real - Broad (64 economies),2020-03,98.72,A,F,
M,R,B,NL,882,,A,Netherlands - Real - Broad (64 economies),2020-04,99.21,A,F,
M,R,B,NL,882,,A,Netherlands - Real - Broad (64 economies),2020-05,99.19,A,F,
M,R,B,NL,882,,A,Netherlands - Real - Broad (64 economies),2020-06,100.07,A,F,
M,R,B,NL,882,,A,Netherlands - Real - Broad (64 economies),2020-07,101.68,A,F,
M,R,B,NL,882,,A,Netherlands - Real - Broad (64 economies),2020-08,102.07,A,F,
M,R,B,NL,882,,A,Netherlands - Real - Broad (64 economies),2020-09,101.66,A,F,
M,R,B,NL,882,,A,Netherlands - Real - Broad (64 economies),2020-10,101.94,A,F,
M,R,B,NL,882,,A,Netherlands - Real - Broad (64 economies),2020-11,100.83,A,F,
M,R,B,NL,882,,A,Netherlands - Real - Broad (64 economies),2020-12,101.52,A,F,
M,R,B,NL,882,,A,Netherlands - Real - Broad (64 economies),2021-01,100.46,A,F,
M,R,B,NL,882,,A,Netherlands - Real - Broad (64 economies),2021-02,100.47,A,F,
M,R,B,NL,882,,A,Netherlands - Real - Broad (64 economies),2021-03,100.28,A,F,
M,R,B,NL,882,,A,Netherlands - Real - Broad (64 economies),2021-04,100.7,A,F,
M,R,B,NL,882,,A,Netherlands - Real - Broad (64 economies),2021-05,100.79,A,F,
M,R,B,NL,882,,A,Netherlands - Real - Broad (64 economies),2021-06,100.34,A,F,
M,R,B,NL,882,,A,Netherlands - Real - Broad (64 economies),2021-07,100.1,A,F,
M,R,B,NL,882,,A,Netherlands - Real - Broad (64 economies),2021-08,100.04,A,F,
M,R,B,NL,882,,A,Netherlands - Real - Broad (64 economies),2021-09,99.8,A,F,
M,R,B,NL,882,,A,Netherlands - Real - Broad (64 economies),2021-10,99.8,A,F,
M,R,B,NL,882,,A,Netherlands - Real - Broad (64 economies),2021-11,99.71,A,F,
M,R,B,NL,882,,A,Netherlands - Real - Broad (64 economies),2021-12,100.01,A,F,
M,R,B,NL,882,,A,Netherlands - Real - Broad (64 economies),2022-01,99.47,A,F,
M,R,B,NL,882,,A,Netherlands - Real - Broad (64 economies),2022-02,99.38,A,F,
M,R,B,NL,882,,A,Netherlands - Real - Broad (64 economies),2022-03,101.16,A,F,
M,R,B,NL,882,,A,Netherlands - Real - Broad (64 economies),2022-04,99.99,A,F,
M,R,B,NL,882,,A,Netherlands - Real - Broad (64 economies),2022-05,98.69,A,F,
M,R,B,NL,882,,A,Netherlands - Real - Broad (64 economies),2022-06,98.18,A,F,
M,R,B,NL,882,,A,Netherlands - Real - Broad (64 economies),2022-07,98.7,A,F,
M,R,B,NL,882,,A,Netherlands - Real - Broad (64 economies),2022-08,100.06,A,F,
M,R,B,NL,882,,A,Netherlands - Real - Broad (64 economies),2022-09,101.85,A,F,
M,R,B,NL,882,,A,Netherlands - Real - Broad (64 economies),2022-10,102.55,A,F,
M,R,B,NL,882,,A,Netherlands - Real - Broad (64 economies),2022-11,100.19,A,F,
M,R,B,NL,882,,A,Netherlands - Real - Broad (64 economies),2022-12,101.47,A,F,
M,R,B,NL,882,,A,Netherlands - Real - Broad (64 economies),2023-01,99.55,A,F,
M,R,B,NL,882,,A,Netherlands - Real - Broad (64 economies),2023-02,100.08,A,F,
M,R,B,NL,882,,A,Netherlands - Real - Broad (64 economies),2023-03,100.09,A,F,
M,R,B,NL,882,,A,Netherlands - Real - Broad (64 economies),2023-04,101.71,A,F,
M,R,B,NL,882,,A,Netherlands - Real - Broad (64 economies),2023-05,101.73,A,F,
M,R,B,NL,882,,A,Netherlands - Real - Broad (64 economies),2023-06,101.61,A,F,
M,R,B,NL,882,,A,Netherlands - Real - Broad (64 economies),2023-07,103.2,A,F,
M,R,B,NL,882,,A,Netherlands - Real - Broad (64 economies),2023-08,103.14,A,F,
M,R,B,NL,882,,A,Netherlands - Real - Broad (64 economies),2023-09,102.12,A,F,
M,R,B,NL,882,,A,Netherlands - Real - Broad (64 economies),2023-10,102.19,A,F,
M,R,B,NL,882,,A,Netherlands - Real - Broad (64 economies),2023-11,101.72,A,F,
M,R,B,NL,882,,A,Netherlands - Real - Broad (64 economies),2023-12,101.55,A,F,
M,R,B,NL,882,,A,Netherlands - Real - Broad (64 economies),2024-01,102.05,A,F,
M,R,B,NL,882,,A,Netherlands - Real - Broad (64 economies),2024-02,101.8,A,F,
M,R,B,NL,882,,A,Netherlands - Real - Broad (64 economies),2024-03,102.45,A,F,
M,R,B,NL,882,,A,Netherlands - Real - Broad (64 economies),2024-04,102.71,A,F,
M,R,B,NL,882,,A,Netherlands - Real - Broad (64 economies),2024-05,102.94,A,F,
M,R,B,NL,882,,A,Netherlands - Real - Broad (64 economies),2024-06,102.86,A,F,
M,R,B,NL,882,,A,Netherlands - Real - Broad (64 economies),2024-07,104.33,A,F,
M,R,B,NL,882,,A,Netherlands - Real - Broad (64 economies),2024-08,104.54,A,F,
M,R,B,NL,882,,A,Netherlands - Real - Broad (64 economies),2024-09,104,A,F,
M,R,B,NL,882,,A,Netherlands - Real - Broad (64 economies),2024-10,103.8,A,F,
M,R,B,NL,882,,A,Netherlands - Real - Broad (64 economies),2024-11,102.83,A,F,
M,R,B,NL,882,,A,Netherlands - Real - Broad (64 economies),2024-12,102.26,A,F,
M,R,B,NL,882,,A,Netherlands - Real - Broad (64 economies),2025-01,101.38,A,F,
M,R,B,NL,882,,A,Netherlands - Real - Broad (64 economies),2025-02,101.92,A,F,
M,R,B,NL,882,,A,Netherlands - Real - Broad (64 economies),2025-03,103.58,A,F,
M,R,B,NL,882,,A,Netherlands - Real - Broad (64 economies),2025-04,106.12,A,F,
M,R,B,NL,882,,A,Netherlands - Real - Broad (64 economies),2025-05,105,A,F,
M,R,B,NL,882,,A,Netherlands - Real - Broad (64 economies),2025-06,105.44,A,F,
M,R,B,NL,882,,A,Netherlands - Real - Broad (64 economies),2025-07,107.23,A,F,
M,R,B,NL,882,,A,Netherlands - Real - Broad (64 economies),2025-08,107.27,A,F,
M,R,B,NL,882,,A,Netherlands - Real - Broad (64 economies),2025-09,107.37,A,F,
M,R,B,NL,882,,A,Netherlands - Real - Broad (64 economies),2025-10,107.31,A,F,
M,R,B,NL,882,,A,Netherlands - Real - Broad (64 economies),2025-11,106.31,A,F,
M,R,B,NL,882,,A,Netherlands - Real - Broad (64 economies),2025-12,106.72,A,F,
M,R,B,NL,882,,A,Netherlands - Real - Broad (64 economies),2026-01,105.62,A,F,
M,R,B,NL,882,,A,Netherlands - Real - Broad (64 economies),2026-02,106.03,A,F,
M,R,B,NL,882,,A,Netherlands - Real - Broad (64 economies),2026-03,105.63,A,F,
M,R,B,NL,882,,A,Netherlands - Real - Broad (64 economies),2026-04,106.43,A,F,
M,R,B,NL,882,,A,Netherlands - Real - Broad (64 economies),2026-05,106.17,A,F,
M,R,B,NL,882,,A,Netherlands - Real - Broad (64 economies),2026-06,105.27,A,F,
M,R,B,NL,882,,A,Netherlands - Real - Broad (64 economies),2026-07,106.41,A,F,
M,R,B,NL,882,,A,Netherlands - Real - Broad (64 economies),2026-08,106.77,A,F,
