FREQ,BORROWERS_CTY,TC_BORROWERS,TC_LENDERS,VALUATION,UNIT_TYPE,TC_ADJUST,COLLECTION,DECIMALS,UNIT_MULT,UNIT_MEASURE,TITLE_TS,TIME_PERIOD,OBS_VALUE,OBS_STATUS,OBS_PRE_BREAK,OBS_CONF
Q,TR,G,A,M,770,A,E,1,0,367,Türkiye - Credit to General government from All sectors at Market value - Percentage of GDP - Adjusted for breaks,2001-Q1,35.3,A,,F
Q,TR,G,A,M,770,A,E,1,0,367,Türkiye - Credit to General government from All sectors at Market value - Percentage of GDP - Adjusted for breaks,2001-Q2,60.3,A,,F
Q,TR,G,A,M,770,A,E,1,0,367,Türkiye - Credit to General government from All sectors at Market value - Percentage of GDP - Adjusted for breaks,2001-Q3,73.8,A,,F
Q,TR,G,A,M,770,A,E,1,0,367,Türkiye - Credit to General government from All sectors at Market value - Percentage of GDP - Adjusted for breaks,2001-Q4,76.8,A,,F
Q,TR,G,A,M,770,A,E,1,0,367,Türkiye - Credit to General government from All sectors at Market value - Percentage of GDP - Adjusted for breaks,2002-Q1,69.9,A,,F
Q,TR,G,A,M,770,A,E,1,0,367,Türkiye - Credit to General government from All sectors at Market value - Percentage of GDP - Adjusted for breaks,2002-Q2,72.5,A,,F
Q,TR,G,A,M,770,A,E,1,0,367,Türkiye - Credit to General government from All sectors at Market value - Percentage of GDP - Adjusted for breaks,2002-Q3,73.4,A,,F
Q,TR,G,A,M,770,A,E,1,0,367,Türkiye - Credit to General government from All sectors at Market value - Percentage of GDP - Adjusted for breaks,2002-Q4,72.4,A,,F
Q,TR,G,A,M,770,A,E,1,0,367,Türkiye - Credit to General government from All sectors at Market value - Percentage of GDP - Adjusted for breaks,2003-Q1,70.5,A,,F
Q,TR,G,A,M,770,A,E,1,0,367,Türkiye - Credit to General government from All sectors at Market value - Percentage of GDP - Adjusted for breaks,2003-Q2,65.2,A,,F
Q,TR,G,A,M,770,A,E,1,0,367,Türkiye - Credit to General government from All sectors at Market value - Percentage of GDP - Adjusted for breaks,2003-Q3,62.2,A,,F
Q,TR,G,A,M,770,A,E,1,0,367,Türkiye - Credit to General government from All sectors at Market value - Percentage of GDP - Adjusted for breaks,2003-Q4,64.7,A,,F
Q,TR,G,A,M,770,A,E,1,0,367,Türkiye - Credit to General government from All sectors at Market value - Percentage of GDP - Adjusted for breaks,2004-Q1,60.8,A,,F
Q,TR,G,A,M,770,A,E,1,0,367,Türkiye - Credit to General government from All sectors at Market value - Percentage of GDP - Adjusted for breaks,2004-Q2,60.9,A,,F
Q,TR,G,A,M,770,A,E,1,0,367,Türkiye - Credit to General government from All sectors at Market value - Percentage of GDP - Adjusted for breaks,2004-Q3,60.5,A,,F
Q,TR,G,A,M,770,A,E,1,0,367,Türkiye - Credit to General government from All sectors at Market value - Percentage of GDP - Adjusted for breaks,2004-Q4,58,A,,F
Q,TR,G,A,M,770,A,E,1,0,367,Türkiye - Credit to General government from All sectors at Market value - Percentage of GDP - Adjusted for breaks,2005-Q1,56.4,A,,F
Q,TR,G,A,M,770,A,E,1,0,367,Türkiye - Credit to General government from All sectors at Market value - Percentage of GDP - Adjusted for breaks,2005-Q2,53.3,A,,F
Q,TR,G,A,M,770,A,E,1,0,367,Türkiye - Credit to General government from All sectors at Market value - Percentage of GDP - Adjusted for breaks,2005-Q3,52.3,A,,F
Q,TR,G,A,M,770,A,E,1,0,367,Türkiye - Credit to General government from All sectors at Market value - Percentage of GDP - Adjusted for breaks,2005-Q4,51,A,,F
Q,TR,G,A,M,770,A,E,1,0,367,Türkiye - Credit to General government from All sectors at Market value - Percentage of GDP - Adjusted for breaks,2006-Q1,49.5,A,,F
Q,TR,G,A,M,770,A,E,1,0,367,Türkiye - Credit to General government from All sectors at Market value - Percentage of GDP - Adjusted for breaks,2006-Q2,49.4,A,,F
Q,TR,G,A,M,770,A,E,1,0,367,Türkiye - Credit to General government from All sectors at Market value - Percentage of GDP - Adjusted for breaks,2006-Q3,46.9,A,,F
Q,TR,G,A,M,770,A,E,1,0,367,Türkiye - Credit to General government from All sectors at Market value - Percentage of GDP - Adjusted for breaks,2006-Q4,44.9,A,,F
Q,TR,G,A,M,770,A,E,1,0,367,Türkiye - Credit to General government from All sectors at Market value - Percentage of GDP - Adjusted for breaks,2007-Q1,44.4,A,,F
Q,TR,G,A,M,770,A,E,1,0,367,Türkiye - Credit to General government from All sectors at Market value - Percentage of GDP - Adjusted for breaks,2007-Q2,41.2,A,,F
Q,TR,G,A,M,770,A,E,1,0,367,Türkiye - Credit to General government from All sectors at Market value - Percentage of GDP - Adjusted for breaks,2007-Q3,39.9,A,,F
Q,TR,G,A,M,770,A,E,1,0,367,Türkiye - Credit to General government from All sectors at Market value - Percentage of GDP - Adjusted for breaks,2007-Q4,37.7,A,,F
Q,TR,G,A,M,770,A,E,1,0,367,Türkiye - Credit to General government from All sectors at Market value - Percentage of GDP - Adjusted for breaks,2008-Q1,38.6,A,,F
Q,TR,G,A,M,770,A,E,1,0,367,Türkiye - Credit to General government from All sectors at Market value - Percentage of GDP - Adjusted for breaks,2008-Q2,36.6,A,,F
Q,TR,G,A,M,770,A,E,1,0,367,Türkiye - Credit to General government from All sectors at Market value - Percentage of GDP - Adjusted for breaks,2008-Q3,35.7,A,,F
Q,TR,G,A,M,770,A,E,1,0,367,Türkiye - Credit to General government from All sectors at Market value - Percentage of GDP - Adjusted for breaks,2008-Q4,37.5,A,,F
Q,TR,G,A,M,770,A,E,1,0,367,Türkiye - Credit to General government from All sectors at Market value - Percentage of GDP - Adjusted for breaks,2009-Q1,40.7,A,,F
Q,TR,G,A,M,770,A,E,1,0,367,Türkiye - Credit to General government from All sectors at Market value - Percentage of GDP - Adjusted for breaks,2009-Q2,40.9,A,,F
Q,TR,G,A,M,770,A,E,1,0,367,Türkiye - Credit to General government from All sectors at Market value - Percentage of GDP - Adjusted for breaks,2009-Q3,42.6,A,,F
Q,TR,G,A,M,770,A,E,1,0,367,Türkiye - Credit to General government from All sectors at Market value - Percentage of GDP - Adjusted for breaks,2009-Q4,43.1,A,,F
Q,TR,G,A,M,770,A,E,1,0,367,Türkiye - Credit to General government from All sectors at Market value - Percentage of GDP - Adjusted for breaks,2010-Q1,42.6,A,,F
Q,TR,G,A,M,770,A,E,1,0,367,Türkiye - Credit to General government from All sectors at Market value - Percentage of GDP - Adjusted for breaks,2010-Q2,41.6,A,,F
Q,TR,G,A,M,770,A,E,1,0,367,Türkiye - Credit to General government from All sectors at Market value - Percentage of GDP - Adjusted for breaks,2010-Q3,41,A,,F
Q,TR,G,A,M,770,A,E,1,0,367,Türkiye - Credit to General government from All sectors at Market value - Percentage of GDP - Adjusted for breaks,2010-Q4,42.4,A,,F
Q,TR,G,A,M,770,A,E,1,0,367,Türkiye - Credit to General government from All sectors at Market value - Percentage of GDP - Adjusted for breaks,2011-Q1,39.5,A,,F
Q,TR,G,A,M,770,A,E,1,0,367,Türkiye - Credit to General government from All sectors at Market value - Percentage of GDP - Adjusted for breaks,2011-Q2,37.7,A,,F
Q,TR,G,A,M,770,A,E,1,0,367,Türkiye - Credit to General government from All sectors at Market value - Percentage of GDP - Adjusted for breaks,2011-Q3,37.2,A,,F
Q,TR,G,A,M,770,A,E,1,0,367,Türkiye - Credit to General government from All sectors at Market value - Percentage of GDP - Adjusted for breaks,2011-Q4,36.4,A,,F
Q,TR,G,A,M,770,A,E,1,0,367,Türkiye - Credit to General government from All sectors at Market value - Percentage of GDP - Adjusted for breaks,2012-Q1,34.6,A,,F
Q,TR,G,A,M,770,A,E,1,0,367,Türkiye - Credit to General government from All sectors at Market value - Percentage of GDP - Adjusted for breaks,2012-Q2,33.9,A,,F
Q,TR,G,A,M,770,A,E,1,0,367,Türkiye - Credit to General government from All sectors at Market value - Percentage of GDP - Adjusted for breaks,2012-Q3,34.2,A,,F
Q,TR,G,A,M,770,A,E,1,0,367,Türkiye - Credit to General government from All sectors at Market value - Percentage of GDP - Adjusted for breaks,2012-Q4,35.4,A,,F
Q,TR,G,A,M,770,A,E,1,0,367,Türkiye - Credit to General government from All sectors at Market value - Percentage of GDP - Adjusted for breaks,2013-Q1,32.4,A,,F
Q,TR,G,A,M,770,A,E,1,0,367,Türkiye - Credit to General government from All sectors at Market value - Percentage of GDP - Adjusted for breaks,2013-Q2,31.3,A,,F
Q,TR,G,A,M,770,A,E,1,0,367,Türkiye - Credit to General government from All sectors at Market value - Percentage of GDP - Adjusted for breaks,2013-Q3,31.1,A,,F
Q,TR,G,A,M,770,A,E,1,0,367,Türkiye - Credit to General government from All sectors at Market value - Percentage of GDP - Adjusted for breaks,2013-Q4,31.2,A,,F
Q,TR,G,A,M,770,A,E,1,0,367,Türkiye - Credit to General government from All sectors at Market value - Percentage of GDP - Adjusted for breaks,2014-Q1,30.3,A,,F
Q,TR,G,A,M,770,A,E,1,0,367,Türkiye - Credit to General government from All sectors at Market value - Percentage of GDP - Adjusted for breaks,2014-Q2,29.2,A,,F
Q,TR,G,A,M,770,A,E,1,0,367,Türkiye - Credit to General government from All sectors at Market value - Percentage of GDP - Adjusted for breaks,2014-Q3,29.5,A,,F
Q,TR,G,A,M,770,A,E,1,0,367,Türkiye - Credit to General government from All sectors at Market value - Percentage of GDP - Adjusted for breaks,2014-Q4,30.4,A,,F
Q,TR,G,A,M,770,A,E,1,0,367,Türkiye - Credit to General government from All sectors at Market value - Percentage of GDP - Adjusted for breaks,2015-Q1,30.7,A,,F
Q,TR,G,A,M,770,A,E,1,0,367,Türkiye - Credit to General government from All sectors at Market value - Percentage of GDP - Adjusted for breaks,2015-Q2,30.3,A,,F
Q,TR,G,A,M,770,A,E,1,0,367,Türkiye - Credit to General government from All sectors at Market value - Percentage of GDP - Adjusted for breaks,2015-Q3,30.9,A,,F
Q,TR,G,A,M,770,A,E,1,0,367,Türkiye - Credit to General government from All sectors at Market value - Percentage of GDP - Adjusted for breaks,2015-Q4,27.9,A,,F
Q,TR,G,A,M,770,A,E,1,0,367,Türkiye - Credit to General government from All sectors at Market value - Percentage of GDP - Adjusted for breaks,2016-Q1,27.6,A,,F
Q,TR,G,A,M,770,A,E,1,0,367,Türkiye - Credit to General government from All sectors at Market value - Percentage of GDP - Adjusted for breaks,2016-Q2,28.1,A,,F
Q,TR,G,A,M,770,A,E,1,0,367,Türkiye - Credit to General government from All sectors at Market value - Percentage of GDP - Adjusted for breaks,2016-Q3,28.1,A,,F
Q,TR,G,A,M,770,A,E,1,0,367,Türkiye - Credit to General government from All sectors at Market value - Percentage of GDP - Adjusted for breaks,2016-Q4,28.2,A,,F
Q,TR,G,A,M,770,A,E,1,0,367,Türkiye - Credit to General government from All sectors at Market value - Percentage of GDP - Adjusted for breaks,2017-Q1,28.9,A,,F
Q,TR,G,A,M,770,A,E,1,0,367,Türkiye - Credit to General government from All sectors at Market value - Percentage of GDP - Adjusted for breaks,2017-Q2,28.9,A,,F
Q,TR,G,A,M,770,A,E,1,0,367,Türkiye - Credit to General government from All sectors at Market value - Percentage of GDP - Adjusted for breaks,2017-Q3,28.2,A,,F
Q,TR,G,A,M,770,A,E,1,0,367,Türkiye - Credit to General government from All sectors at Market value - Percentage of GDP - Adjusted for breaks,2017-Q4,28.3,A,,F
Q,TR,G,A,M,770,A,E,1,0,367,Türkiye - Credit to General government from All sectors at Market value - Percentage of GDP - Adjusted for breaks,2018-Q1,27.8,A,,F
Q,TR,G,A,M,770,A,E,1,0,367,Türkiye - Credit to General government from All sectors at Market value - Percentage of GDP - Adjusted for breaks,2018-Q2,27.2,A,,F
Q,TR,G,A,M,770,A,E,1,0,367,Türkiye - Credit to General government from All sectors at Market value - Percentage of GDP - Adjusted for breaks,2018-Q3,29.5,A,,F
Q,TR,G,A,M,770,A,E,1,0,367,Türkiye - Credit to General government from All sectors at Market value - Percentage of GDP - Adjusted for breaks,2018-Q4,28.7,A,,F
Q,TR,G,A,M,770,A,E,1,0,367,Türkiye - Credit to General government from All sectors at Market value - Percentage of GDP - Adjusted for breaks,2019-Q1,29.1,A,,F
Q,TR,G,A,M,770,A,E,1,0,367,Türkiye - Credit to General government from All sectors at Market value - Percentage of GDP - Adjusted for breaks,2019-Q2,28.7,A,,F
Q,TR,G,A,M,770,A,E,1,0,367,Türkiye - Credit to General government from All sectors at Market value - Percentage of GDP - Adjusted for breaks,2019-Q3,29.3,A,,F
Q,TR,G,A,M,770,A,E,1,0,367,Türkiye - Credit to General government from All sectors at Market value - Percentage of GDP - Adjusted for breaks,2019-Q4,31.1,A,,F
Q,TR,G,A,M,770,A,E,1,0,367,Türkiye - Credit to General government from All sectors at Market value - Percentage of GDP - Adjusted for breaks,2020-Q1,32.7,A,,F
Q,TR,G,A,M,770,A,E,1,0,367,Türkiye - Credit to General government from All sectors at Market value - Percentage of GDP - Adjusted for breaks,2020-Q2,38.6,A,,F
Q,TR,G,A,M,770,A,E,1,0,367,Türkiye - Credit to General government from All sectors at Market value - Percentage of GDP - Adjusted for breaks,2020-Q3,41.1,A,,F
Q,TR,G,A,M,770,A,E,1,0,367,Türkiye - Credit to General government from All sectors at Market value - Percentage of GDP - Adjusted for breaks,2020-Q4,39.4,A,,F
Q,TR,G,A,M,770,A,E,1,0,367,Türkiye - Credit to General government from All sectors at Market value - Percentage of GDP - Adjusted for breaks,2021-Q1,37.5,A,,F
Q,TR,G,A,M,770,A,E,1,0,367,Türkiye - Credit to General government from All sectors at Market value - Percentage of GDP - Adjusted for breaks,2021-Q2,36.3,A,,F
Q,TR,G,A,M,770,A,E,1,0,367,Türkiye - Credit to General government from All sectors at Market value - Percentage of GDP - Adjusted for breaks,2021-Q3,34.4,A,,F
Q,TR,G,A,M,770,A,E,1,0,367,Türkiye - Credit to General government from All sectors at Market value - Percentage of GDP - Adjusted for breaks,2021-Q4,38.1,A,,F
Q,TR,G,A,M,770,A,E,1,0,367,Türkiye - Credit to General government from All sectors at Market value - Percentage of GDP - Adjusted for breaks,2022-Q1,39.6,A,,F
Q,TR,G,A,M,770,A,E,1,0,367,Türkiye - Credit to General government from All sectors at Market value - Percentage of GDP - Adjusted for breaks,2022-Q2,35.8,A,,F
Q,TR,G,A,M,770,A,E,1,0,367,Türkiye - Credit to General government from All sectors at Market value - Percentage of GDP - Adjusted for breaks,2022-Q3,33.1,A,,F
Q,TR,G,A,M,770,A,E,1,0,367,Türkiye - Credit to General government from All sectors at Market value - Percentage of GDP - Adjusted for breaks,2022-Q4,32,A,,F
Q,TR,G,A,M,770,A,E,1,0,367,Türkiye - Credit to General government from All sectors at Market value - Percentage of GDP - Adjusted for breaks,2023-Q1,30.7,A,,F
Q,TR,G,A,M,770,A,E,1,0,367,Türkiye - Credit to General government from All sectors at Market value - Percentage of GDP - Adjusted for breaks,2023-Q2,31.3,A,,F
Q,TR,G,A,M,770,A,E,1,0,367,Türkiye - Credit to General government from All sectors at Market value - Percentage of GDP - Adjusted for breaks,2023-Q3,28.8,A,,F
Q,TR,G,A,M,770,A,E,1,0,367,Türkiye - Credit to General government from All sectors at Market value - Percentage of GDP - Adjusted for breaks,2023-Q4,28.1,A,,F
Q,TR,G,A,M,770,A,E,1,0,367,Türkiye - Credit to General government from All sectors at Market value - Percentage of GDP - Adjusted for breaks,2024-Q1,26.4,A,,F
Q,TR,G,A,M,770,A,E,1,0,367,Türkiye - Credit to General government from All sectors at Market value - Percentage of GDP - Adjusted for breaks,2024-Q2,24.2,A,,F
Q,TR,G,A,M,770,A,E,1,0,367,Türkiye - Credit to General government from All sectors at Market value - Percentage of GDP - Adjusted for breaks,2024-Q3,24,A,,F
Q,TR,G,A,M,770,A,E,1,0,367,Türkiye - Credit to General government from All sectors at Market value - Percentage of GDP - Adjusted for breaks,2024-Q4,23,A,,F
Q,TR,G,A,M,770,A,E,1,0,367,Türkiye - Credit to General government from All sectors at Market value - Percentage of GDP - Adjusted for breaks,2025-Q1,23,A,,F
Q,TR,G,A,M,770,A,E,1,0,367,Türkiye - Credit to General government from All sectors at Market value - Percentage of GDP - Adjusted for breaks,2025-Q2,23.4,A,,F
Q,TR,G,A,M,770,A,E,1,0,367,Türkiye - Credit to General government from All sectors at Market value - Percentage of GDP - Adjusted for breaks,2025-Q3,24.3,A,,F
Q,TR,G,A,M,770,A,E,1,0,367,Türkiye - Credit to General government from All sectors at Market value - Percentage of GDP - Adjusted for breaks,2025-Q4,24.2,A,,F
Q,TR,G,A,M,770,A,E,1,0,367,Türkiye - Credit to General government from All sectors at Market value - Percentage of GDP - Adjusted for breaks,2026-Q1,22.8,A,,F
